rank,ticker,name,sector,daily_strategy,daily_universe,daily_rank,calibrated_score,daily_setup_score,h4_timing_score,cat_mid_score,risk_score,4h_signal_score,4h_technical_score,early_signal_score,daily_ema_score,daily_ema_state,daily_macd_score,daily_macd_state,cat_score,prism_score,overheat_penalty,ema_score,ema_state,macd_score,macd_state,rsi14,latest_price,volume_ratio,return_3_blocks,return_1w,return_1m,return_60_blocks,reasons,risks
1,MSFT,Microsoft,Information Technology,Early,Nasdaq 200,30,88.41,74.45,87.7,67.16,51.96,70.24,68.6,61.53,82.0,early_transition,49.8,bullish_below_zero_proxy,55.9,51.43,0.0,76,early_transition,78,bullish_above_signal,60.38,402.290009,0.7,0.01933311,0.02892730,0.06181544,-0.06024570,4H EMA9 已站上 EMA26，等待 26/50 确认；4H MACD 位于 Signal 上方；4H MACD 柱体连续扩张；4H RSI 位于健康强势区间,
2,ULTA,Ulta Beauty,Consumer Discretionary,Early,Nasdaq 200,4,85.64,73.05,87.7,51.96,51.96,72.55,69.5,67.39,100.0,fresh_bullish_cross,49.8,bullish_below_zero_proxy,57.96,50.34,0.0,76,early_transition,78,bullish_above_signal,66.76,488.079987,1.19,0.01221507,0.03109684,0.08288957,0.05562766,4H EMA9 已站上 EMA26，等待 26/50 确认；4H MACD 位于 Signal 上方；4H MACD 柱体连续扩张；4H RSI 位于健康强势区间,
3,SSNC,"SS&C Technologies Holdings, Inc. - Common Stock",,Early,Nasdaq 200,14,80.39,75.94,75.1,83.82,51.96,80.11,77.9,64.17,85.0,early_transition,61.8,bullish_above_signal_proxy,54.01,46.8,0.0,100,confirmed_bullish_trend,70,bullish_above_signal,61.0,69.510002,1.98,-0.00143656,0.02040515,0.04731051,0.00180154,4H EMA 多头排列已连续维持；4H MACD 位于 Signal 上方；4H RSI 位于健康强势区间,
4,SNY,Sanofi - American Depositary Shares,,Early,Nasdaq 200,32,78.37,73.75,75.1,75.49,51.96,78.61,77.9,61.44,85.0,early_transition,49.8,bullish_below_zero_proxy,54.81,46.96,0.0,100,confirmed_bullish_trend,70,bullish_above_signal,54.93,43.98,1.22,-0.00045455,-0.00045455,0.03458015,-0.00912466,4H EMA 多头排列已连续维持；4H MACD 位于 Signal 上方；4H RSI 位于健康强势区间,
5,PLTR,Palantir Technologies,Information Technology,Early,Nasdaq 200,39,77.23,74.02,65.2,93.63,51.96,60.79,58.1,60.29,82.0,early_transition,49.8,bullish_below_zero_proxy,52.12,50.67,0.0,58,mixed_sideways,70,bullish_above_signal,58.26,134.850006,0.56,0.00312361,0.03690890,0.03206798,-0.04830799,4H MACD 位于 Signal 上方；4H RSI 位于健康强势区间,4H EMA 仍偏震荡
6,TMUS,T-Mobile US,Communication Services,Early,Nasdaq 200,11,77.01,76.57,75.1,59.8,51.96,77.01,74.45,64.58,82.0,early_transition,61.8,bullish_above_signal_proxy,56.59,50.32,0.0,89,confirmed_bullish_trend,78,bullish_above_signal,67.01,195.639999,0.93,0.02789890,0.03705277,0.08028709,0.10499856,4H EMA 多头排列已连续维持；4H MACD 位于 Signal 上方；4H MACD 柱体连续扩张；4H RSI 位于健康强势区间,4H 相对 EMA26 超过 2 ATR，短线偏追高
7,IDXX,Idexx Laboratories,Health Care,Early,Nasdaq 200,16,76.91,76.67,65.2,85.29,51.96,61.57,57.3,63.97,82.0,early_transition,61.8,bullish_above_signal_proxy,53.75,52.0,0.0,58,mixed_sideways,70,bullish_above_signal,52.04,563.809998,0.51,0.00207945,-0.00028366,0.03260011,-0.00219448,4H MACD 位于 Signal 上方；4H RSI 位于健康强势区间,4H EMA 仍偏震荡
8,FANG,Diamondback Energy,Energy,Early,Nasdaq 200,36,75.8,74.14,65.2,83.82,51.96,55.93,52.7,60.84,82.0,early_transition,49.8,bullish_below_zero_proxy,54.01,50.55,0.0,46,mixed_sideways,70,bullish_above_signal,64.88,195.380005,0.77,0.01128369,0.01975523,0.05320473,-0.03729979,4H MACD 位于 Signal 上方；4H RSI 位于健康强势区间,4H EMA 仍偏震荡；4H 相对 EMA26 超过 2 ATR，短线偏追高
9,VRSN,Verisign,Information Technology,Early,Nasdaq 200,34,75.18,74.27,65.2,79.41,51.96,60.79,58.1,61.01,82.0,early_transition,49.8,bullish_below_zero_proxy,54.31,51.11,0.0,58,mixed_sideways,70,bullish_above_signal,65.79,277.609985,0.9,0.00519597,0.02700598,0.04774303,-0.05526636,4H MACD 位于 Signal 上方；4H RSI 位于健康强势区间,4H EMA 仍偏震荡
10,DPZ,Domino's,Consumer Discretionary,Early,Nasdaq 200,19,74.6,74.74,75.1,48.04,51.96,80.11,77.9,63.23,85.0,early_transition,49.8,bullish_below_zero_proxy,58.99,50.55,0.0,100,confirmed_bullish_trend,70,bullish_above_signal,65.2,328.970001,1.58,0.02132876,0.06146743,0.04677511,0.06954293,4H EMA 多头排列已连续维持；4H MACD 位于 Signal 上方；4H RSI 位于健康强势区间,
11,EBAY,eBay Inc.,Consumer Discretionary,Early,Nasdaq 200,59,72.93,55.16,79.6,70.59,51.96,66.04,65.6,51.99,72.0,confirmed_bullish_trend,25.0,bearish_proxy,55.54,49.86,0.0,88,fresh_bullish_cross,50,mixed_or_bearish,55.27,114.190002,0.98,0.02348303,-0.00790613,0.05844186,0.04607913,4H EMA9/26 最近金叉且价格在 EMA50 上方；4H MACD 柱体连续扩张；4H RSI 位于健康强势区间,4H MACD 尚未确认多头
12,PODD,Insulet Corporation,Health Care,Early,Nasdaq 200,1,70.39,78.69,75.1,10.78,51.96,82.27,80.3,70.13,85.0,early_transition,61.8,bullish_above_signal_proxy,69.67,55.18,0.0,100,confirmed_bullish_trend,78,bullish_above_signal,62.38,167.369995,1.48,0.02674683,0.03231968,0.16626020,0.14339383,4H EMA 多头排列已连续维持；4H MACD 位于 Signal 上方；4H MACD 柱体连续扩张；4H RSI 位于健康强势区间,
13,CASY,Casey's,Consumer Staples,Early,Nasdaq 200,41,70.03,61.6,75.1,88.24,51.96,79.96,79.4,59.15,72.0,confirmed_bullish_trend,61.8,bullish_above_signal_proxy,48.9,49.53,0.0,100,confirmed_bullish_trend,78,bullish_above_signal,62.04,866.460022,0.58,0.01267513,0.00855541,0.01833443,0.13804250,4H EMA 多头排列已连续维持；4H MACD 位于 Signal 上方；4H MACD 柱体连续扩张；4H RSI 位于健康强势区间,
14,GILD,Gilead Sciences,Health Care,Early,Nasdaq 200,12,69.3,76.87,50.8,72.55,51.96,50.95,45.5,64.54,82.0,early_transition,61.8,bullish_above_signal_proxy,55.45,52.34,0.0,58,mixed_sideways,28,fresh_bearish_cross,54.3,133.210007,0.58,-0.01245453,0.01369761,0.06168810,0.03095735,4H RSI 位于健康强势区间,4H EMA 仍偏震荡；4H MACD 最近死叉
15,AMZN,Amazon,Consumer Discretionary,Early,Nasdaq 200,35,69.04,74.02,50.8,77.45,51.96,48.23,44.15,60.88,82.0,early_transition,49.8,bullish_below_zero_proxy,54.61,49.67,0.0,55,mixed_sideways,28,fresh_bearish_cross,54.64,249.990005,0.59,0.00494457,0.01059146,0.05285547,-0.01543854,4H RSI 位于健康强势区间,4H EMA 仍偏震荡；4H MACD 最近死叉
16,ADBE,Adobe Inc.,Information Technology,Early,Nasdaq 200,6,68.98,76.33,75.1,6.86,51.96,79.3,77.0,67.06,82.0,early_transition,49.8,bullish_below_zero_proxy,72.63,54.78,0.0,100,confirmed_bullish_trend,70,bullish_above_signal,62.54,234.740005,0.67,-0.01611586,0.01755604,0.19600550,-0.09166888,4H EMA 多头排列已连续维持；4H MACD 位于 Signal 上方；4H RSI 位于健康强势区间,
17,ADSK,Autodesk,Information Technology,Early,Nasdaq 200,13,67.63,75.39,65.2,26.47,51.96,62.29,58.1,64.31,82.0,early_transition,49.8,bullish_below_zero_proxy,64.31,53.11,0.0,58,mixed_sideways,70,bullish_above_signal,63.32,217.800003,0.93,-0.00137553,0.02622094,0.12797145,-0.06739741,4H MACD 位于 Signal 上方；4H RSI 位于健康强势区间,4H EMA 仍偏震荡
18,TEAM,Atlassian Corporation  - Class A Common Stock,,Early,Nasdaq 200,37,67.54,61.64,75.1,71.57,51.96,79.96,79.4,60.77,72.0,confirmed_bullish_trend,61.8,bullish_above_signal_proxy,55.53,47.11,0.0,100,confirmed_bullish_trend,78,bullish_above_signal,63.44,96.43,0.91,0.02814798,0.00332951,0.14280639,-0.04976353,4H EMA 多头排列已连续维持；4H MACD 位于 Signal 上方；4H MACD 柱体连续扩张；4H RSI 位于健康强势区间,
19,ROP,Roper Technologies,Information Technology,Early,Nasdaq 200,25,67.05,62.23,82.9,46.08,51.96,81.31,80.9,62.1,72.0,confirmed_bullish_trend,61.8,bullish_above_signal_proxy,59.1,48.82,0.0,100,confirmed_bullish_trend,80,fresh_above_zero_cross,58.13,362.839996,1.22,0.00512481,0.00612814,0.09944854,0.09335266,4H EMA 多头排列已连续维持；4H MACD 零轴上方刚金叉；4H RSI 位于健康强势区间,
20,PDD,PDD Holdings Inc. - American Depositary Shares,,Early,Nasdaq 200,26,66.34,73.95,54.4,50.0,51.96,55.39,52.1,61.77,82.0,early_transition,49.8,bullish_below_zero_proxy,58.54,47.71,0.0,58,mixed_sideways,50,mixed_or_bearish,57.66,86.050003,0.58,0.02094084,0.01750033,0.07751067,0.00209619,4H MACD 柱体连续扩张；4H RSI 位于健康强势区间,4H EMA 仍偏震荡；4H MACD 尚未确认多头
21,REGN,Regeneron Pharmaceuticals,Health Care,Early,Nasdaq 200,8,65.34,77.31,50.8,45.1,51.96,50.95,45.5,65.84,82.0,early_transition,61.8,bullish_above_signal_proxy,59.4,53.13,0.0,58,mixed_sideways,28,fresh_bearish_cross,59.01,672.150024,0.78,-0.00493714,0.01346469,0.10587370,0.06922994,4H RSI 位于健康强势区间,4H EMA 仍偏震荡；4H MACD 最近死叉
22,NWSA,News Corp (Class A),Communication Services,Early,Nasdaq 200,33,65.32,62.0,75.1,55.88,51.96,78.61,77.9,61.44,72.0,confirmed_bullish_trend,61.8,bullish_above_signal_proxy,57.09,48.42,0.0,100,confirmed_bullish_trend,70,bullish_above_signal,64.41,28.290001,1.15,-0.00614787,0.02037876,0.08912420,0.05394539,4H EMA 多头排列已连续维持；4H MACD 位于 Signal 上方；4H RSI 位于健康强势区间,
23,ODFL,Old Dominion,Industrials,Early,Nasdaq 200,38,64.93,61.69,65.2,80.39,51.96,60.79,58.1,60.52,72.0,confirmed_bullish_trend,61.8,bullish_above_signal_proxy,54.29,47.86,0.0,58,mixed_sideways,70,bullish_above_signal,56.47,231.759995,0.92,-0.01235834,-0.00489480,0.06180415,-0.05627497,4H MACD 位于 Signal 上方；4H RSI 位于健康强势区间,4H EMA 仍偏震荡
24,NWS,News Corp (Class B),Communication Services,Early,Nasdaq 200,27,64.91,62.1,75.1,52.94,51.96,73.34,72.05,61.72,72.0,confirmed_bullish_trend,61.8,bullish_above_signal_proxy,57.95,48.59,0.0,89,confirmed_bullish_trend,70,bullish_above_signal,67.1,32.209999,0.61,-0.00525022,0.02546956,0.08854339,0.04662872,4H EMA 多头排列已连续维持；4H MACD 位于 Signal 上方；4H RSI 位于健康强势区间,4H 相对 EMA26 超过 2 ATR，短线偏追高
25,CHKP,Check Point Software Technologies Ltd. - Ordinary Shares,,Early,Nasdaq 200,7,64.78,76.65,54.4,33.33,51.96,54.73,49.7,66.0,82.0,early_transition,61.8,bullish_above_signal_proxy,62.26,48.45,0.0,58,mixed_sideways,42,mixed_or_bearish,52.5,135.729996,0.64,-0.01502182,0.01072308,0.11290585,-0.00509443,4H RSI 位于健康强势区间,4H EMA 仍偏震荡；4H MACD 尚未确认多头
26,MDLZ,Mondelez International,Consumer Staples,Early,Nasdaq 200,66,63.51,44.02,87.7,92.16,51.96,63.34,62.6,45.29,35.0,mixed_sideways,49.8,bullish_below_zero_proxy,49.63,49.68,0.0,76,early_transition,58,bullish_above_signal,52.01,60.27,0.92,-0.00790123,0.00701758,-0.00977577,-0.01180525,4H EMA9 已站上 EMA26，等待 26/50 确认；4H MACD 位于 Signal 上方；4H RSI 位于健康强势区间,
27,DXCM,Dexcom,Health Care,Early,Nasdaq 200,28,63.28,62.66,65.2,67.16,51.96,60.79,58.1,61.68,72.0,confirmed_bullish_trend,61.8,bullish_above_signal_proxy,55.9,52.43,0.0,58,mixed_sideways,70,bullish_above_signal,55.47,75.690002,0.56,-0.00831962,-0.00864435,0.06239033,0.04270569,4H MACD 位于 Signal 上方；4H RSI 位于健康强势区间,4H EMA 仍偏震荡
28,AMGN,Amgen,Health Care,Early,Nasdaq 200,55,63.16,55.71,73.0,61.76,51.96,61.99,61.1,52.58,72.0,confirmed_bullish_trend,25.0,bearish_proxy,56.2,52.49,0.0,58,mixed_sideways,80,fresh_above_zero_cross,52.86,364.170013,1.03,0.00035711,0.01034849,0.06569710,0.05367172,4H MACD 零轴上方刚金叉；4H RSI 位于健康强势区间,4H EMA 仍偏震荡
29,ROST,Ross Stores,Consumer Discretionary,Early,Nasdaq 200,43,62.56,59.09,60.1,84.31,51.96,71.36,69.85,55.88,72.0,confirmed_bullish_trend,49.8,bullish_below_zero_proxy,48.53,48.46,0.0,89,confirmed_bullish_trend,70,bullish_above_signal,74.22,235.779999,1.01,0.01167082,0.07449161,0.01102008,0.01162737,4H EMA 多头排列已连续维持；4H MACD 位于 Signal 上方,4H 相对 EMA26 超过 2 ATR，短线偏追高；4H RSI 偏热
30,KHC,Kraft Heinz,Consumer Staples,Early,Nasdaq 200,18,61.91,63.18,75.1,30.39,51.96,79.3,77.0,63.79,72.0,confirmed_bullish_trend,61.8,bullish_above_signal_proxy,62.95,52.34,0.0,100,confirmed_bullish_trend,70,bullish_above_signal,61.13,25.860001,0.84,0.00038689,0.02517348,0.11427098,0.15138033,4H EMA 多头排列已连续维持；4H MACD 位于 Signal 上方；4H RSI 位于健康强势区间,
31,WDAY,"Workday, Inc.",Information Technology,Early,Nasdaq 200,5,61.79,64.43,82.9,5.88,51.96,84.16,82.4,67.25,72.0,confirmed_bullish_trend,61.8,bullish_above_signal_proxy,73.21,54.89,0.0,100,confirmed_bullish_trend,88,fresh_above_zero_cross,64.23,147.220001,0.57,0.02083698,0.01622148,0.20830602,-0.00466502,4H EMA 多头排列已连续维持；4H MACD 零轴上方刚金叉；4H MACD 柱体连续扩张；4H RSI 位于健康强势区间,
32,JBHT,J.B. Hunt,Industrials,Early,Nasdaq 200,17,61.05,62.82,75.1,25.49,51.96,80.11,77.9,63.84,72.0,confirmed_bullish_trend,61.8,bullish_above_signal_proxy,64.37,49.87,0.0,100,confirmed_bullish_trend,70,bullish_above_signal,56.49,290.609985,1.05,-0.00366843,0.02685409,0.08736801,0.02536861,4H EMA 多头排列已连续维持；4H MACD 位于 Signal 上方；4H RSI 位于健康强势区间,
33,ZG,"Zillow Group, Inc. - Class A Common Stock",,Early,Nasdaq 200,110,59.88,31.14,87.7,98.04,51.96,64.58,66.2,39.08,15.0,bearish_transition,49.8,bullish_below_zero_proxy,50.71,46.14,0.0,76,early_transition,70,bullish_above_signal,50.03,32.84,0.84,-0.01322112,0.02801690,0.01892647,-0.08727071,4H EMA9 已站上 EMA26，等待 26/50 确认；4H MACD 位于 Signal 上方；4H RSI 位于健康强势区间,
34,Z,"Zillow Group, Inc. - Class C Capital Stock",,Early,Nasdaq 200,104,59.63,31.26,87.7,96.08,51.96,65.39,67.1,39.42,15.0,bearish_transition,49.8,bullish_below_zero_proxy,51.72,46.34,0.0,76,early_transition,70,bullish_above_signal,50.66,33.029999,1.37,-0.01314616,0.02641389,0.03283299,-0.08045655,4H EMA9 已站上 EMA26，等待 26/50 确认；4H MACD 位于 Signal 上方；4H RSI 位于健康强势区间,
35,ZM,"Zoom Communications, Inc. - Class A Common Stock",,Early,Nasdaq 200,103,59.5,31.3,87.7,95.1,51.96,63.36,64.85,39.55,15.0,bearish_transition,49.8,bullish_below_zero_proxy,52.11,46.42,0.0,73,early_transition,70,bullish_above_signal,51.86,90.910004,0.85,-0.00203081,-0.01077256,0.04027927,-0.13575433,4H EMA9 已站上 EMA26，等待 26/50 确认；4H MACD 位于 Signal 上方；4H RSI 位于健康强势区间,
36,RPRX,Royalty Pharma plc - Class A Ordinary Shares,,Early,Nasdaq 200,61,59.5,53.76,65.2,62.75,51.96,59.29,58.1,50.51,72.0,confirmed_bullish_trend,20.0,fresh_bearish_cross_proxy,56.1,47.22,0.0,58,mixed_sideways,70,bullish_above_signal,52.85,57.294998,1.03,-0.02260322,0.01478921,0.06734348,0.04078109,4H MACD 位于 Signal 上方；4H RSI 位于健康强势区间,4H EMA 仍偏震荡
37,FISV,Fiserv,Financials,Early,Nasdaq 200,84,58.45,32.43,95.5,64.71,51.96,71.44,71.6,41.37,15.0,bearish_transition,49.8,bullish_below_zero_proxy,55.94,50.94,0.0,76,early_transition,88,fresh_above_zero_cross,54.49,51.68,0.64,0.01392974,0.00967078,0.05966783,-0.08083589,4H EMA9 已站上 EMA26，等待 26/50 确认；4H MACD 零轴上方刚金叉；4H MACD 柱体连续扩张；4H RSI 位于健康强势区间,
38,DOCU,"DocuSign, Inc. - Common Stock",,Early,Nasdaq 200,3,58.36,63.97,75.1,4.9,51.96,80.11,77.9,67.6,72.0,confirmed_bullish_trend,61.8,bullish_above_signal_proxy,76.22,51.24,0.0,100,confirmed_bullish_trend,70,bullish_above_signal,65.15,52.299999,1.14,-0.01003224,0.04851640,0.22783500,0.02659729,4H EMA 多头排列已连续维持；4H MACD 位于 Signal 上方；4H RSI 位于健康强势区间,
39,AKAM,Akamai Technologies,Information Technology,Early,Nasdaq 200,124,58.25,31.0,95.5,66.67,51.96,67.01,68.9,36.98,15.0,bearish_transition,49.8,bullish_below_zero_proxy,42.41,48.73,0.0,68,early_transition,88,fresh_above_zero_cross,52.15,123.129997,1.09,0.01810811,-0.01590478,-0.03669225,-0.22530518,4H EMA9 已站上 EMA26，等待 26/50 确认；4H MACD 零轴上方刚金叉；4H MACD 柱体连续扩张；4H RSI 位于健康强势区间,
40,PCAR,Paccar,Industrials,Early,Nasdaq 200,31,57.81,62.45,50.8,69.61,51.96,49.45,45.5,61.45,72.0,confirmed_bullish_trend,61.8,bullish_above_signal_proxy,55.64,51.38,0.0,58,mixed_sideways,28,fresh_bearish_cross,53.08,124.330002,1.04,-0.01769770,0.00040234,0.05948022,0.05301941,4H RSI 位于健康强势区间,4H EMA 仍偏震荡；4H MACD 最近死叉
41,CMCSA,Comcast,Communication Services,Early,Nasdaq 200,93,56.87,31.77,87.7,76.47,51.96,67.39,67.1,40.53,15.0,bearish_transition,49.8,bullish_below_zero_proxy,54.62,47.92,0.0,76,early_transition,70,bullish_above_signal,52.11,23.780001,1.47,0.00021035,-0.00834024,0.04803878,0.01928851,4H EMA9 已站上 EMA26，等待 26/50 确认；4H MACD 位于 Signal 上方；4H RSI 位于健康强势区间,
42,CCEP,Coca-Cola Europacific Partners plc - Ordinary Shares,,Early,Nasdaq 200,52,56.55,55.17,64.3,42.16,51.96,70.9,71.0,53.12,72.0,confirmed_bullish_trend,25.0,bearish_proxy,60.2,48.04,0.0,100,confirmed_bullish_trend,50,mixed_or_bearish,59.13,106.139999,0.89,0.01891140,0.00113188,0.09253728,0.15306894,4H EMA 多头排列已连续维持；4H MACD 柱体连续扩张；4H RSI 位于健康强势区间,4H MACD 尚未确认多头
43,NVDA,Nvidia,Information Technology,Early,Nasdaq 200,67,55.96,43.95,73.3,80.39,51.96,49.66,47.4,44.67,35.0,mixed_sideways,49.8,bullish_below_zero_proxy,47.28,50.21,0.0,68,early_transition,28,fresh_bearish_cross,47.93,203.279999,0.44,-0.01385013,-0.00098288,-0.00683022,-0.07057128,4H EMA9 已站上 EMA26，等待 26/50 确认,4H MACD 最近死叉
44,LOGI,Logitech International S.A. - Registered Shares,,Early,Nasdaq 200,123,55.66,30.44,87.7,71.57,51.96,64.58,66.2,37.02,15.0,bearish_transition,49.8,bullish_below_zero_proxy,44.46,44.89,0.0,76,early_transition,70,bullish_above_signal,52.46,101.779999,0.83,-0.02640140,-0.00459659,-0.03985659,-0.14268869,4H EMA9 已站上 EMA26，等待 26/50 确认；4H MACD 位于 Signal 上方；4H RSI 位于健康强势区间,
45,COO,Cooper Companies (The),Health Care,Early,Nasdaq 200,51,55.5,55.46,60.7,44.12,51.96,65.77,65.3,53.16,72.0,confirmed_bullish_trend,25.0,bearish_proxy,59.42,49.88,0.0,100,confirmed_bullish_trend,28,fresh_bearish_cross,53.5,71.589996,1.18,-0.00382665,0.00364495,0.10019972,0.15356099,4H EMA 多头排列已连续维持；4H RSI 位于健康强势区间,4H MACD 最近死叉
46,TCOM,Trip.com Group Limited - American Depositary Shares,,Early,Nasdaq 200,118,55.48,30.76,87.7,69.61,51.96,66.74,68.6,37.8,18.0,bearish_transition,51.15,bullish_below_zero_proxy,43.08,44.62,0.0,74,early_transition,78,bullish_above_signal,60.08,44.189999,1.2,0.04197121,0.04320108,-0.05415244,-0.08090688,4H EMA9 已站上 EMA26，等待 26/50 确认；4H MACD 位于 Signal 上方；4H MACD 柱体连续扩张；4H RSI 位于健康强势区间,
47,LULU,Lululemon Athletica,Consumer Discretionary,Early,Nasdaq 200,101,55.02,31.49,76.9,93.63,51.96,54.99,55.55,39.7,15.0,bearish_transition,49.8,bullish_below_zero_proxy,52.12,47.42,0.0,71,early_transition,42,mixed_or_bearish,48.96,116.669998,0.72,-0.00668344,-0.02993264,0.04421368,-0.06626650,4H EMA9 已站上 EMA26，等待 26/50 确认；4H RSI 位于健康强势区间,4H MACD 尚未确认多头
48,ZBRA,Zebra Technologies,Information Technology,Early,Nasdaq 200,49,54.81,55.67,64.3,29.41,51.96,72.4,71.0,54.18,72.0,confirmed_bullish_trend,25.0,bearish_proxy,62.98,49.6,0.0,100,confirmed_bullish_trend,50,mixed_or_bearish,52.88,264.690002,0.89,-0.01135476,-0.00772258,0.13581364,0.07847455,4H EMA 多头排列已连续维持；4H MACD 柱体连续扩张；4H RSI 位于健康强势区间,4H MACD 尚未确认多头
49,CEG,Constellation Energy,Utilities,Early,Nasdaq 200,125,54.38,30.98,87.7,61.76,51.96,58.1,59.0,36.71,15.0,bearish_transition,49.8,bullish_below_zero_proxy,41.34,49.02,0.0,68,early_transition,58,bullish_above_signal,50.37,253.5,0.85,-0.00047313,-0.01526626,-0.05137900,-0.04242062,4H EMA9 已站上 EMA26，等待 26/50 确认；4H MACD 位于 Signal 上方；4H RSI 位于健康强势区间,
50,MELI,"MercadoLibre, Inc. - Common Stock",,Early,Nasdaq 200,22,53.94,62.39,54.4,34.31,51.96,52.02,48.35,62.98,72.0,confirmed_bullish_trend,61.8,bullish_above_signal_proxy,62.23,48.45,0.0,55,mixed_sideways,42,mixed_or_bearish,55.67,1832.420044,0.6,0.00551206,-0.01950374,0.12346724,0.12108561,4H RSI 位于健康强势区间,4H EMA 仍偏震荡；4H MACD 尚未确认多头
51,ADP,Automatic Data Processing,Industrials,Early,Nasdaq 200,50,53.62,60.65,75.1,13.73,2.94,74.16,72.95,54.14,75.0,confirmed_bullish_trend,59.55,bullish_above_signal_proxy,68.76,53.5,11.9,89,confirmed_bullish_trend,70,bullish_above_signal,67.52,255.240005,1.45,0.00829583,0.01656844,0.16643815,0.10326345,4H EMA 多头排列已连续维持；4H MACD 位于 Signal 上方；4H RSI 位于健康强势区间,4H 相对 EMA26 超过 2 ATR，短线偏追高
52,GEN,Gen Digital,Information Technology,Early,Nasdaq 200,21,53.59,62.98,50.8,40.2,51.96,50.26,46.4,63.02,72.0,confirmed_bullish_trend,61.8,bullish_above_signal_proxy,60.4,52.33,0.0,58,mixed_sideways,28,fresh_bearish_cross,56.57,26.674999,1.22,-0.00818000,0.01949161,0.11470953,0.00576880,4H RSI 位于健康强势区间,4H EMA 仍偏震荡；4H MACD 最近死叉
53,NBIX,"Neurocrine Biosciences, Inc. - Common Stock",,Early,Nasdaq 200,54,53.57,55.02,54.4,49.02,51.96,51.46,49.4,52.66,72.0,confirmed_bullish_trend,25.0,bearish_proxy,58.83,47.77,0.0,52,mixed_sideways,50,mixed_or_bearish,52.67,173.0,0.92,0.01640642,-0.00631824,0.08818722,0.03493656,4H MACD 柱体连续扩张；4H RSI 位于健康强势区间,4H EMA 仍偏震荡；4H MACD 尚未确认多头
54,JD,"JD.com, Inc. - American Depositary Shares",,Early,Nasdaq 200,63,52.99,70.23,60.1,41.18,1.96,67.8,67.55,47.84,82.0,early_transition,47.55,bullish_below_zero_proxy,60.31,48.06,13.95,89,confirmed_bullish_trend,70,bullish_above_signal,76.52,30.6,0.66,0.02650121,0.05919007,0.09638123,0.04794517,4H EMA 多头排列已连续维持；4H MACD 位于 Signal 上方,4H 相对 EMA26 超过 2 ATR，短线偏追高；4H RSI 过热
55,TRMB,Trimble Inc.,Information Technology,Early,Nasdaq 200,80,52.84,32.88,87.7,47.06,51.96,67.39,67.1,42.47,15.0,bearish_transition,49.8,bullish_below_zero_proxy,59.04,52.06,0.0,76,early_transition,70,bullish_above_signal,56.04,53.209999,1.41,-0.01105847,0.01778883,0.08880704,-0.04478957,4H EMA9 已站上 EMA26，等待 26/50 确认；4H MACD 位于 Signal 上方；4H RSI 位于健康强势区间,
56,FWONA,Liberty Media Corporation - Series A Liberty Formula One Common Stock,,Early,Nasdaq 200,24,52.78,62.34,50.8,36.27,51.96,50.26,46.4,62.84,72.0,confirmed_bullish_trend,61.8,bullish_above_signal_proxy,61.79,48.36,0.0,58,mixed_sideways,28,fresh_bearish_cross,52.92,91.169998,1.19,-0.02658559,-0.00393315,0.09342770,0.15259166,4H RSI 位于健康强势区间,4H EMA 仍偏震荡；4H MACD 最近死叉
57,FWONK,Liberty Media Corporation - Series C Liberty Formula One Common Stock,,Early,Nasdaq 200,23,52.64,62.38,50.8,35.29,51.96,49.45,45.5,62.96,72.0,confirmed_bullish_trend,61.8,bullish_above_signal_proxy,62.14,48.43,0.0,58,mixed_sideways,28,fresh_bearish_cross,53.33,99.199997,0.89,-0.02640104,-0.00441592,0.09746651,0.15281805,4H RSI 位于健康强势区间,4H EMA 仍偏震荡；4H MACD 最近死叉
58,AAPL,Apple Inc.,Information Technology,Early,Nasdaq 200,53,52.3,60.34,65.2,31.37,3.92,59.29,58.1,53.05,72.0,confirmed_bullish_trend,59.55,bullish_above_signal_proxy,62.36,53.22,10.13,58,mixed_sideways,70,bullish_above_signal,61.62,326.589996,0.85,-0.01195018,0.02888911,0.10379205,0.04958861,4H MACD 位于 Signal 上方；4H RSI 位于健康强势区间,4H EMA 仍偏震荡
59,INTU,Intuit,Information Technology,Early,Nasdaq 200,77,52.28,32.94,87.7,43.14,51.96,66.58,66.2,42.66,15.0,bearish_transition,49.8,bullish_below_zero_proxy,59.62,52.17,0.0,76,early_transition,70,bullish_above_signal,60.13,293.820007,0.71,0.00595734,0.01401158,0.09182128,-0.02669934,4H EMA9 已站上 EMA26，等待 26/50 确认；4H MACD 位于 Signal 上方；4H RSI 位于健康强势区间,
60,CSX,CSX Corporation,Industrials,Early,Nasdaq 200,20,52.28,62.59,50.8,32.35,51.96,51.76,46.4,63.17,72.0,confirmed_bullish_trend,61.8,bullish_above_signal_proxy,62.35,49.47,0.0,58,mixed_sideways,28,fresh_bearish_cross,57.9,50.110001,1.21,-0.00703456,0.00956992,0.09950631,0.08369375,4H RSI 位于健康强势区间,4H EMA 仍偏震荡；4H MACD 最近死叉
61,CTSH,Cognizant,Information Technology,Early,Nasdaq 200,130,52.24,29.9,87.7,50.0,51.96,64.58,66.2,35.03,15.0,bearish_transition,49.8,bullish_below_zero_proxy,37.98,44.6,0.0,76,early_transition,70,bullish_above_signal,56.86,44.639999,0.84,0.00168294,0.01109846,-0.08552699,-0.16427973,4H EMA9 已站上 EMA26，等待 26/50 确认；4H MACD 位于 Signal 上方；4H RSI 位于健康强势区间,
62,SHOP,Shopify Inc. - Class A Subordinate Voting Shares,,Early,Nasdaq 200,15,52.09,62.78,54.4,21.08,51.96,54.73,49.7,64.13,72.0,confirmed_bullish_trend,61.8,bullish_above_signal_proxy,65.69,49.14,0.0,58,mixed_sideways,42,mixed_or_bearish,55.25,124.480003,0.7,0.00524914,-0.00232423,0.15163297,0.07250248,4H RSI 位于健康强势区间,4H EMA 仍偏震荡；4H MACD 尚未确认多头
63,CHRW,C.H. Robinson,Industrials,Early,Nasdaq 200,56,51.63,60.18,67.1,22.55,3.43,70.68,70.75,52.33,72.0,confirmed_bullish_trend,59.55,bullish_above_signal_proxy,65.46,53.34,11.8,89,confirmed_bullish_trend,70,bullish_above_signal,68.87,205.800003,1.1,-0.01000578,0.04727499,0.11153124,0.11508455,4H EMA 多头排列已连续维持；4H MACD 位于 Signal 上方,4H 相对 EMA26 超过 2 ATR，短线偏追高；4H RSI 偏热
64,FOX,Fox Corporation (Class B),Communication Services,Early,Nasdaq 200,79,51.52,32.46,87.7,39.22,51.96,67.39,67.1,42.54,15.0,bearish_transition,49.8,bullish_below_zero_proxy,60.72,49.14,0.0,76,early_transition,70,bullish_above_signal,60.1,51.549999,1.16,0.00477534,0.02648343,0.10314571,-0.12240386,4H EMA9 已站上 EMA26，等待 26/50 确认；4H MACD 位于 Signal 上方；4H RSI 位于健康强势区间,
65,NTNX,"Nutanix, Inc. - Class A Common Stock",,Early,Nasdaq 200,9,50.97,63.14,54.4,12.75,51.96,54.73,49.7,65.18,72.0,confirmed_bullish_trend,61.8,bullish_above_signal_proxy,68.89,49.78,0.0,58,mixed_sideways,42,mixed_or_bearish,56.99,55.110001,0.66,-0.01192292,-0.00199203,0.18618171,0.00236451,4H RSI 位于健康强势区间,4H EMA 仍偏震荡；4H MACD 尚未确认多头
66,META,Meta Platforms,Communication Services,Early,Nasdaq 200,10,50.7,63.54,50.8,19.61,51.96,49.02,43.35,64.76,72.0,confirmed_bullish_trend,61.8,bullish_above_signal_proxy,65.78,53.16,0.0,55,mixed_sideways,28,fresh_bearish_cross,54.6,645.849976,0.33,-0.00928064,-0.01656694,0.13809174,0.02917742,4H RSI 位于健康强势区间,4H EMA 仍偏震荡；4H MACD 最近死叉
67,DASH,DoorDash,Consumer Discretionary,Early,Nasdaq 200,48,50.6,55.79,54.4,27.45,51.96,52.96,49.4,54.53,72.0,confirmed_bullish_trend,25.0,bearish_proxy,64.03,49.81,0.0,52,mixed_sideways,50,mixed_or_bearish,52.88,189.020004,0.86,0.01661922,-0.00332186,0.14087405,0.18078462,4H MACD 柱体连续扩张；4H RSI 位于健康强势区间,4H EMA 仍偏震荡；4H MACD 尚未确认多头
68,FOXA,Fox Corporation (Class A),Communication Services,Early,Nasdaq 200,74,50.0,32.74,87.7,28.43,51.96,66.58,66.2,43.38,15.0,bearish_transition,49.8,bullish_below_zero_proxy,63.26,49.65,0.0,76,early_transition,70,bullish_above_signal,60.89,57.48,1.05,0.00665503,0.02826472,0.12046786,-0.12324585,4H EMA9 已站上 EMA26，等待 26/50 确认；4H MACD 位于 Signal 上方；4H RSI 位于健康强势区间,
69,MDLN,Medline Inc. - Class A common stock,,Early,Nasdaq 200,45,49.8,69.33,32.9,74.51,51.96,44.32,39.8,55.67,85.0,early_transition,26.35,bearish_proxy,55.11,47.02,0.0,38,bearish_transition,42,mixed_or_bearish,43.13,38.880001,1.13,-0.02969800,-0.04189258,0.06754539,0.12859216,,4H EMA 转弱或跌破 EMA26；4H MACD 尚未确认多头
70,PTC,PTC Inc.,Information Technology,Early,Nasdaq 200,83,49.75,32.52,73.3,65.69,51.96,55.24,53.6,41.44,15.0,bearish_transition,49.8,bullish_below_zero_proxy,55.92,51.43,0.0,76,early_transition,28,fresh_bearish_cross,53.23,124.830002,0.87,-0.00311451,-0.00470416,0.06710548,-0.10051879,4H EMA9 已站上 EMA26，等待 26/50 确认；4H RSI 位于健康强势区间,4H MACD 最近死叉
71,DDOG,Datadog,Information Technology,Early,Nasdaq 200,44,49.42,56.63,54.4,17.65,51.96,54.18,50.75,55.68,72.0,confirmed_bullish_trend,25.0,bearish_proxy,66.03,53.46,0.0,55,mixed_sideways,50,mixed_or_bearish,54.11,263.200012,0.69,0.01160742,0.01114108,0.16167191,0.08023812,4H MACD 柱体连续扩张；4H RSI 位于健康强势区间,4H EMA 仍偏震荡；4H MACD 尚未确认多头
72,PAYX,Paychex,Industrials,Early,Nasdaq 200,57,49.21,59.85,67.1,7.84,2.45,69.86,69.85,52.31,72.0,confirmed_bullish_trend,59.55,bullish_above_signal_proxy,71.04,51.21,13.17,89,confirmed_bullish_trend,70,bullish_above_signal,70.55,115.199997,0.87,0.01811750,0.04008663,0.18020690,0.15802165,4H EMA 多头排列已连续维持；4H MACD 位于 Signal 上方,4H 相对 EMA26 超过 2 ATR，短线偏追高；4H RSI 偏热
73,TRI,Thomson Reuters Corp - Common Shares,,Early,Nasdaq 200,2,48.5,63.99,50.8,3.92,51.96,50.95,45.5,67.66,72.0,confirmed_bullish_trend,61.8,bullish_above_signal_proxy,76.39,51.28,0.0,58,mixed_sideways,28,fresh_bearish_cross,58.83,95.43,0.82,-0.00877696,0.01198300,0.20370839,0.11288630,4H RSI 位于健康强势区间,4H EMA 仍偏震荡；4H MACD 最近死叉
74,CTAS,Cintas,Industrials,Early,Nasdaq 200,58,48.27,59.98,67.1,1.96,1.47,69.86,69.85,52.11,72.0,confirmed_bullish_trend,59.55,bullish_above_signal_proxy,77.06,52.41,15.35,89,confirmed_bullish_trend,70,bullish_above_signal,70.64,201.800003,0.98,-0.00298904,0.09817157,0.18950787,0.12111113,4H EMA 多头排列已连续维持；4H MACD 位于 Signal 上方,4H 相对 EMA26 超过 2 ATR，短线偏追高；4H RSI 偏热
75,OKTA,"Okta, Inc. - Class A Common Stock",,Early,Nasdaq 200,29,47.43,58.08,54.4,0.98,51.96,52.51,48.9,61.63,72.0,confirmed_bullish_trend,25.0,bearish_proxy,85.99,53.2,0.0,58,mixed_sideways,42,mixed_or_bearish,56.17,148.410004,0.48,-0.00974172,0.06356608,0.31301429,0.20228452,4H RSI 位于健康强势区间,4H EMA 仍偏震荡；4H MACD 尚未确认多头
76,DLTR,Dollar Tree,Consumer Staples,Early,Nasdaq 200,42,46.82,57.08,50.8,8.82,51.96,49.45,45.5,57.21,72.0,confirmed_bullish_trend,25.0,bearish_proxy,70.9,53.93,0.0,58,mixed_sideways,28,fresh_bearish_cross,55.91,126.379997,0.93,-0.01511853,0.00031661,0.18761449,0.15679631,4H RSI 位于健康强势区间,4H EMA 仍偏震荡；4H MACD 最近死叉
77,PANW,Palo Alto Networks,Information Technology,Early,Nasdaq 200,40,46.29,58.09,50.8,2.94,51.96,49.45,45.5,59.37,72.0,confirmed_bullish_trend,25.0,bearish_proxy,76.55,57.06,0.0,58,mixed_sideways,28,fresh_bearish_cross,55.56,348.660004,0.74,-0.03802008,0.05593750,0.23625148,0.24851390,4H RSI 位于健康强势区间,4H EMA 仍偏震荡；4H MACD 最近死叉
78,BNTX,BioNTech SE - American Depositary Shares,,Early,Nasdaq 200,140,42.95,26.25,67.6,90.2,51.96,56.62,57.35,32.37,15.0,bearish_transition,25.0,bearish_proxy,49.15,45.83,0.0,53,mixed_sideways,72,fresh_below_zero_cross,51.36,92.160004,1.07,0.00359362,0.02240964,-0.00065059,0.02960565,4H MACD 刚金叉但仍需零轴确认；4H MACD 柱体连续扩张；4H RSI 位于健康强势区间,4H EMA 仍偏震荡
79,EA,Electronic Arts,Communication Services,Early,Nasdaq 200,75,42.18,57.18,53.85,56.86,0.98,69.96,69.95,43.31,72.0,confirmed_bullish_trend,59.55,bullish_above_signal_proxy,57.05,48.41,17.55,89,confirmed_bullish_trend,78,bullish_above_signal,81.16,209.289993,0.98,0.00186692,0.01439505,0.03073130,0.02910950,4H EMA 多头排列已连续维持；4H MACD 位于 Signal 上方；4H MACD 柱体连续扩张,4H 相对 EMA26 超过 2 ATR，短线偏追高；4H RSI 过热
80,COST,Costco,Consumer Staples,Early,Nasdaq 200,117,41.86,31.32,65.2,77.45,51.96,53.24,53.6,38.1,15.0,bearish_transition,49.8,bullish_below_zero_proxy,46.03,48.96,0.0,56,mixed_sideways,58,bullish_above_signal,49.88,935.799988,0.7,0.00120363,0.01057874,-0.03086163,-0.03771799,4H MACD 位于 Signal 上方；4H RSI 位于健康强势区间,4H EMA 仍偏震荡
81,BKNG,Booking Holdings,Consumer Discretionary,Early,Nasdaq 200,95,40.33,39.23,50.8,87.25,51.96,47.95,45.5,39.95,35.0,mixed_sideways,25.0,bearish_proxy,53.47,47.69,0.0,58,mixed_sideways,28,fresh_bearish_cross,51.05,179.449997,0.68,-0.01124033,0.02076220,0.04556308,0.07134327,4H RSI 位于健康强势区间,4H EMA 仍偏震荡；4H MACD 最近死叉
82,HON,Honeywell Technologies,Industrials,Early,Nasdaq 200,145,39.79,26.04,65.2,75.98,51.96,55.4,56.0,31.33,15.0,bearish_transition,25.0,bearish_proxy,45.56,46.11,0.0,56,mixed_sideways,66,bullish_above_signal,50.3,226.179993,0.98,-0.00048610,0.01759117,-0.05700649,-0.00944967,4H MACD 位于 Signal 上方；4H MACD 柱体连续扩张；4H RSI 位于健康强势区间,4H EMA 仍偏震荡
83,PYPL,PayPal,Financials,Early,Nasdaq 200,46,35.24,61.92,53.85,0,0.25,69.3,67.55,55.45,72.0,confirmed_bullish_trend,59.55,bullish_above_signal_proxy,100.0,59.75,20.0,89,confirmed_bullish_trend,70,bullish_above_signal,79.85,56.82,0.74,-0.00140775,0.19194467,0.34996436,0.32881819,4H EMA 多头排列已连续维持；4H MACD 位于 Signal 上方,4H 相对 EMA26 超过 2 ATR，短线偏追高；4H RSI 过热
84,ECHO,EchoStar,Communication Services,Early,Nasdaq 200,106,35.13,31.62,41.5,95.1,51.96,5.0,0.0,39.3,15.0,bearish_transition,49.8,bullish_below_zero_proxy,50.0,49.0,0.0,0,insufficient_data,0,insufficient_data,,,,,,,,,4H样本不足：36根
85,FTNT,Fortinet,Information Technology,Early,Nasdaq 200,76,34.95,40.73,54.4,38.24,51.96,50.52,48.35,43.06,35.0,mixed_sideways,25.0,bearish_proxy,61.43,52.54,0.0,55,mixed_sideways,42,mixed_or_bearish,51.21,160.360001,0.71,-0.01872474,-0.00149443,0.11260664,0.07142382,4H RSI 位于健康强势区间,4H EMA 仍偏震荡；4H MACD 尚未确认多头
86,EXPE,Expedia Group,Consumer Discretionary,Early,Nasdaq 200,78,34.6,40.15,54.4,37.25,51.96,51.33,49.25,42.64,35.0,mixed_sideways,25.0,bearish_proxy,61.64,49.33,0.0,55,mixed_sideways,42,mixed_or_bearish,50.76,265.079987,2.13,-0.01310506,-0.00210822,0.10675960,0.16662259,4H RSI 位于健康强势区间,4H EMA 仍偏震荡；4H MACD 尚未确认多头
87,BBIO,"BridgeBio Pharma, Inc. - Common Stock",,Early,Nasdaq 200,47,33.21,47.97,54.4,9.8,51.96,51.3,47.55,54.67,35.0,mixed_sideways,61.8,bullish_above_signal_proxy,70.66,50.13,0.0,55,mixed_sideways,42,mixed_or_bearish,52.31,80.760002,0.39,-0.01041538,-0.02593176,0.19821958,0.19999998,4H RSI 位于健康强势区间,4H EMA 仍偏震荡；4H MACD 尚未确认多头
88,MSTR,Strategy Inc - Class A Common Stock,,Early,Nasdaq 200,157,33.1,27.74,65.2,27.45,51.96,54.19,54.65,29.09,15.0,bearish_transition,49.8,bullish_below_zero_proxy,20.43,40.09,0.0,53,mixed_sideways,66,bullish_above_signal,50.61,97.82,0.89,0.02698163,0.06199109,-0.15969493,-0.24340625,4H MACD 位于 Signal 上方；4H MACD 柱体连续扩张；4H RSI 位于健康强势区间,4H EMA 仍偏震荡
89,INCY,Incyte,Health Care,Early,Nasdaq 200,64,31.35,41.8,54.4,11.76,51.96,51.73,49.7,45.78,35.0,mixed_sideways,25.0,bearish_proxy,69.21,55.09,0.0,58,mixed_sideways,42,mixed_or_bearish,53.82,115.650002,0.97,-0.01511604,0.01234247,0.16794593,0.14165843,4H RSI 位于健康强势区间,4H EMA 仍偏震荡；4H MACD 尚未确认多头
90,BIIB,Biogen,Health Care,Early,Nasdaq 200,88,28.99,40.23,51.7,73.53,51.96,48.04,45.6,41.18,35.0,mixed_sideways,25.0,bearish_proxy,55.28,52.31,0.0,44,bearish_transition,58,bullish_above_signal,46.14,199.949997,0.39,-0.02577474,-0.04382760,0.00649347,0.01771261,4H MACD 位于 Signal 上方,4H EMA 转弱或跌破 EMA26
91,SBUX,Starbucks,Consumer Discretionary,Early,Nasdaq 200,62,28.23,46.63,40.9,82.35,51.96,45.66,42.95,49.64,35.0,mixed_sideways,61.8,bullish_above_signal_proxy,54.18,49.59,0.0,41,bearish_transition,42,mixed_or_bearish,48.7,104.809998,1.21,-0.01150619,-0.02347903,0.04977967,0.11346012,4H RSI 位于健康强势区间,4H EMA 转弱或跌破 EMA26；4H MACD 尚未确认多头
92,ABNB,Airbnb,Consumer Discretionary,Early,Nasdaq 200,96,26.66,39.22,40.9,89.22,51.96,42.01,38.9,39.91,35.0,mixed_sideways,25.0,bearish_proxy,53.38,47.68,0.0,38,bearish_transition,42,mixed_or_bearish,46.48,144.940002,1.04,-0.01004031,-0.00956672,0.03108768,0.08390668,,4H EMA 转弱或跌破 EMA26；4H MACD 尚未确认多头
93,NTAP,NetApp,Information Technology,Early,Nasdaq 200,92,26.48,39.95,40.9,86.27,51.96,42.01,38.9,40.57,35.0,mixed_sideways,25.0,bearish_proxy,53.67,51.48,0.0,38,bearish_transition,42,mixed_or_bearish,47.78,161.160004,0.75,-0.02303590,-0.01695741,0.04095076,-0.09890971,,4H EMA 转弱或跌破 EMA26；4H MACD 尚未确认多头
94,HONA,Honeywell Aerospace,Industrials,Early,Nasdaq 200,204,25.92,33.12,41.5,64.71,0.25,5.0,0.0,16.09,35.0,mixed_sideways,22.75,bearish_proxy,42.0,48.65,20.0,0,insufficient_data,0,insufficient_data,,,,,,,,,4H样本不足：30根
95,EXE,Expand Energy,Energy,Early,Nasdaq 200,105,25.76,31.75,43.7,93.14,51.96,37.85,36.5,39.36,15.0,bearish_transition,49.8,bullish_below_zero_proxy,49.85,49.72,0.0,22,confirmed_bearish_trend,58,bullish_above_signal,42.13,86.949997,0.87,-0.01282930,-0.00206588,-0.00577446,-0.06895815,4H MACD 位于 Signal 上方,4H EMA 空头排列
96,CRWD,CrowdStrike,Information Technology,Early,Nasdaq 200,183,25.68,32.87,50.8,4.41,51.96,45.95,45.5,21.54,35.0,mixed_sideways,20.0,fresh_bearish_cross_proxy,0.0,40.25,0.0,58,mixed_sideways,28,fresh_bearish_cross,51.95,198.490005,0.7,-0.04619112,0.05652851,0.16297057,0.10394884,4H RSI 位于健康强势区间,4H EMA 仍偏震荡；4H MACD 最近死叉
97,RIVN,"Rivian Automotive, Inc. - Class A Common Stock",,Early,Nasdaq 200,115,25.3,38.69,40.9,81.37,51.96,42.12,41.25,38.17,35.0,mixed_sideways,25.0,bearish_proxy,47.86,47.07,0.0,41,bearish_transition,42,mixed_or_bearish,49.75,17.24,0.24,-0.01344778,-0.00433156,0.06092308,-0.04812911,4H RSI 位于健康强势区间,4H EMA 转弱或跌破 EMA26；4H MACD 尚未确认多头
98,LLYVK,"Liberty Live Holdings, Inc. - Series C Liberty Live Group Common Stock",,Early,Nasdaq 200,109,24.8,38.82,32.9,99.02,51.96,42.17,41.3,39.15,35.0,mixed_sideways,25.0,bearish_proxy,51.53,46.31,0.0,36,bearish_transition,50,mixed_or_bearish,42.2,101.589996,1.43,-0.00147437,-0.03284468,0.02131291,0.10990929,4H MACD 柱体连续扩张,4H EMA 转弱或跌破 EMA26；4H MACD 尚未确认多头
99,ESLT,Elbit Systems Ltd. - Ordinary Shares,,Early,Nasdaq 200,81,24.67,34.4,54.1,51.96,51.96,52.13,50.15,41.7,18.0,bearish_transition,73.15,fresh_below_zero_cross_proxy,38.23,43.65,0.0,39,bearish_transition,72,fresh_below_zero_cross,49.47,754.849976,0.93,0.01265738,0.02755202,-0.08157932,-0.09825589,4H MACD 刚金叉但仍需零轴确认；4H MACD 柱体连续扩张；4H RSI 位于健康强势区间,4H EMA 转弱或跌破 EMA26
100,MDGL,"Madrigal Pharmaceuticals, Inc. - Common Stock",,Early,Nasdaq 200,60,24.35,47.31,40.9,54.9,51.96,46.06,43.4,51.05,35.0,mixed_sideways,61.8,bullish_above_signal_proxy,57.76,51.8,0.0,44,bearish_transition,42,mixed_or_bearish,49.4,535.690002,0.9,-0.01686610,0.00799714,0.07105870,0.08754085,4H RSI 位于健康强势区间,4H EMA 转弱或跌破 EMA26；4H MACD 尚未确认多头
101,EVRG,Evergy,Utilities,Early,Nasdaq 200,94,24.12,39.83,32.9,92.16,51.96,42.01,38.9,40.21,35.0,mixed_sideways,25.0,bearish_proxy,52.56,51.26,0.0,38,bearish_transition,42,mixed_or_bearish,44.94,85.160004,0.98,-0.00557229,-0.01486490,0.02800589,0.03993168,,4H EMA 转弱或跌破 EMA26；4H MACD 尚未确认多头
102,EXC,Exelon,Utilities,Early,Nasdaq 200,108,23.85,39.49,32.9,91.18,51.96,39.2,38.0,39.22,35.0,mixed_sideways,25.0,bearish_proxy,49.55,50.66,0.0,36,bearish_transition,42,mixed_or_bearish,43.6,45.959999,0.66,-0.00648506,-0.02399662,0.00855824,0.02933924,,4H EMA 转弱或跌破 EMA26；4H MACD 尚未确认多头
103,TTWO,Take-Two Interactive,Communication Services,Early,Nasdaq 200,99,23.75,39.18,32.9,91.18,51.96,43.36,40.4,39.8,35.0,mixed_sideways,25.0,bearish_proxy,53.03,47.61,0.0,36,bearish_transition,50,mixed_or_bearish,44.26,238.979996,0.57,0.00361163,-0.02089481,0.04774431,0.10347688,4H MACD 柱体连续扩张,4H EMA 转弱或跌破 EMA26；4H MACD 尚未确认多头
104,CDW,CDW Corporation,Information Technology,Early,Nasdaq 200,97,23.61,39.22,32.9,90.2,51.96,39.85,36.5,39.91,35.0,mixed_sideways,25.0,bearish_proxy,53.36,47.67,0.0,36,bearish_transition,42,mixed_or_bearish,38.49,130.009995,1.48,-0.02844934,-0.09934195,0.02563895,-0.06769453,,4H EMA 转弱或跌破 EMA26；4H MACD 尚未确认多头；4H RSI 偏弱
105,TSCO,Tractor Supply,Consumer Discretionary,Early,Nasdaq 200,107,23.58,31.59,37.3,96.08,51.96,29.75,27.5,39.29,15.0,bearish_transition,49.8,bullish_below_zero_proxy,50.1,48.77,0.0,22,confirmed_bearish_trend,28,fresh_bearish_cross,47.09,30.299999,0.89,-0.00508951,0.00214976,0.01814513,0.03184059,,4H EMA 空头排列；4H MACD 最近死叉
106,LLYVA,"Liberty Live Holdings, Inc. - Series A Liberty Live Group Common Stock",,Early,Nasdaq 200,114,23.23,38.54,32.9,89.22,51.96,42.17,41.3,38.34,35.0,mixed_sideways,25.0,bearish_proxy,49.07,45.81,0.0,36,bearish_transition,50,mixed_or_bearish,41.07,97.599998,1.58,-0.00377670,-0.03633492,0.01878909,0.10195323,4H MACD 柱体连续扩张,4H EMA 转弱或跌破 EMA26；4H MACD 尚未确认多头
107,FFIV,"F5, Inc.",Information Technology,Early,Nasdaq 200,91,22.94,39.51,40.9,63.73,51.96,45.79,43.1,40.78,35.0,mixed_sideways,25.0,bearish_proxy,56.0,48.2,0.0,38,bearish_transition,50,mixed_or_bearish,48.32,411.920013,0.97,-0.00285643,-0.02138173,0.07058946,0.00763216,4H MACD 柱体连续扩张；4H RSI 位于健康强势区间,4H EMA 转弱或跌破 EMA26；4H MACD 尚未确认多头
108,KMB,Kimberly-Clark,Consumer Staples,Early,Nasdaq 200,86,22.69,40.06,40.9,60.78,51.96,45.79,43.1,41.28,35.0,mixed_sideways,25.0,bearish_proxy,56.26,51.0,0.0,38,bearish_transition,50,mixed_or_bearish,48.31,108.480003,0.59,0.00472355,-0.01560793,0.06887383,0.14830107,4H MACD 柱体连续扩张；4H RSI 位于健康强势区间,4H EMA 转弱或跌破 EMA26；4H MACD 尚未确认多头
109,VRTX,Vertex Pharmaceuticals,Health Care,Early,Nasdaq 200,90,22.6,40.11,32.9,81.37,51.96,44.66,41.85,40.84,35.0,mixed_sideways,25.0,bearish_proxy,54.25,52.1,0.0,41,bearish_transition,50,mixed_or_bearish,44.45,480.5,0.54,-0.00779515,0.00054142,0.04674972,0.08759623,4H MACD 柱体连续扩张,4H EMA 转弱或跌破 EMA26；4H MACD 尚未确认多头
110,LNT,Alliant Energy,Utilities,Early,Nasdaq 200,98,22.02,39.72,25.9,97.06,51.96,39.85,36.5,39.9,35.0,mixed_sideways,25.0,bearish_proxy,51.64,51.08,0.0,36,bearish_transition,42,mixed_or_bearish,37.84,73.959999,1.26,-0.01478621,-0.03496869,0.01537621,0.03601394,,4H EMA 转弱或跌破 EMA26；4H MACD 尚未确认多头；4H RSI 偏弱
111,AEP,American Electric Power,Utilities,Early,Nasdaq 200,102,21.98,39.62,25.9,97.06,51.96,37.04,35.6,39.59,35.0,mixed_sideways,25.0,bearish_proxy,50.68,50.89,0.0,36,bearish_transition,42,mixed_or_bearish,37.37,131.050003,0.86,-0.01004685,-0.03398202,0.02167302,0.02543036,,4H EMA 转弱或跌破 EMA26；4H MACD 尚未确认多头；4H RSI 偏弱
112,WMT,Walmart,Consumer Staples,Early,Nasdaq 200,122,21.81,30.97,43.7,68.63,51.96,37.85,36.5,37.07,15.0,bearish_transition,49.8,bullish_below_zero_proxy,42.9,48.33,0.0,22,confirmed_bearish_trend,58,bullish_above_signal,43.41,112.199997,0.83,-0.01310586,-0.02269068,-0.05044014,-0.04717422,4H MACD 位于 Signal 上方,4H EMA 空头排列
113,TTD,Trade Desk (The),Communication Services,Early,Nasdaq 200,111,21.41,31.24,32.9,94.12,51.96,33.53,31.7,38.98,15.0,bearish_transition,49.8,bullish_below_zero_proxy,49.94,46.99,0.0,22,confirmed_bearish_trend,42,mixed_or_bearish,43.54,18.639999,0.69,-0.00771898,-0.05834812,0.02643166,-0.11343643,,4H EMA 空头排列；4H MACD 尚未确认多头
114,LITE,Lumentum,Information Technology,Early,Nasdaq 200,121,21.36,32.91,54.1,33.33,51.96,48.92,48.8,37.36,18.0,bearish_transition,71.8,fresh_below_zero_cross_proxy,25.63,42.13,0.0,36,bearish_transition,72,fresh_below_zero_cross,49.32,765.549988,0.66,0.02792882,-0.00337182,-0.11977416,-0.18998847,4H MACD 刚金叉但仍需零轴确认；4H MACD 柱体连续扩张；4H RSI 位于健康强势区间,4H EMA 转弱或跌破 EMA26
115,ORLY,O’Reilly Automotive,Consumer Discretionary,Early,Nasdaq 200,142,21.3,26.37,43.7,75.98,51.96,37.85,36.5,31.6,15.0,bearish_transition,25.0,bearish_proxy,45.56,47.86,0.0,22,confirmed_bearish_trend,58,bullish_above_signal,44.05,84.529999,0.68,-0.00920123,-0.03172853,-0.04388649,-0.04367010,4H MACD 位于 Signal 上方,4H EMA 空头排列
116,AVGO,Broadcom,Information Technology,Early,Nasdaq 200,120,21.07,31.2,40.9,70.59,51.96,34.97,33.3,37.37,15.0,bearish_transition,49.8,bullish_below_zero_proxy,43.36,49.42,0.0,22,confirmed_bearish_trend,50,mixed_or_bearish,46.65,378.160004,0.41,0.00496956,-0.01528525,-0.03751588,-0.09753477,4H MACD 柱体连续扩张,4H EMA 空头排列；4H MACD 尚未确认多头
117,HTHT,H World Group Limited - American Depositary Shares,,Early,Nasdaq 200,119,20.95,30.62,43.7,63.73,51.96,37.85,36.5,37.37,18.0,bearish_transition,51.15,bullish_below_zero_proxy,41.78,44.36,0.0,22,confirmed_bearish_trend,58,bullish_above_signal,44.93,41.549999,1.01,-0.00479044,0.01638938,-0.04789184,-0.07171580,4H MACD 位于 Signal 上方,4H EMA 空头排列
118,XEL,Xcel Energy,Utilities,Early,Nasdaq 200,135,20.48,26.9,32.9,98.04,51.96,33.53,31.7,33.46,15.0,bearish_transition,25.0,bearish_proxy,51.54,48.31,0.0,22,confirmed_bearish_trend,42,mixed_or_bearish,41.91,78.669998,0.65,-0.00291513,-0.02249012,0.01535874,0.01183277,,4H EMA 空头排列；4H MACD 尚未确认多头
119,SYM,Symbotic Inc. - Class A Common Stock,,Early,Nasdaq 200,112,20.26,30.9,32.9,87.25,51.96,33.53,31.7,38.38,15.0,bearish_transition,49.8,bullish_below_zero_proxy,48.56,45.71,0.0,22,confirmed_bearish_trend,42,mixed_or_bearish,40.85,40.830002,0.71,-0.03315174,-0.03770912,0.01643027,-0.13860759,,4H EMA 空头排列；4H MACD 尚未确认多头
120,MPWR,Monolithic Power Systems,Information Technology,Early,Nasdaq 200,133,20.22,29.9,51.7,39.22,51.96,37.85,36.5,33.54,15.0,bearish_transition,49.8,bullish_below_zero_proxy,31.74,47.1,0.0,22,confirmed_bearish_trend,58,bullish_above_signal,47.68,1328.800049,0.81,-0.00628171,0.03030921,-0.08177506,-0.19588499,4H MACD 位于 Signal 上方,4H EMA 空头排列
121,BIDU,"Baidu, Inc. - American Depositary Shares, each representing 8 ordinary share",,Early,Nasdaq 200,113,20.04,30.9,32.9,85.78,51.96,34.97,33.3,38.37,15.0,bearish_transition,49.8,bullish_below_zero_proxy,48.55,45.71,0.0,22,confirmed_bearish_trend,50,mixed_or_bearish,44.87,109.809998,0.55,0.01310083,-0.03148703,-0.01577487,-0.18556704,4H MACD 柱体连续扩张,4H EMA 空头排列；4H MACD 尚未确认多头
122,GOOGL,Alphabet Inc. (Class A),Communication Services,Early,Nasdaq 200,143,19.96,26.36,40.9,74.51,51.96,35.69,34.1,31.49,15.0,bearish_transition,25.0,bearish_proxy,45.11,48.02,0.0,22,confirmed_bearish_trend,50,mixed_or_bearish,45.21,351.98999,0.7,0.01848954,-0.00153181,-0.03217029,-0.05462895,4H MACD 柱体连续扩张,4H EMA 空头排列；4H MACD 尚未确认多头
123,CPRT,Copart,Industrials,Early,Nasdaq 200,148,19.51,25.65,43.7,65.69,51.96,35.69,34.1,30.19,15.0,bearish_transition,25.0,bearish_proxy,42.1,45.42,0.0,22,confirmed_bearish_trend,58,bullish_above_signal,39.95,27.49,0.83,-0.00919088,0.00145716,-0.06876694,-0.10616157,4H MACD 位于 Signal 上方,4H EMA 空头排列；4H RSI 偏弱
124,GOOG,Alphabet Inc. (Class C),Communication Services,Early,Nasdaq 200,149,19.47,25.4,40.9,73.53,51.96,34.97,33.3,30.19,15.0,bearish_transition,20.0,fresh_bearish_cross_proxy,44.98,48.0,0.0,22,confirmed_bearish_trend,50,mixed_or_bearish,46.18,351.369995,0.52,0.01878854,0.00199473,-0.02957908,-0.04873162,4H MACD 柱体连续扩张,4H EMA 空头排列；4H MACD 尚未确认多头
125,MNST,Monster Beverage,Consumer Staples,Early,Nasdaq 200,82,19.07,40.12,32.9,57.84,51.96,43.23,40.25,41.46,35.0,mixed_sideways,25.0,bearish_proxy,56.8,51.11,0.0,41,bearish_transition,42,mixed_or_bearish,44.23,95.449997,0.86,-0.01364059,-0.01668902,0.04134838,0.07792201,,4H EMA 转弱或跌破 EMA26；4H MACD 尚未确认多头
126,MAR,Marriott International,Consumer Discretionary,Early,Nasdaq 200,151,18.58,25.54,43.7,59.8,51.96,37.85,36.5,29.86,15.0,bearish_transition,25.0,bearish_proxy,41.08,45.22,0.0,22,confirmed_bearish_trend,58,bullish_above_signal,43.43,366.929993,0.72,0.00404975,0.01113279,-0.07000379,-0.04797369,4H MACD 位于 Signal 上方,4H EMA 空头排列
127,ROIV,Roivant Sciences Ltd. - Common Shares,,Early,Nasdaq 200,87,18.28,39.54,32.9,53.92,51.96,44.17,41.3,41.26,35.0,mixed_sideways,25.0,bearish_proxy,57.92,47.58,0.0,38,bearish_transition,50,mixed_or_bearish,44.31,34.049999,0.79,-0.01929729,-0.01304351,0.09134609,0.15345525,4H MACD 柱体连续扩张,4H EMA 转弱或跌破 EMA26；4H MACD 尚未确认多头
128,LIN,Linde plc,Materials,Early,Nasdaq 200,139,18.11,26.85,32.9,82.35,51.96,41.36,40.4,32.61,15.0,bearish_transition,25.0,bearish_proxy,48.17,49.38,0.0,36,bearish_transition,50,mixed_or_bearish,40.01,512.049988,0.85,-0.00690444,-0.02293590,-0.00755892,0.00888596,4H MACD 柱体连续扩张,4H EMA 转弱或跌破 EMA26；4H MACD 尚未确认多头
129,WYNN,Wynn Resorts,Consumer Discretionary,Early,Nasdaq 200,153,18.1,25.42,43.7,56.86,51.96,36.5,35.0,29.52,15.0,bearish_transition,25.0,bearish_proxy,40.07,45.01,0.0,22,confirmed_bearish_trend,58,bullish_above_signal,39.28,95.660004,1.08,-0.00947443,-0.01533709,-0.06499848,-0.07681914,4H MACD 位于 Signal 上方,4H EMA 空头排列；4H RSI 偏弱
130,UAL,United Airlines Holdings,Industrials,Early,Nasdaq 200,136,17.9,26.7,25.9,100,51.96,39.2,38.0,33.29,15.0,bearish_transition,25.0,bearish_proxy,51.48,47.3,0.0,36,bearish_transition,50,mixed_or_bearish,35.48,117.519997,0.83,0.00616433,-0.03000291,0.01485314,0.11987798,4H MACD 柱体连续扩张,4H EMA 转弱或跌破 EMA26；4H MACD 尚未确认多头；4H RSI 偏弱
131,ASND,Ascendis Pharma A/S - Ordinary Share,,Early,Nasdaq 200,85,17.85,39.57,32.9,50.98,51.96,40.66,37.4,41.36,35.0,mixed_sideways,25.0,bearish_proxy,58.21,47.64,0.0,38,bearish_transition,42,mixed_or_bearish,38.79,251.759995,1.21,-0.04704950,-0.04963953,0.08911572,0.15169253,,4H EMA 转弱或跌破 EMA26；4H MACD 尚未确认多头；4H RSI 偏弱
132,FAST,Fastenal,Industrials,Early,Nasdaq 200,131,17.79,27.64,32.9,78.43,51.96,31.37,29.3,34.73,15.0,bearish_transition,25.0,bearish_proxy,54.37,51.12,0.0,22,confirmed_bearish_trend,42,mixed_or_bearish,39.12,44.759998,0.88,-0.01809808,-0.04867165,-0.00289599,-0.05099126,,4H EMA 空头排列；4H MACD 尚未确认多头；4H RSI 偏弱
133,KDP,Keurig Dr Pepper,Consumer Staples,Early,Nasdaq 200,141,17.61,26.7,32.9,79.41,51.96,33.53,31.7,32.19,15.0,bearish_transition,25.0,bearish_proxy,46.91,49.13,0.0,22,confirmed_bearish_trend,42,mixed_or_bearish,41.38,30.440001,0.69,-0.01120672,-0.02638727,-0.01456776,0.01264145,,4H EMA 空头排列；4H MACD 尚未确认多头
134,RVMD,"Revolution Medicines, Inc. - Common Stock",,Early,Nasdaq 200,73,17.35,40.33,40.9,24.51,51.96,42.82,39.8,43.57,35.0,mixed_sideways,25.0,bearish_proxy,64.9,48.98,0.0,38,bearish_transition,42,mixed_or_bearish,45.88,180.389999,1.95,-0.02602455,-0.01945971,0.14337323,0.15931871,,4H EMA 转弱或跌破 EMA26；4H MACD 尚未确认多头
135,ICLR,ICON plc - Ordinary Shares,,Early,Nasdaq 200,68,17.29,40.59,40.9,23.53,51.96,44.03,41.15,44.57,38.0,mixed_sideways,25.0,bearish_proxy,65.22,49.04,0.0,41,bearish_transition,42,mixed_or_bearish,47.82,166.179993,1.13,-0.02575153,0.00024072,0.16023178,0.08792139,,4H EMA 转弱或跌破 EMA26；4H MACD 尚未确认多头
136,NDSN,Nordson Corporation,Industrials,Early,Nasdaq 200,138,17.23,26.98,29.3,85.78,51.96,29.75,27.5,32.81,15.0,bearish_transition,25.0,bearish_proxy,48.55,49.96,0.0,22,confirmed_bearish_trend,28,fresh_bearish_cross,43.59,285.23999,0.91,-0.02171011,-0.00464116,-0.01697317,-0.00425889,,4H EMA 空头排列；4H MACD 最近死叉
137,STLD,Steel Dynamics,Materials,Early,Nasdaq 200,132,17.1,29.7,43.7,40.2,51.96,38.66,37.4,34.27,18.0,bearish_transition,51.15,bullish_below_zero_proxy,31.9,43.38,0.0,22,confirmed_bearish_trend,58,bullish_above_signal,43.68,230.490005,2.11,-0.02206287,-0.01630316,-0.14655460,-0.16748531,4H MACD 位于 Signal 上方,4H EMA 空头排列
138,AMD,Advanced Micro Devices,Information Technology,Early,Nasdaq 200,129,16.92,38.17,32.9,48.04,51.96,41.36,40.4,35.35,35.0,mixed_sideways,25.0,bearish_proxy,37.85,48.32,0.0,36,bearish_transition,50,mixed_or_bearish,43.66,503.570007,0.57,-0.00248602,-0.05772609,-0.01658007,-0.03750071,4H MACD 柱体连续扩张,4H EMA 转弱或跌破 EMA26；4H MACD 尚未确认多头
139,PEP,PepsiCo,Consumer Staples,Early,Nasdaq 200,144,16.5,26.46,32.9,72.55,51.96,33.53,31.7,31.48,15.0,bearish_transition,25.0,bearish_proxy,44.76,48.7,0.0,22,confirmed_bearish_trend,42,mixed_or_bearish,41.65,135.460007,0.72,-0.00805500,-0.02201998,-0.04349660,-0.04706287,,4H EMA 空头排列；4H MACD 尚未确认多头
140,GEHC,GE HealthCare,Health Care,Early,Nasdaq 200,128,16.45,28.0,32.9,68.63,51.96,33.53,31.7,35.38,15.0,bearish_transition,25.0,bearish_proxy,55.87,52.42,0.0,22,confirmed_bearish_trend,42,mixed_or_bearish,44.51,62.830002,0.72,-0.00285663,-0.03797269,0.02747343,-0.01528090,,4H EMA 空头排列；4H MACD 尚未确认多头
141,MEDP,"Medpace Holdings, Inc. - Common Stock",,Early,Nasdaq 200,70,16.24,40.51,40.9,16.67,51.96,44.03,41.15,44.11,35.0,mixed_sideways,25.0,bearish_proxy,66.55,49.31,0.0,41,bearish_transition,42,mixed_or_bearish,47.6,527.929993,1.05,-0.02030175,-0.00371774,0.15445005,0.15215732,,4H EMA 转弱或跌破 EMA26；4H MACD 尚未确认多头
142,AFRM,"Affirm Holdings, Inc. - Class A Common Stock",,Early,Nasdaq 200,89,16.17,39.4,25.9,58.82,51.96,39.85,36.5,40.84,35.0,mixed_sideways,25.0,bearish_proxy,56.64,47.33,0.0,36,bearish_transition,42,mixed_or_bearish,36.64,75.32,1.13,-0.01901536,-0.08034190,0.06504523,0.09636104,,4H EMA 转弱或跌破 EMA26；4H MACD 尚未确认多头；4H RSI 偏弱
143,ILMN,"Illumina, Inc. - Common Stock",,Early,Nasdaq 200,69,16.14,40.65,40.9,15.69,51.96,43.23,40.25,44.53,35.0,mixed_sideways,25.0,bearish_proxy,67.82,49.56,0.0,41,bearish_transition,42,mixed_or_bearish,47.51,184.679993,1.05,-0.00535888,-0.02830688,0.16085233,0.09902405,,4H EMA 转弱或跌破 EMA26；4H MACD 尚未确认多头
144,WBD,Warner Bros. Discovery,Communication Services,Early,Nasdaq 200,137,16.14,26.21,22.3,99.02,51.96,27.37,24.85,33.2,18.0,bearish_transition,21.35,fresh_bearish_cross_proxy,51.26,47.25,0.0,22,confirmed_bearish_trend,28,fresh_bearish_cross,35.8,25.860001,3.19,-0.04522791,-0.04452244,-0.01354183,-0.04257679,,4H EMA 空头排列；4H MACD 最近死叉；4H RSI 偏弱
145,CSCO,Cisco,Information Technology,Early,Nasdaq 200,146,15.49,25.69,32.9,67.65,51.96,33.53,31.7,30.31,15.0,bearish_transition,25.0,bearish_proxy,42.44,45.49,0.0,22,confirmed_bearish_trend,50,mixed_or_bearish,39.79,110.699997,0.68,-0.01861707,-0.07169814,-0.05706989,-0.14855980,4H MACD 柱体连续扩张,4H EMA 空头排列；4H MACD 尚未确认多头；4H RSI 偏弱
146,TXN,Texas Instruments,Information Technology,Early,Nasdaq 200,147,14.34,26.18,32.9,58.82,51.96,31.37,29.3,30.25,15.0,bearish_transition,25.0,bearish_proxy,40.58,48.87,0.0,22,confirmed_bearish_trend,42,mixed_or_bearish,39.78,284.070007,0.66,-0.01273734,-0.04779935,-0.05815450,-0.06969051,,4H EMA 空头排列；4H MACD 尚未确认多头；4H RSI 偏弱
147,BKR,Baker Hughes,Energy,Early,Nasdaq 200,127,13.86,30.58,29.3,54.9,51.96,29.75,27.5,35.95,15.0,bearish_transition,49.8,bullish_below_zero_proxy,39.52,47.65,0.0,22,confirmed_bearish_trend,28,fresh_bearish_cross,40.09,55.150002,0.71,-0.01579366,-0.04353101,-0.08220999,-0.16603653,,4H EMA 空头排列；4H MACD 最近死叉
148,GH,"Guardant Health, Inc. - Common Stock",,Early,Nasdaq 200,72,13.66,40.42,32.9,21.08,51.96,40.66,37.4,43.83,35.0,mixed_sideways,25.0,bearish_proxy,65.69,49.14,0.0,38,bearish_transition,42,mixed_or_bearish,39.92,148.070007,1.09,-0.05392619,-0.06586328,0.14649643,0.11301539,,4H EMA 转弱或跌破 EMA26；4H MACD 尚未确认多头；4H RSI 偏弱
149,NTRA,"Natera, Inc. - Common Stock",,Early,Nasdaq 200,71,13.3,40.44,32.9,18.63,51.96,42.01,38.9,43.9,35.0,mixed_sideways,25.0,bearish_proxy,65.91,49.18,0.0,38,bearish_transition,42,mixed_or_bearish,42.33,262.630005,0.78,-0.03288405,-0.03088559,0.15905384,0.18355120,,4H EMA 转弱或跌破 EMA26；4H MACD 尚未确认多头
150,AXON,Axon Enterprise,Industrials,Early,Nasdaq 200,65,13.08,41.49,32.9,14.71,51.96,44.17,41.3,45.29,35.0,mixed_sideways,25.0,bearish_proxy,68.18,53.89,0.0,38,bearish_transition,50,mixed_or_bearish,44.85,527.47998,0.87,0.01987619,-0.03565030,0.24592253,0.02778537,4H MACD 柱体连续扩张,4H EMA 转弱或跌破 EMA26；4H MACD 尚未确认多头
151,IREN,IREN Limited - Ordinary Shares,,Early,Nasdaq 200,197,12.83,20.95,54.1,4.41,51.96,49.73,49.7,17.05,18.0,bearish_transition,25.0,bearish_proxy,0.0,36.0,0.0,36,bearish_transition,72,fresh_below_zero_cross,48.46,40.200001,1.41,0.15186583,0.02997699,-0.30820856,-0.35025050,4H MACD 刚金叉但仍需零轴确认；4H MACD 柱体连续扩张；4H RSI 位于健康强势区间,4H EMA 转弱或跌破 EMA26
152,AVAV,"AeroVironment, Inc. - Common Stock",,Early,Nasdaq 200,184,12.59,22.46,46.1,20.59,51.96,41.63,40.7,21.25,15.0,bearish_transition,25.0,bearish_proxy,15.46,39.09,0.0,22,confirmed_bearish_trend,72,fresh_below_zero_cross,40.77,142.600006,0.65,-0.03446405,0.00514563,-0.14477629,-0.30204098,4H MACD 刚金叉但仍需零轴确认；4H MACD 柱体连续扩张,4H EMA 空头排列
153,TSEM,Tower Semiconductor Ltd. - Ordinary Shares,,Early,Nasdaq 200,181,12.3,23.55,43.7,22.55,51.96,37.13,35.7,22.53,15.0,bearish_transition,25.0,bearish_proxy,17.18,44.19,0.0,22,confirmed_bearish_trend,58,bullish_above_signal,42.87,227.210007,0.44,-0.05000623,-0.01075403,-0.14889866,-0.13032995,4H MACD 位于 Signal 上方,4H EMA 空头排列
154,NXPI,NXP Semiconductors,Information Technology,Early,Nasdaq 200,160,12.09,25.63,32.9,45.1,51.96,31.37,29.3,28.64,15.0,bearish_transition,25.0,bearish_proxy,35.68,47.89,0.0,22,confirmed_bearish_trend,42,mixed_or_bearish,39.58,267.179993,0.77,-0.01092071,-0.04012938,-0.10381381,-0.17063480,,4H EMA 空头排列；4H MACD 尚未确认多头；4H RSI 偏弱
155,ADI,Analog Devices,Information Technology,Early,Nasdaq 200,161,11.94,25.61,32.9,44.12,51.96,31.37,29.3,28.58,15.0,bearish_transition,25.0,bearish_proxy,35.5,47.85,0.0,22,confirmed_bearish_trend,42,mixed_or_bearish,38.41,372.459991,0.85,-0.01603574,-0.03557747,-0.10096796,-0.13136971,,4H EMA 空头排列；4H MACD 尚未确认多头；4H RSI 偏弱
156,MDB,"MongoDB, Inc. - Class A Common Stock",,Early,Nasdaq 200,163,11.93,24.76,32.9,46.08,51.96,35.69,34.1,27.99,15.0,bearish_transition,25.0,bearish_proxy,35.89,43.18,0.0,22,confirmed_bearish_trend,50,mixed_or_bearish,42.44,323.359985,0.61,0.01185962,-0.04325707,-0.03350576,-0.14913330,4H MACD 柱体连续扩张,4H EMA 空头排列；4H MACD 尚未确认多头
157,TER,Teradyne,Information Technology,Early,Nasdaq 200,190,11.63,22.68,46.1,13.73,51.96,41.63,40.7,19.98,15.0,bearish_transition,25.0,bearish_proxy,9.44,42.64,0.0,22,confirmed_bearish_trend,72,fresh_below_zero_cross,41.27,333.76001,0.67,0.01246782,-0.02148989,-0.18318195,-0.17987021,4H MACD 刚金叉但仍需零轴确认；4H MACD 柱体连续扩张,4H EMA 空头排列
158,ARGX,argenx SE - American Depositary Shares,,Early,Nasdaq 200,152,11.55,25.36,25.9,60.78,51.96,31.37,29.3,29.76,15.0,bearish_transition,25.0,bearish_proxy,41.25,44.25,0.0,22,confirmed_bearish_trend,42,mixed_or_bearish,34.08,846.190002,0.85,-0.01353461,-0.03527414,-0.05113309,0.00367692,,4H EMA 空头排列；4H MACD 尚未确认多头；4H RSI 偏弱
159,STRL,"Sterling Infrastructure, Inc. - Common Stock",,Early,Nasdaq 200,185,11.47,22.44,43.7,19.61,51.96,37.85,36.5,21.19,15.0,bearish_transition,25.0,bearish_proxy,15.27,39.05,0.0,22,confirmed_bearish_trend,66,bullish_above_signal,38.61,650.219971,0.8,0.01244101,-0.01402642,-0.22537532,-0.34554573,4H MACD 位于 Signal 上方；4H MACD 柱体连续扩张,4H EMA 空头排列；4H RSI 偏弱
160,WWD,"Woodward, Inc. - Common Stock",,Early,Nasdaq 200,165,11.43,24.59,32.9,43.14,51.96,37.04,35.6,27.48,15.0,bearish_transition,25.0,bearish_proxy,34.34,42.87,0.0,36,bearish_transition,42,mixed_or_bearish,39.21,390.75,0.73,-0.01620151,-0.01599095,-0.10172414,0.08427214,,4H EMA 转弱或跌破 EMA26；4H MACD 尚未确认多头；4H RSI 偏弱
161,DKNG,DraftKings Inc. - Class A Common Stock,,Early,Nasdaq 200,154,10.77,25.23,25.9,55.88,51.96,32.18,30.2,29.37,15.0,bearish_transition,25.0,bearish_proxy,40.06,44.01,0.0,22,confirmed_bearish_trend,42,mixed_or_bearish,36.77,24.32,1.36,-0.01994765,-0.08088027,-0.07633878,-0.04138750,,4H EMA 空头排列；4H MACD 尚未确认多头；4H RSI 偏弱
162,TLN,Talen Energy Corporation - Common Stock,,Early,Nasdaq 200,172,9.85,23.86,32.9,34.31,51.96,31.37,29.3,24.94,15.0,bearish_transition,25.0,bearish_proxy,26.18,42.24,0.0,22,confirmed_bearish_trend,42,mixed_or_bearish,38.25,360.320007,0.91,-0.04657072,-0.09092739,-0.12044133,-0.04699936,,4H EMA 空头排列；4H MACD 尚未确认多头；4H RSI 偏弱
163,RYAAY,"Ryanair Holdings plc - American Depositary Shares, each representing five Ordinary Shares",,Early,Nasdaq 200,116,9.02,38.46,19.65,83.33,51.96,37.04,35.6,38.1,35.0,mixed_sideways,25.0,bearish_proxy,48.34,45.67,0.0,36,bearish_transition,42,mixed_or_bearish,29.19,58.91,0.82,-0.07679049,-0.07866749,-0.02836881,0.03369008,,4H EMA 转弱或跌破 EMA26；4H MACD 尚未确认多头；4H RSI 偏弱
164,MU,Micron Technology,Information Technology,Early,Nasdaq 200,175,9.0,23.94,32.9,28.43,51.96,34.97,33.3,23.67,15.0,bearish_transition,25.0,bearish_proxy,20.63,44.88,0.0,22,confirmed_bearish_trend,50,mixed_or_bearish,40.19,865.460022,0.5,-0.03511862,-0.07635003,-0.16907334,-0.13208376,4H MACD 柱体连续扩张,4H EMA 空头排列；4H MACD 尚未确认多头
165,ON,ON Semiconductor,Information Technology,Early,Nasdaq 200,188,8.39,22.91,36.7,16.67,51.96,35.69,34.1,20.65,15.0,bearish_transition,25.0,bearish_proxy,11.48,43.05,0.0,22,confirmed_bearish_trend,58,bullish_above_signal,37.8,86.699997,0.57,-0.03279788,-0.04018604,-0.23185971,-0.34228499,4H MACD 位于 Signal 上方,4H EMA 空头排列；4H RSI 偏弱
166,RGLD,"Royal Gold, Inc. - Common Stock",,Early,Nasdaq 200,169,8.24,24.32,25.9,41.18,51.96,31.37,29.3,26.69,15.0,bearish_transition,25.0,bearish_proxy,31.95,42.39,0.0,22,confirmed_bearish_trend,42,mixed_or_bearish,34.34,187.360001,0.81,-0.01805504,-0.03168124,-0.14204599,-0.14913713,,4H EMA 空头排列；4H MACD 尚未确认多头；4H RSI 偏弱
167,MCHP,Microchip Technology,Information Technology,Early,Nasdaq 200,166,7.94,25.13,25.9,37.25,51.96,31.37,29.3,27.17,15.0,bearish_transition,25.0,bearish_proxy,31.23,47.0,0.0,22,confirmed_bearish_trend,42,mixed_or_bearish,37.6,80.510002,0.82,-0.01589043,-0.04427821,-0.14442079,-0.16396678,,4H EMA 空头排列；4H MACD 尚未确认多头；4H RSI 偏弱
168,LECO,"Lincoln Electric Holdings, Inc. - Common Shares",,Early,Nasdaq 200,162,7.88,24.86,22.3,47.06,51.96,27.59,25.1,28.29,15.0,bearish_transition,25.0,bearish_proxy,36.79,43.36,0.0,22,confirmed_bearish_trend,28,fresh_bearish_cross,36.3,245.440002,0.9,-0.03603481,-0.02275486,-0.08981681,-0.06991554,,4H EMA 空头排列；4H MACD 最近死叉；4H RSI 偏弱
169,CRDO,Credo Technology Group Holding Ltd - Ordinary Shares,,Early,Nasdaq 200,186,6.96,22.31,32.9,18.63,51.96,32.81,30.9,20.8,15.0,bearish_transition,25.0,bearish_proxy,14.09,38.82,0.0,22,confirmed_bearish_trend,50,mixed_or_bearish,39.19,212.070007,0.52,0.01468903,-0.10352550,-0.15005406,-0.02496549,4H MACD 柱体连续扩张,4H EMA 空头排列；4H MACD 尚未确认多头；4H RSI 偏弱
170,KTOS,"Kratos Defense & Security Solutions, Inc. - Common Stock",,Early,Nasdaq 200,178,5.82,23.68,25.9,26.47,51.96,31.37,29.3,23.12,15.0,bearish_transition,25.0,bearish_proxy,19.18,44.09,0.0,22,confirmed_bearish_trend,42,mixed_or_bearish,36.63,45.939999,0.68,-0.02514591,-0.02213710,-0.18227129,-0.27528002,,4H EMA 空头排列；4H MACD 尚未确认多头；4H RSI 偏弱
171,STX,Seagate Technology,Information Technology,Early,Nasdaq 200,194,5.76,22.25,32.9,10.78,51.96,35.69,34.1,18.72,15.0,bearish_transition,25.0,bearish_proxy,5.63,41.88,0.0,22,confirmed_bearish_trend,50,mixed_or_bearish,43.59,802.450012,0.88,-0.00115608,-0.06727651,-0.24730323,-0.13336716,4H MACD 柱体连续扩张,4H EMA 空头排列；4H MACD 尚未确认多头
172,AMAT,Applied Materials,Information Technology,Early,Nasdaq 200,177,5.55,23.75,25.9,24.51,51.96,37.04,35.6,23.13,15.0,bearish_transition,25.0,bearish_proxy,18.99,44.55,0.0,36,bearish_transition,42,mixed_or_bearish,37.3,525.700012,0.55,-0.03468667,-0.08648576,-0.11379709,0.04730509,,4H EMA 转弱或跌破 EMA26；4H MACD 尚未确认多头；4H RSI 偏弱
173,FLEX,Flex Ltd.,Information Technology,Early,Nasdaq 200,179,5.45,23.06,25.9,25.49,51.96,33.53,31.7,22.6,15.0,bearish_transition,25.0,bearish_proxy,19.08,40.82,0.0,22,confirmed_bearish_trend,50,mixed_or_bearish,34.33,119.910004,0.93,-0.00099971,-0.07412548,-0.16199590,-0.24830742,4H MACD 柱体连续扩张,4H EMA 空头排列；4H MACD 尚未确认多头；4H RSI 偏弱
174,KLAC,KLA Corporation,Information Technology,Early,Nasdaq 200,180,5.33,23.57,25.9,23.53,51.96,31.37,29.3,22.58,15.0,bearish_transition,25.0,bearish_proxy,17.34,44.22,0.0,22,confirmed_bearish_trend,42,mixed_or_bearish,36.8,207.600006,0.7,-0.03817638,-0.06574862,-0.13036191,-0.02656309,,4H EMA 空头排列；4H MACD 尚未确认多头；4H RSI 偏弱
175,INTC,Intel,Information Technology,Early,Nasdaq 200,182,5.01,23.47,25.9,21.57,51.96,32.81,30.9,22.3,15.0,bearish_transition,25.0,bearish_proxy,16.47,44.04,0.0,22,confirmed_bearish_trend,50,mixed_or_bearish,35.34,97.059998,0.53,-0.00400204,-0.05840128,-0.19838127,-0.13176494,4H MACD 柱体连续扩张,4H EMA 空头排列；4H MACD 尚未确认多头；4H RSI 偏弱
176,NXT,Nextpower Inc. - Class A Common Stock,,Early,Nasdaq 200,176,4.62,23.11,22.3,29.41,51.96,27.59,25.1,23.14,15.0,bearish_transition,25.0,bearish_proxy,21.18,40.24,0.0,22,confirmed_bearish_trend,28,fresh_bearish_cross,36.55,100.230003,0.91,-0.06449502,0.00592136,-0.18730235,-0.33304496,,4H EMA 空头排列；4H MACD 最近死叉；4H RSI 偏弱
177,WDC,Western Digital,Information Technology,Early,Nasdaq 200,199,4.58,21.61,32.9,4.41,51.96,34.97,33.3,16.86,15.0,bearish_transition,25.0,bearish_proxy,0.0,40.75,0.0,22,confirmed_bearish_trend,50,mixed_or_bearish,40.37,487.420013,0.4,-0.00974164,-0.12263518,-0.31556555,-0.15304950,4H MACD 柱体连续扩张,4H EMA 空头排列；4H MACD 尚未确认多头
178,ISRG,Intuitive Surgical,Health Care,Early,Nasdaq 200,134,4.41,27.41,19.65,78.43,51.96,31.37,29.3,33.47,18.0,bearish_transition,26.35,bearish_proxy,46.35,50.52,0.0,22,confirmed_bearish_trend,42,mixed_or_bearish,31.52,353.170013,0.92,0.01093461,-0.13266531,-0.12186081,-0.15690084,,4H EMA 空头排列；4H MACD 尚未确认多头；4H RSI 偏弱
179,TEM,"Tempus AI, Inc. - Class A Common Stock",,Early,Nasdaq 200,126,4.33,37.68,19.65,53.92,51.96,37.85,36.5,36.06,38.0,mixed_sideways,25.0,bearish_proxy,39.41,43.88,0.0,36,bearish_transition,42,mixed_or_bearish,31.35,48.41,1.4,-0.09174482,-0.13429897,-0.00778850,-0.07322678,,4H EMA 转弱或跌破 EMA26；4H MACD 尚未确认多头；4H RSI 偏弱
180,NBIS,Nebius Group N.V. - Class A Ordinary Shares,,Early,Nasdaq 200,202,4.27,20.72,32.9,4.41,51.96,32.81,30.9,16.15,15.0,bearish_transition,25.0,bearish_proxy,0.0,36.0,0.0,22,confirmed_bearish_trend,50,mixed_or_bearish,39.07,182.619995,0.51,-0.01885784,-0.13261138,-0.34989857,-0.29685818,4H MACD 柱体连续扩张,4H EMA 空头排列；4H MACD 尚未确认多头；4H RSI 偏弱
181,LRCX,Lam Research,Information Technology,Early,Nasdaq 200,187,4.23,22.93,25.9,17.65,51.96,31.37,29.3,20.72,15.0,bearish_transition,25.0,bearish_proxy,11.7,43.09,0.0,22,confirmed_bearish_trend,42,mixed_or_bearish,36.04,306.76001,0.58,-0.03312629,-0.06974769,-0.18011489,-0.08824491,,4H EMA 空头排列；4H MACD 尚未确认多头；4H RSI 偏弱
182,FER,Ferrovial N.V. - Ordinary Shares,,Early,Nasdaq 200,159,3.78,25.02,30.45,50.98,51.96,37.85,36.5,28.75,15.0,bearish_transition,25.0,bearish_proxy,38.19,43.64,0.0,22,confirmed_bearish_trend,66,bullish_above_signal,30.72,63.450001,0.72,-0.00408096,-0.00423729,-0.07695661,-0.04543403,4H MACD 位于 Signal 上方；4H MACD 柱体连续扩张,4H EMA 空头排列；4H RSI 偏弱
183,ALAB,"Astera Labs, Inc. - Common Stock",,Early,Nasdaq 200,191,3.59,21.93,25.9,15.69,51.96,32.81,30.9,19.69,15.0,bearish_transition,25.0,bearish_proxy,10.74,38.15,0.0,22,confirmed_bearish_trend,50,mixed_or_bearish,34.36,309.089996,0.43,-0.00614149,-0.14526298,-0.17517710,-0.13630648,4H MACD 柱体连续扩张,4H EMA 空头排列；4H MACD 尚未确认多头；4H RSI 偏弱
184,GRAB,Grab Holdings Limited - Class A Ordinary Shares,,Early,Nasdaq 200,100,3.25,39.03,32.9,88.24,51.96,43.36,40.4,39.77,35.0,mixed_sideways,25.0,bearish_proxy,53.39,46.68,0.0,36,bearish_transition,50,mixed_or_bearish,41.38,3.62,0.92,0.00976290,-0.08005083,0.04775687,0.04775687,4H MACD 柱体连续扩张,4H EMA 转弱或跌破 EMA26；4H MACD 尚未确认多头
185,SNDK,Sandisk,Information Technology,Early,Nasdaq 200,196,2.47,21.69,25.9,8.82,51.96,32.81,30.9,17.08,15.0,bearish_transition,25.0,bearish_proxy,0.65,40.88,0.0,22,confirmed_bearish_trend,50,mixed_or_bearish,37.31,1390.949951,0.48,-0.05987042,-0.16867886,-0.29075867,-0.20982224,4H MACD 柱体连续扩张,4H EMA 空头排列；4H MACD 尚未确认多头；4H RSI 偏弱
186,TSLA,"Tesla, Inc.",Consumer Discretionary,Early,Nasdaq 200,158,2.34,25.27,25.9,52.94,51.96,31.37,29.3,29.09,15.0,bearish_transition,25.0,bearish_proxy,38.77,44.75,0.0,22,confirmed_bearish_trend,42,mixed_or_bearish,32.54,369.570007,0.75,-0.03890462,-0.06378719,-0.06749596,-0.11683311,,4H EMA 空头排列；4H MACD 尚未确认多头；4H RSI 偏弱
187,ALNY,"Alnylam Pharmaceuticals, Inc. - Common Stock",,Early,Nasdaq 200,155,1.93,25.78,25.9,49.02,51.96,33.53,31.7,29.29,15.0,bearish_transition,25.0,bearish_proxy,37.88,47.83,0.0,22,confirmed_bearish_trend,50,mixed_or_bearish,33.69,272.670013,0.64,0.00813403,-0.05329483,-0.03582028,-0.10199579,4H MACD 柱体连续扩张,4H EMA 空头排列；4H MACD 尚未确认多头；4H RSI 偏弱
188,MRVL,Marvell Technology,Information Technology,Early,Nasdaq 200,198,1.78,21.61,25.9,4.41,51.96,32.81,30.9,16.86,15.0,bearish_transition,25.0,bearish_proxy,0.0,40.75,0.0,22,confirmed_bearish_trend,50,mixed_or_bearish,34.87,194.940002,0.53,0.00624584,-0.10328175,-0.32695763,-0.38384222,4H MACD 柱体连续扩张,4H EMA 空头排列；4H MACD 尚未确认多头；4H RSI 偏弱
189,ARM,Arm Holdings plc - American Depositary Shares,,Early,Nasdaq 200,200,1.47,20.72,25.9,4.41,51.96,32.81,30.9,16.15,15.0,bearish_transition,25.0,bearish_proxy,0.0,36.0,0.0,22,confirmed_bearish_trend,50,mixed_or_bearish,37.23,269.609985,0.42,-0.01067813,-0.09838482,-0.35627057,-0.31456250,4H MACD 柱体连续扩张,4H EMA 空头排列；4H MACD 尚未确认多头；4H RSI 偏弱
190,SMMT,Summit Therapeutics Inc.  - Common Stock,,Early,Nasdaq 200,150,1.36,25.4,19.65,62.75,51.96,31.37,29.3,29.87,15.0,bearish_transition,25.0,bearish_proxy,41.58,44.32,0.0,22,confirmed_bearish_trend,42,mixed_or_bearish,29.4,13.5,0.73,-0.02842749,-0.11764706,-0.04119318,-0.09029650,,4H EMA 空头排列；4H MACD 尚未确认多头；4H RSI 偏弱
191,NFLX,Netflix,Communication Services,Early,Nasdaq 200,156,0.39,24.74,19.65,57.84,51.96,31.37,29.3,29.29,18.0,bearish_transition,20.0,fresh_bearish_cross_proxy,40.43,45.09,0.0,22,confirmed_bearish_trend,42,mixed_or_bearish,28.86,67.599998,0.82,-0.01765609,-0.08475498,-0.12150746,-0.17126397,,4H EMA 空头排列；4H MACD 尚未确认多头；4H RSI 偏弱
192,FTAI,FTAI Aviation Ltd. - Common Stock,,Early,Nasdaq 200,193,0.18,21.66,39.1,11.76,51.96,39.47,38.3,18.89,15.0,bearish_transition,25.0,bearish_proxy,8.3,37.66,0.0,22,confirmed_bearish_trend,72,fresh_below_zero_cross,33.41,199.710007,0.85,-0.03939388,-0.04754858,-0.28029834,-0.20176664,4H MACD 刚金叉但仍需零轴确认；4H MACD 柱体连续扩张,4H EMA 空头排列；4H RSI 偏弱
193,APP,AppLovin,Information Technology,Early,Nasdaq 200,170,0,24.74,19.65,35.29,51.96,33.53,31.7,26.23,15.0,bearish_transition,25.0,bearish_proxy,28.61,45.97,0.0,22,confirmed_bearish_trend,50,mixed_or_bearish,29.82,424.600006,0.79,-0.01200671,-0.04153498,-0.11512169,-0.24053804,4H MACD 柱体连续扩张,4H EMA 空头排列；4H MACD 尚未确认多头；4H RSI 偏弱
194,QCOM,Qualcomm,Information Technology,Early,Nasdaq 200,173,0,24.12,25.9,31.37,51.96,33.53,31.7,24.2,15.0,bearish_transition,25.0,bearish_proxy,22.23,45.2,0.0,22,confirmed_bearish_trend,50,mixed_or_bearish,32.52,170.320007,0.67,-0.00531443,-0.07157258,-0.20033803,-0.29788109,4H MACD 柱体连续扩张,4H EMA 空头排列；4H MACD 尚未确认多头；4H RSI 偏弱
195,MTSI,"MACOM Technology Solutions Holdings, Inc. - Common Stock",,Early,Nasdaq 200,192,0,21.71,25.9,12.75,51.96,33.53,31.7,19.04,15.0,bearish_transition,25.0,bearish_proxy,8.77,37.75,0.0,22,confirmed_bearish_trend,50,mixed_or_bearish,32.47,269.799988,0.7,-0.02662532,-0.08237536,-0.26511049,-0.29506446,4H MACD 柱体连续扩张,4H EMA 空头排列；4H MACD 尚未确认多头；4H RSI 偏弱
196,GFS,GlobalFoundries Inc. - Ordinary Share,,Early,Nasdaq 200,195,0,21.3,19.65,9.8,51.96,33.53,31.7,17.84,15.0,bearish_transition,25.0,bearish_proxy,5.12,37.02,0.0,22,confirmed_bearish_trend,50,mixed_or_bearish,26.35,56.810001,0.69,-0.03433624,-0.11123275,-0.29520503,-0.32935897,4H MACD 柱体连续扩张,4H EMA 空头排列；4H MACD 尚未确认多头；4H RSI 偏弱
197,CRWV,"CoreWeave, Inc. - Class A Common Stock",,Early,Nasdaq 200,201,0,20.72,19.65,4.41,51.96,33.53,31.7,16.15,15.0,bearish_transition,25.0,bearish_proxy,0.0,36.0,0.0,22,confirmed_bearish_trend,50,mixed_or_bearish,30.89,73.059998,0.6,-0.01243586,-0.12324497,-0.36610125,-0.32380027,4H MACD 柱体连续扩张,4H EMA 空头排列；4H MACD 尚未确认多头；4H RSI 偏弱
198,RKLB,Rocket Lab Corporation - Common Stock,,Early,Nasdaq 200,203,0,20.72,19.65,4.41,51.96,33.53,31.7,16.15,15.0,bearish_transition,25.0,bearish_proxy,0.0,36.0,0.0,22,confirmed_bearish_trend,50,mixed_or_bearish,28.67,65.739998,0.59,-0.06379953,-0.14362015,-0.39050624,-0.45175552,4H MACD 柱体连续扩张,4H EMA 空头排列；4H MACD 尚未确认多头；4H RSI 偏弱
199,IONS,"Ionis Pharmaceuticals, Inc. - Common Stock",,Early,Nasdaq 200,189,0,22.64,19.65,14.71,51.96,32.81,30.9,20.07,15.0,bearish_transition,25.0,bearish_proxy,9.95,42.24,0.0,22,confirmed_bearish_trend,50,mixed_or_bearish,20.04,52.950001,0.41,-0.01853568,-0.06663139,-0.28715668,-0.29494005,4H MACD 柱体连续扩张,4H EMA 空头排列；4H MACD 尚未确认多头；4H RSI 偏弱
200,CDNS,Cadence Design Systems,Information Technology,Early,Nasdaq 200,168,0,25.04,19.65,38.24,51.96,32.18,30.2,27.11,15.0,bearish_transition,25.0,bearish_proxy,31.28,46.51,0.0,22,confirmed_bearish_trend,42,mixed_or_bearish,21.42,329.929993,1.12,0.00053066,-0.12703077,-0.15370017,-0.19867393,,4H EMA 空头排列；4H MACD 尚未确认多头；4H RSI 偏弱
201,SNPS,Synopsys,Information Technology,Early,Nasdaq 200,164,0,25.34,19.65,36.27,51.96,31.37,29.3,27.81,18.0,bearish_transition,26.35,bearish_proxy,29.65,46.18,0.0,22,confirmed_bearish_trend,42,mixed_or_bearish,19.67,378.459991,0.86,-0.00855332,-0.12761056,-0.18089346,-0.23453748,,4H EMA 空头排列；4H MACD 尚未确认多头；4H RSI 偏弱
202,PSKY,Paramount Skydance Corporation,Communication Services,Early,Nasdaq 200,167,0,24.62,19.65,42.16,51.96,31.37,29.3,27.17,15.0,bearish_transition,25.0,bearish_proxy,32.93,43.59,0.0,22,confirmed_bearish_trend,42,mixed_or_bearish,25.83,8.57,0.84,-0.02502844,-0.10167715,-0.14171257,-0.19756554,,4H EMA 空头排列；4H MACD 尚未确认多头；4H RSI 偏弱
203,FSLR,First Solar,Information Technology,Early,Nasdaq 200,171,0,24.4,19.65,32.35,51.96,31.37,29.3,25.02,15.0,bearish_transition,25.0,bearish_proxy,24.73,45.7,0.0,22,confirmed_bearish_trend,42,mixed_or_bearish,28.8,205.309998,0.82,-0.04606810,-0.07124763,-0.19404101,-0.34778744,,4H EMA 空头排列；4H MACD 尚未确认多头；4H RSI 偏弱
204,SMCI,Supermicro,Information Technology,Early,Nasdaq 200,174,0,24.01,19.65,30.39,51.96,31.37,29.3,23.89,15.0,bearish_transition,25.0,bearish_proxy,21.29,45.01,0.0,22,confirmed_bearish_trend,42,mixed_or_bearish,30.07,23.83,0.58,-0.05248509,-0.13877846,-0.14265156,-0.49178928,,4H EMA 空头排列；4H MACD 尚未确认多头；4H RSI 偏弱
