current_rank,ticker,name,sector,2026-06-25__predicted_rank,2026-06-25__close,2026-06-25__next_snapshot_return,2026-06-24__predicted_rank,2026-06-24__close,2026-06-24__next_snapshot_return,2026-06-23__predicted_rank,2026-06-23__close,2026-06-23__next_snapshot_return,2026-06-22__predicted_rank,2026-06-22__close,2026-06-22__next_snapshot_return,2026-06-19__predicted_rank,2026-06-19__close,2026-06-19__next_snapshot_return
1,MRVL,Marvell Technology,Information Technology,1,276.700012,,1,276.70001220703125,-0.00838589,1,279.0400085449219,-0.00838589,2,307.8599853515625,-0.09361398,,,
2,MU,Micron Technology,Information Technology,2,1048.51001,,2,1048.510009765625,-0.00309954,3,1051.77001953125,-0.00309954,1,1211.3800048828125,-0.13175882,1,1043.18994140625,0.06824575
3,AMAT,Applied Materials,Information Technology,3,588.969971,,3,588.969970703125,0.00527412,2,585.8800048828125,0.00527412,3,640.1799926757812,-0.08481989,2,592.9199829101562,0.03738393
4,KLAC,KLA Corporation,Information Technology,4,240.479996,,4,240.47999572753906,-0.01640149,4,244.49000549316406,-0.01640149,4,269.1600036621094,-0.09165552,3,238.72999572753906,0.03698567
5,LRCX,Lam Research,Information Technology,5,374.799988,,5,374.79998779296875,0.00934479,5,371.3299865722656,0.00934479,5,409.5400085449219,-0.0932998,4,374.17999267578125,0.05269381
6,TER,Teradyne,Information Technology,6,427.200012,,6,427.20001220703125,0.01685233,6,420.1199951171875,0.01685233,6,457.0,-0.08070022,5,408.55999755859375,0.0435696
7,DELL,Dell Technologies,Information Technology,7,434.059998,,7,434.05999755859375,0.01468044,7,427.7799987792969,0.01468044,14,418.7099914550781,0.02166177,7,419.32000732421875,0.02249084
8,ADI,Analog Devices,Information Technology,8,413.160004,,8,413.1600036621094,0.01448706,11,407.260009765625,0.01448706,15,445.4800109863281,-0.0857951,33,414.45001220703125,0.02536482
9,GNRC,Generac,Industrials,9,284.140015,,9,284.1400146484375,0.03496758,9,274.5400085449219,0.03496758,8,295.5400085449219,-0.07105637,21,268.20001220703125,0.05871395
10,AME,Ametek,Industrials,10,235.380005,,10,235.3800048828125,0.00555366,19,234.0800018310547,0.00555366,29,241.5500030517578,-0.03092527,28,231.27000427246094,0.01739533
11,MRNA,Moderna,Health Care,11,60.419998,,14,60.41999816894531,-0.0095082,14,61.0,-0.0095082,37,59.345001220703125,0.02788777,12,61.79999923706055,-0.07215447
12,CAT,Caterpillar Inc.,Industrials,12,994.450012,,11,994.4500122070312,0.01037349,17,984.239990234375,0.01037349,28,1022.280029296875,-0.03721094,34,955.9199829101562,0.03698444
13,UAL,United Airlines Holdings,Industrials,13,130.539993,,12,130.5399932861328,0.07396133,51,121.55000305175781,0.07396133,61,118.68000030517578,0.02418268,38,115.83000183105469,0.0030426
14,INTC,Intel,Information Technology,14,131.649994,,13,131.64999389648438,-0.00476262,13,132.27999877929688,-0.00476262,18,140.94000244140625,-0.06144459,14,121.0999984741211,0.05186954
15,CRL,Charles River Laboratories,Health Care,15,202.100006,,16,202.10000610351562,0.08306538,52,186.60000610351562,0.08306538,64,181.55999755859375,0.02775942,39,182.33999633789062,-0.01859459
16,AMD,Advanced Micro Devices,Information Technology,16,519.73999,,15,519.739990234375,-0.0002116,12,519.8499755859375,-0.0002116,10,551.6300048828125,-0.05761108,8,512.47998046875,0.02653665
17,GEV,GE Vernova,Industrials,17,1057.650024,,18,1057.6500244140625,0.0219038,29,1034.97998046875,0.0219038,23,1127.5899658203125,-0.08213092,20,1048.8599853515625,0.016094
18,EMR,Emerson Electric,Industrials,18,141.440002,,17,141.44000244140625,-0.01187648,15,143.13999938964844,-0.01187648,19,150.2100067138672,-0.04706744,11,149.0,-0.00298686
19,DLTR,Dollar Tree,Consumer Staples,19,119.349998,,19,119.3499984741211,0.05237633,50,113.41000366210938,0.05237633,43,113.93000030517578,-0.00456421,69,106.41000366210938,0.02042096
20,ETN,Eaton Corporation,Industrials,20,404.589996,,20,404.5899963378906,-0.00170253,18,405.2799987792969,-0.00170253,17,435.7799987792969,-0.06998944,19,409.6400146484375,0.03321716
21,RVTY,Revvity,Health Care,21,105.629997,,24,105.62999725341797,0.05735736,40,99.9000015258789,0.05735736,54,99.04000091552734,0.00868336,54,97.81999969482422,-0.0096
22,BAX,Baxter International,Health Care,22,21.040001,,21,21.040000915527344,0.04676617,34,20.100000381469727,0.04676617,51,19.65999984741211,0.02238047,31,19.389999389648438,-0.0115636
23,NCLH,Norwegian Cruise Line Holdings,Consumer Discretionary,23,21.01,,23,21.010000228881836,0.03040706,43,20.389999389648438,0.03040706,45,20.040000915527344,0.01746507,22,19.829999923706055,-0.01956947
24,TXN,Texas Instruments,Information Technology,24,303.109985,,22,303.1099853515625,-0.00410698,16,304.3599853515625,-0.00410698,21,332.2799987792969,-0.08402552,32,301.8800048828125,0.02917673
25,ROK,Rockwell Automation,Industrials,25,460.369995,,25,460.3699951171875,0.00878692,23,456.3599853515625,0.00878692,27,478.0799865722656,-0.04543173,26,458.69000244140625,0.00905464
26,BBY,Best Buy,Consumer Discretionary,26,77.629997,,26,77.62999725341797,0.03300067,37,75.1500015258789,0.03300067,44,76.01000213623047,-0.0113143,35,73.0999984741211,0.01712833
27,VRT,Vertiv,Industrials,27,316.429993,,28,316.42999267578125,-0.00593742,25,318.32000732421875,-0.00593742,7,357.9599914550781,-0.11073863,50,317.5799865722656,0.07479357
28,TECH,Bio-Techne,Health Care,28,58.880001,,27,58.875,0.04648063,49,56.2599983215332,0.04648063,53,55.61000061035156,0.01168855,29,55.0,-0.04021401
29,Q,Qnity Electronics,Information Technology,29,158.729996,,29,158.72999572753906,-0.01526149,20,161.19000244140625,-0.01526149,9,175.63999938964844,-0.08227055,17,156.72000122070312,0.03941295
30,CMI,Cummins,Industrials,30,694.869995,,30,694.8699951171875,-0.00597954,26,699.0499877929688,-0.00597954,40,724.9299926757812,-0.0357,48,717.780029296875,0.01125743
31,LUV,Southwest Airlines,Industrials,31,50.939999,,31,50.939998626708984,0.03096539,47,49.40999984741211,0.03096539,50,48.56999969482422,0.01729463,47,46.65999984741211,0.01250782
32,RCL,Royal Caribbean Group,Consumer Discretionary,32,320.950012,,32,320.95001220703125,0.03689465,62,309.5299987792969,0.03689465,58,309.3599853515625,0.00054952,64,301.4700012207031,-0.01007968
33,ZBH,Zimmer Biomet,Health Care,33,90.559998,,33,90.55999755859375,0.03414411,48,87.56999969482422,0.03414411,59,87.08999633789062,0.00551154,57,87.16000366210938,-0.01000341
34,WSM,"Williams-Sonoma, Inc.",Consumer Discretionary,34,235.660004,,36,235.66000366210938,0.04209782,57,226.13999938964844,0.04209782,34,226.05999755859375,0.00035389,15,221.14999389648438,-0.00378988
35,PCAR,Paccar,Industrials,35,117.029999,,34,117.02999877929688,0.00214078,33,116.77999877929688,0.00214078,42,120.12000274658203,-0.02780553,51,117.33999633789062,0.00983607
36,ABT,Abbott Laboratories,Health Care,36,90.489998,,35,90.48999786376953,-0.00044184,31,90.52999877929688,-0.00044184,62,87.83000183105469,0.0307412,59,88.5,-0.00656034
37,SW,Smurfit Westrock,Materials,37,46.560001,,38,46.560001373291016,0.04959423,64,44.36000061035156,0.04959423,48,45.38999938964844,-0.02269222,70,43.41999816894531,0.02692308
38,HPE,Hewlett Packard Enterprise,Information Technology,38,48.75,,37,48.75,-0.00347506,8,48.91999816894531,-0.00347506,20,48.400001525878906,0.0107438,13,48.20000076293945,0.02088167
39,WDC,Western Digital,Information Technology,39,643.830017,,39,643.8300170898438,-0.04013418,10,670.75,-0.04013418,13,732.6199951171875,-0.08445033,6,712.1300048828125,-0.01823834
40,EXPE,Expedia Group,Consumer Discretionary,40,262.149994,,40,262.1499938964844,0.06969437,102,245.07000732421875,0.06969437,150,238.02000427246094,0.02961936,123,239.47000122070312,-0.01195517
41,HRL,Hormel Foods,Consumer Staples,41,25.549999,,41,25.549999237060547,0.03357605,58,24.719999313354492,0.03357605,71,24.110000610351562,0.02530071,52,24.329999923706055,-0.00206954
42,APH,Amphenol,Information Technology,42,162.779999,,42,162.77999877929688,0.02570888,28,158.6999969482422,0.02570888,26,165.9600067138672,-0.04374548,16,161.11000061035156,0.0121981
43,IP,International Paper,Materials,43,38.299999,,43,38.29999923706055,0.047593,78,36.560001373291016,0.047593,66,36.88999938964844,-0.00894551,60,36.15999984741211,0.00190114
44,HUM,Humana,Health Care,44,361.640015,,46,361.6400146484375,0.00698911,38,359.1300048828125,0.00698911,49,360.7200012207031,-0.00440785,49,362.0,0.00019409
45,EW,Edwards Lifesciences,Health Care,45,89.660004,,44,89.66000366210938,0.03116734,46,86.94999694824219,0.03116734,56,85.87999725341797,0.01245925,43,86.68000030517578,-0.01694139
46,FLEX,Flex Ltd.,Information Technology,46,150.720001,,45,150.72000122070312,-0.00744155,32,151.85000610351562,-0.00744155,36,155.80999755859375,-0.02541557,,,
47,CAH,Cardinal Health,Health Care,47,233.009995,,47,233.00999450683594,0.01791097,54,228.91000366210938,0.01791097,73,222.74000549316406,0.02770046,61,226.27999877929688,0.0043739
48,MDT,Medtronic,Health Care,48,80.129997,,48,80.12999725341797,-0.00607714,41,80.62999725341797,-0.00607714,60,79.2699966430664,0.01715655,62,78.13999938964844,-0.00088228
49,NXPI,NXP Semiconductors,Information Technology,49,294.059998,,49,294.05999755859375,-0.01960392,21,299.94000244140625,-0.01960392,30,323.239990234375,-0.07208266,23,298.20001220703125,0.03182558
50,GEHC,GE HealthCare,Health Care,50,64.879997,,50,64.87999725341797,0.01820465,59,63.720001220703125,0.01820465,109,60.63999938964844,0.05079156,74,61.150001525878906,-0.01542458
51,AVGO,Broadcom,Information Technology,51,382.070007,,51,382.07000732421875,0.00505064,53,380.1499938964844,0.00505064,52,392.1300048828125,-0.03055109,45,392.8999938964844,-0.0467242
52,ON,ON Semiconductor,Information Technology,52,115.739998,,52,115.73999786376953,-0.01127627,24,117.05999755859375,-0.01127627,16,131.5500030517578,-0.11014823,44,112.91999816894531,0.08164776
53,GE,GE Aerospace,Industrials,53,365.880005,,53,365.8800048828125,0.02639773,70,356.4700012207031,0.02639773,74,355.1199951171875,0.00380153,40,357.0299987792969,-0.00704619
54,MCHP,Microchip Technology,Information Technology,54,92.480003,,54,92.4800033569336,-0.00836371,35,93.26000213623047,-0.00836371,24,102.70999908447266,-0.09200662,25,94.11000061035156,0.02946778
55,MGM,MGM Resorts,Consumer Discretionary,55,47.09,,55,47.09000015258789,0.00362319,45,46.91999816894531,0.00362319,39,46.56999969482422,0.00751557,36,46.939998626708984,-0.0057643
56,BDX,Becton Dickinson,Health Care,56,147.770004,,57,147.77000427246094,0.02675097,63,143.9199981689453,0.02675097,91,140.7100067138672,0.02281288,78,141.61000061035156,-0.02271149
57,WAB,Wabtec,Industrials,57,272.480011,,56,272.4800109863281,0.00821431,55,270.260009765625,0.00821431,63,276.75,-0.02345077,72,271.8599853515625,0.01066355
58,A,Agilent Technologies,Health Care,58,131.630005,,58,131.6300048828125,0.03915686,81,126.66999816894531,0.03915686,83,126.48999786376953,0.00142304,82,124.33000183105469,-0.00448607
59,PHM,PulteGroup,Consumer Discretionary,59,135.710007,,65,135.7100067138672,0.07238246,153,126.55000305175781,0.07238246,168,125.62000274658203,0.00740328,171,121.87999725341797,-0.01055451
60,DAL,Delta Air Lines,Industrials,60,90.650002,,60,90.6500015258789,0.04531827,84,86.72000122070312,0.04531827,81,85.91999816894531,0.00931099,73,82.25,0.02066999
61,APTV,Aptiv,Consumer Discretionary,61,60.419998,,59,60.41999816894531,-0.01628134,36,61.41999816894531,-0.01628134,31,63.56999969482422,-0.03382098,18,62.869998931884766,-0.00172739
62,NVDA,Nvidia,Information Technology,62,199.0,,61,199.0,-0.00519896,68,200.0399932861328,-0.00519896,65,208.64999389648438,-0.04126528,68,204.64999389648438,-0.00968247
63,ROP,Roper Technologies,Information Technology,63,331.600006,,62,331.6000061035156,0.00625114,60,329.5400085449219,0.00625114,72,325.0899963378906,0.01368852,85,329.9700012207031,-0.01563943
64,HOOD,Robinhood Markets,Financials,64,97.190002,,63,97.19000244140625,-0.05869249,39,103.25,-0.05869249,35,105.70999908447266,-0.02327121,41,105.19999694824219,-0.02256126
65,NRG,NRG Energy,Utilities,65,142.210007,,64,142.2100067138672,0.03305245,80,137.66000366210938,0.03305245,77,138.91000366210938,-0.00899863,66,132.1300048828125,0.02850585
66,VMC,Vulcan Materials Company,Materials,66,307.290009,,66,307.2900085449219,0.0274165,87,299.0899963378906,0.0274165,86,304.3900146484375,-0.01741187,113,294.82000732421875,0.00511821
67,ANET,Arista Networks,Information Technology,67,161.740005,,71,161.74000549316406,-0.002836,42,162.1999969482422,-0.002836,22,174.55999755859375,-0.0708066,24,164.92999267578125,0.02882065
68,INCY,Incyte,Health Care,68,108.459999,,67,108.45999908447266,0.03888889,96,104.4000015258789,0.03888889,97,103.66000366210938,0.00713872,127,98.98999786376953,0.05538587
69,CDW,CDW Corporation,Information Technology,69,130.220001,,68,130.22000122070312,0.0012302,44,130.05999755859375,0.0012302,75,123.56999969482422,0.05252084,46,126.69999694824219,-0.03739191
70,SYK,Stryker Corporation,Health Care,70,313.679993,,70,313.67999267578125,0.01187097,71,310.0,0.01187097,112,304.69000244140625,0.01742755,83,301.1400146484375,-0.01010396
71,IDXX,Idexx Laboratories,Health Care,71,549.159973,,69,549.1599731445312,0.01450186,67,541.3099975585938,0.01450186,70,545.72998046875,-0.00809924,65,546.0900268554688,-0.02910566
72,STX,Seagate Technology,Information Technology,72,993.25,,72,993.25,-0.04365534,30,1038.5899658203125,-0.04365534,12,1094.0400390625,-0.0506837,10,1066.0699462890625,0.02224755
73,SWK,Stanley Black & Decker,Industrials,73,89.660004,,73,89.66000366210938,0.06980074,128,83.80999755859375,0.06980074,92,86.30999755859375,-0.02896536,156,82.47000122070312,-0.00507205
74,C,Citigroup,Financials,74,143.589996,,74,143.58999633789062,-0.00951921,66,144.97000122070312,-0.00951921,69,145.6699981689453,-0.00480538,71,143.77999877929688,0.01824409
75,IQV,IQVIA,Health Care,75,185.619995,,75,185.6199951171875,0.08372256,206,171.27999877929688,0.08372256,296,167.80999755859375,0.02067815,291,170.6699981689453,0.00023842
76,DG,Dollar General,Consumer Staples,76,119.169998,,76,119.16999816894531,0.04005935,103,114.58000183105469,0.04005935,124,112.45999908447266,0.01885115,214,108.69000244140625,-0.00872631
77,DHI,D. R. Horton,Consumer Discretionary,77,166.509995,,79,166.50999450683594,0.06682471,188,156.0800018310547,0.06682471,149,155.94000244140625,0.00089778,120,152.47999572753906,-0.01184969
78,STE,Steris,Health Care,78,207.169998,,77,207.1699981689453,0.01948723,98,203.2100067138672,0.01948723,110,200.39999389648438,0.01402196,94,199.39999389648438,-0.01090766
79,PODD,Insulet Corporation,Health Care,79,148.880005,,78,148.8800048828125,0.03460737,115,143.89999389648438,0.03460737,185,138.97000122070312,0.03547528,104,143.52000427246094,-0.04658342
80,EQIX,Equinix,Real Estate,80,1095.0,,80,1095.0,-0.01875566,65,1115.9300537109375,-0.01875566,67,1115.93994140625,-8.96e-06,79,1088.52001953125,0.0217453
81,TGT,Target Corporation,Consumer Staples,81,141.199997,,81,141.1999969482422,0.05279248,164,134.11000061035156,0.05279248,155,129.72999572753906,0.03376243,185,127.80999755859375,-0.00772526
82,CARR,Carrier Global,Industrials,82,74.059998,,83,74.05999755859375,0.04678445,107,70.75,0.04678445,133,71.8499984741211,-0.01530967,209,69.48999786376953,0.00055703
83,VRTX,Vertex Pharmaceuticals,Health Care,83,475.200012,,82,475.20001220703125,0.01447419,85,468.4200134277344,0.01447419,88,466.7900085449219,0.00349193,133,458.989990234375,0.0335673
84,GL,Globe Life,Financials,84,175.639999,,87,175.63999938964844,0.00034172,82,175.5800018310547,0.00034172,98,172.0500030517578,0.02051729,145,171.25,0.00755446
85,KEYS,Keysight Technologies,Information Technology,85,351.299988,,88,351.29998779296875,-0.00363038,61,352.5799865722656,-0.00363038,47,373.3399963378906,-0.05560615,77,350.70001220703125,0.02659004
86,DLR,Digital Realty,Real Estate,86,193.020004,,84,193.02000427246094,-0.01015385,79,195.0,-0.01015385,68,195.5399932861328,-0.00276158,86,187.0800018310547,0.03927717
87,MPWR,Monolithic Power Systems,Information Technology,87,1434.949951,,85,1434.949951171875,0.00785947,72,1423.760009765625,0.00785947,46,1537.8800048828125,-0.07420605,58,1448.2099609375,-0.01651212
88,MSI,Motorola Solutions,Information Technology,88,400.600006,,86,400.6000061035156,0.02865653,94,389.44000244140625,0.02865653,84,392.2300109863281,-0.00711317,103,400.70001220703125,-0.00743984
89,RMD,ResMed,Health Care,89,196.5,,92,196.5,0.02739726,113,191.25999450683594,0.02739726,140,188.4499969482422,0.01491112,130,186.2899932861328,-0.00095425
90,PGR,Progressive Corporation,Financials,90,220.5,,97,220.5,0.02230052,117,215.69000244140625,0.02230052,245,207.3800048828125,0.04007137,348,204.4199981689453,0.01225167
91,COO,Cooper Companies (The),Health Care,91,68.830002,,93,68.83000183105469,0.04051398,138,66.1500015258789,0.04051398,137,65.41999816894531,0.01115867,108,65.05000305175781,-0.00743438
92,BLDR,Builders FirstSource,Industrials,92,85.410004,,89,85.41000366210938,0.11312394,289,76.7300033569336,0.11312394,187,77.33000183105469,-0.00775896,179,76.13999938964844,-0.04045167
93,MTD,Mettler Toledo,Health Care,93,1203.180054,,95,1203.1800537109375,0.04023724,121,1156.6400146484375,0.04023724,122,1164.0699462890625,-0.00638278,170,1129.530029296875,0.01679711
94,FSLR,First Solar,Information Technology,94,248.360001,,90,248.36000061035156,-0.00353073,56,249.24000549316406,-0.00353073,33,263.1099853515625,-0.05271559,27,254.8000030517578,0.0209934
95,MLM,Martin Marietta Materials,Materials,95,616.619995,,94,616.6199951171875,0.02058989,100,604.1799926757812,0.02058989,100,609.8800048828125,-0.0093461,186,591.0800170898438,0.0012477
96,VRSK,Verisk Analytics,Industrials,96,180.059998,,96,180.05999755859375,0.03032731,108,174.75999450683594,0.03032731,153,168.99000549316406,0.03414403,240,175.35000610351562,-0.02767549
97,DXCM,Dexcom,Health Care,97,69.75,,91,69.75,0.01204295,86,68.91999816894531,0.01204295,94,69.06999969482422,-0.00217171,30,71.2300033569336,-0.04691597
98,GPC,Genuine Parts Company,Consumer Discretionary,98,110.730003,,98,110.7300033569336,0.04001127,120,106.47000122070312,0.04001127,108,105.11000061035156,0.01293883,81,106.12000274658203,-0.03302668
99,MAS,Masco,Industrials,99,78.050003,,101,78.05000305175781,0.06611119,191,73.20999908447266,0.06611119,160,73.58000183105469,-0.00502854,149,72.62000274658203,-0.01075558
100,BKNG,Booking Holdings,Consumer Discretionary,100,181.25,,99,181.25,0.07286611,204,168.94000244140625,0.07286611,180,167.77000427246094,0.00697383,121,171.6300048828125,-0.02334381
101,URI,United Rentals,Industrials,101,1083.719971,,104,1083.719970703125,0.01935775,101,1063.1400146484375,0.01935775,82,1092.6800537109375,-0.02703445,114,1048.969970703125,0.01473798
102,HSIC,Henry Schein,Health Care,102,82.82,,100,82.81999969482422,0.03395755,114,80.0999984741211,0.03395755,144,78.66999816894531,0.0181772,91,79.97000122070312,-0.01564064
103,CVS,CVS Health,Health Care,103,101.870003,,105,101.87000274658203,0.00295363,89,101.56999969482422,0.00295363,105,101.30000305175781,0.00266535,169,99.16000366210938,0.03030919
104,CSCO,Cisco,Information Technology,104,119.730003,,102,119.7300033569336,-0.01172101,69,121.1500015258789,-0.01172101,55,121.52999877929688,-0.0031268,97,117.33000183105469,0.01664715
105,ABBV,AbbVie,Health Care,105,234.889999,,103,234.88999938964844,0.00055376,83,234.75999450683594,0.00055376,114,230.00999450683594,0.02065128,158,221.22999572753906,0.06245092
106,PPG,PPG Industries,Materials,106,120.980003,,111,120.9800033569336,0.02786746,137,117.69999694824219,0.02786746,101,118.91999816894531,-0.010259,105,117.13999938964844,0.00566596
107,KDP,Keurig Dr Pepper,Consumer Staples,107,31.4,,106,31.399999618530273,0.01716877,93,30.8700008392334,0.01716877,103,30.8700008392334,0.0,98,30.889999389648438,0.00357607
108,TDY,Teledyne Technologies,Information Technology,108,612.169983,,110,612.1699829101562,-0.00120736,77,612.9099731445312,-0.00120736,90,616.6500244140625,-0.00606503,90,615.3499755859375,-0.00472901
109,IBKR,Interactive Brokers,Financials,109,92.790001,,108,92.79000091552734,-0.02016895,99,94.69999694824219,-0.02016895,89,96.81999969482422,-0.0218963,140,95.08999633789062,0.00854167
110,STT,State Street Corporation,Financials,110,168.869995,,117,168.8699951171875,-0.02797444,73,173.72999572753906,-0.02797444,79,173.7100067138672,0.00011513,100,171.10000610351562,0.03208366
111,SNDK,Sandisk,Information Technology,111,1914.459961,,107,1914.4599609375,-0.02502546,112,1963.5999755859375,-0.02502546,11,2273.72998046875,-0.13639702,9,1958.800048828125,0.04072777
112,MNST,Monster Beverage,Consumer Staples,112,94.699997,,109,94.69999694824219,0.01078023,90,93.69000244140625,0.01078023,121,93.0199966430664,0.00720275,189,91.66000366210938,0.01839282
113,NVR,"NVR, Inc.",Consumer Discretionary,113,6764.830078,,112,6764.830078125,0.05873009,213,6389.56982421875,0.05873009,197,6352.5498046875,0.00582758,126,6275.93994140625,-0.02131898
114,SPG,Simon Property Group,Real Estate,114,222.149994,,113,222.14999389648438,0.02496078,119,216.74000549316406,0.02496078,152,214.57000732421875,0.01011325,159,209.86000061035156,0.01533147
115,DHR,Danaher Corporation,Health Care,115,188.869995,,114,188.8699951171875,0.05531653,232,178.97000122070312,0.05531653,196,178.19000244140625,0.00437735,117,177.75999450683594,0.00575718
116,GWW,W. W. Grainger,Industrials,116,1342.569946,,152,1342.5699462890625,0.01672877,151,1320.47998046875,0.01672877,136,1341.4200439453125,-0.01561032,255,1311.0999755859375,-0.01756981
117,KVUE,Kenvue,Consumer Staples,117,18.799999,,116,18.799999237060547,0.02091255,156,18.40999984741211,0.02091255,227,17.860000610351562,0.03079507,184,18.010000228881836,-0.01434879
118,NTAP,NetApp,Information Technology,118,155.559998,,115,155.55999755859375,-0.01432011,22,157.82000732421875,-0.01432011,25,158.30999755859375,-0.00309519,53,154.80999755859375,-0.00876589
119,TMO,Thermo Fisher Scientific,Health Care,119,492.200012,,120,492.20001220703125,0.04868435,199,469.3500061035156,0.04868435,229,464.010009765625,0.01150837,176,461.69000244140625,-0.00129141
120,DE,Deere & Company,Industrials,120,600.75,,121,600.75,0.01488327,139,591.9400024414062,0.01488327,234,598.5900268554688,-0.01110944,257,588.469970703125,0.0158679
121,DASH,DoorDash,Consumer Discretionary,121,177.929993,,119,177.92999267578125,0.03737174,162,171.52000427246094,0.03737174,171,172.0800018310547,-0.0032543,286,165.66000366210938,-0.00795572
122,CRH,CRH plc,Materials,122,112.019997,,118,112.0199966430664,0.01577802,134,110.27999877929688,0.01577802,139,111.25,-0.0087191,199,109.41000366210938,8.99e-05
123,KMB,Kimberly-Clark,Consumer Staples,123,106.730003,,122,106.7300033569336,0.02674363,165,103.94999694824219,0.02674363,200,100.5,0.03432836,172,101.47000122070312,-0.0200858
124,FFIV,"F5, Inc.",Information Technology,124,384.779999,,124,384.7799987792969,-0.01219418,75,389.5299987792969,-0.01219418,76,391.2699890136719,-0.00444706,89,384.8800048828125,0.0149939
125,LII,Lennox International,Industrials,125,551.75,,123,551.75,0.05378254,207,523.5900268554688,0.05378254,221,536.0399780273438,-0.02322588,320,516.1099853515625,0.00678023
126,AES,AES Corporation,Utilities,126,14.68,,125,14.680000305175781,-0.00136054,105,14.699999809265137,-0.00136054,130,14.649999618530273,0.00341297,96,14.609999656677246,0.00205198
127,FITB,Fifth Third Bancorp,Financials,127,54.959999,,126,54.959999084472656,0.00530455,118,54.66999816894531,0.00530455,138,53.61000061035156,0.01977243,122,52.58000183105469,0.01649602
128,ALL,Allstate,Financials,128,233.539993,,138,233.5399932861328,0.00859426,123,231.5500030517578,0.00859426,309,222.55999755859375,0.0403936,354,221.66000366210938,0.00628476
129,BAC,Bank of America,Financials,129,57.73,,127,57.72999954223633,-0.00310827,97,57.90999984741211,-0.00310827,115,57.369998931884766,0.00941258,111,56.529998779296875,0.02081851
130,WST,West Pharmaceutical Services,Health Care,130,340.410004,,130,340.4100036621094,0.01195041,136,336.3900146484375,0.01195041,131,329.7099914550781,0.02026023,161,323.5899963378906,0.00536667
131,AEP,American Electric Power,Utilities,131,134.960007,,128,134.9600067138672,0.00912218,104,133.74000549316406,0.00912218,165,130.3000030517578,0.02640061,198,128.27000427246094,0.02044013
132,USB,U.S. Bancorp,Financials,132,60.110001,,134,60.11000061035156,0.00099917,116,60.04999923706055,0.00099917,158,58.68000030517578,0.02334697,155,57.90999984741211,0.00928793
133,PNC,PNC Financial Services,Financials,133,239.919998,,136,239.9199981689453,0.00523736,110,238.6699981689453,0.00523736,123,234.7100067138672,0.01687188,109,233.1300048828125,0.01150664
134,TRV,Travelers Companies (The),Financials,134,320.73999,,135,320.739990234375,0.0119258,132,316.9599914550781,0.0119258,211,310.6099853515625,0.02044364,275,306.07000732421875,0.00909652
135,IR,Ingersoll Rand,Industrials,135,78.32,,133,78.31999969482422,0.02192067,135,76.63999938964844,0.02192067,111,77.87000274658203,-0.01579556,95,77.06999969482422,-0.00051341
136,CCL,Carnival Corporation,Consumer Discretionary,136,28.91,,129,28.90999984741211,0.0066156,146,28.719999313354492,0.0066156,85,30.190000534057617,-0.04869162,56,29.90999984741211,-0.02202786
137,BALL,Ball Corporation,Materials,137,60.98,,143,60.97999954223633,0.00810051,144,60.4900016784668,0.00810051,298,58.20000076293945,0.03934708,269,57.720001220703125,0.00831601
138,ISRG,Intuitive Surgical,Health Care,138,401.829987,,132,401.8299865722656,-0.00334838,124,403.17999267578125,-0.00334838,157,402.95001220703125,0.00057079,134,402.17999267578125,-0.00941541
139,HD,Home Depot (The),Consumer Discretionary,139,342.859985,,131,342.8599853515625,0.05674218,255,324.45001220703125,0.05674218,210,326.6199951171875,-0.00664381,136,327.4800109863281,-0.02291492
140,AXON,Axon Enterprise,Industrials,140,456.730011,,137,456.7300109863281,0.05470626,283,433.0400085449219,0.05470626,418,410.0299987792969,0.05611785,382,423.010009765625,-0.0315777
141,WAT,Waters Corporation,Health Care,141,369.179993,,139,369.17999267578125,0.03353863,174,357.20001220703125,0.03353863,179,358.25,-0.00293091,119,357.0,0.00790569
142,MTB,M&T Bank,Financials,142,233.259995,,142,233.25999450683594,0.00873551,130,231.24000549316406,0.00873551,148,227.72999572753906,0.01541299,128,225.85000610351562,0.01159382
143,MS,Morgan Stanley,Financials,143,219.860001,,140,219.86000061035156,-0.02729726,88,226.02999877929688,-0.02729726,80,227.08999633789062,-0.00466775,76,224.9600067138672,0.01756508
144,XYZ,"Block, Inc.",Financials,144,75.68,,141,75.68000030517578,0.04573718,248,72.37000274658203,0.04573718,269,73.06999969482422,-0.00957985,253,72.83999633789062,-0.02286708
145,WFC,Wells Fargo,Financials,145,84.300003,,148,84.30000305175781,0.00202068,122,84.12999725341797,0.00202068,125,83.83999633789062,0.00345897,107,83.80999755859375,0.01995134
146,CINF,Cincinnati Financial,Financials,146,178.449997,,147,178.4499969482422,0.01501621,169,175.80999755859375,0.01501621,208,172.4600067138672,0.01942479,262,171.47000122070312,0.0132785
147,ZBRA,Zebra Technologies,Information Technology,147,247.779999,,145,247.77999877929688,0.04231869,109,237.72000122070312,0.04231869,87,245.69000244140625,-0.03243925,272,232.97999572753906,0.04114755
148,HST,Host Hotels & Resorts,Real Estate,148,24.58,,144,24.579999923706055,-0.00966962,111,24.81999969482422,-0.00966962,95,25.1299991607666,-0.01233585,84,24.6200008392334,0.00479808
149,DVA,DaVita,Health Care,149,213.039993,,146,213.0399932861328,0.01000332,148,210.92999267578125,0.01000332,143,209.67999267578125,0.00596147,137,210.5800018310547,0.0085133
150,CNC,Centene Corporation,Health Care,150,62.970001,,150,62.970001220703125,-0.00269243,91,63.13999938964844,-0.00269243,96,63.68000030517578,-0.0084799,167,60.63999938964844,0.04359226
151,CFG,Citizens Financial Group,Financials,151,69.459999,,151,69.45999908447266,0.00681258,140,68.98999786376953,0.00681258,174,67.98999786376953,0.01470805,151,66.77999877929688,0.01356589
152,SJM,J.M. Smucker Company (The),Consumer Staples,152,111.629997,,149,111.62999725341797,0.01050059,129,110.47000122070312,0.01050059,170,107.19000244140625,0.03059987,115,112.95999908447266,-0.03310482
153,JPM,JPMorgan Chase,Financials,153,333.450012,,153,333.45001220703125,-0.002065,106,334.1400146484375,-0.002065,119,331.4800109863281,0.00802462,110,333.4599914550781,0.01924851
154,PH,Parker Hannifin,Industrials,154,961.090027,,157,961.0900268554688,0.01425737,163,947.5800170898438,0.01425737,129,962.1400146484375,-0.01513293,141,945.969970703125,0.00930481
155,SHW,Sherwin-Williams,Materials,155,333.130005,,154,333.1300048828125,0.03168164,209,322.8999938964844,0.03168164,270,316.8999938964844,0.01893342,233,313.79998779296875,-0.01212631
156,HBAN,Huntington Bancshares,Financials,156,17.58,,155,17.579999923706055,0.01034483,160,17.399999618530273,0.01034483,188,17.049999237060547,0.02052786,152,16.850000381469727,0.01126928
157,SWKS,Skyworks Solutions,Information Technology,157,71.400002,,156,71.4000015258789,-0.02777778,27,,-0.02777778,41,76.18000030517578,-0.03596745,63,69.37999725341797,0.05148378
158,AXP,American Express,Financials,158,342.559998,,158,342.55999755859375,0.01415122,157,337.7799987792969,0.01415122,147,338.07000732421875,-0.00085781,144,340.5400085449219,0.0002071
159,CNP,CenterPoint Energy,Utilities,159,43.860001,,163,43.86000061035156,0.00827586,155,43.5,0.00827586,205,43.119998931884766,0.00881262,208,42.630001068115234,0.00700607
160,FTNT,Fortinet,Information Technology,160,145.279999,,164,145.27999877929688,-0.01837838,76,148.0,-0.01837838,104,145.38999938964844,0.01795172,87,144.13999938964844,0.00456022
161,ALGN,Align Technology,Health Care,161,170.899994,,161,170.89999389648438,0.01430352,184,168.49000549316406,0.01430352,135,173.75999450683594,-0.03032919,99,173.52999877929688,-0.0456942
162,PG,Procter & Gamble,Consumer Staples,162,152.039993,,159,152.0399932861328,0.00782182,141,150.86000061035156,0.00782182,178,147.67999267578125,0.02153304,147,150.55999755859375,-0.01795452
163,ABNB,Airbnb,Consumer Discretionary,163,144.399994,,160,144.39999389648438,0.03997119,265,138.85000610351562,0.03997119,275,139.19000244140625,-0.0024427,243,140.5399932861328,-0.02261077
164,SO,Southern Company,Utilities,164,95.779999,,169,95.77999877929688,0.00895397,167,94.93000030517578,0.00895397,193,93.43000030517578,0.0160548,244,92.52999877929688,0.00365238
165,TPR,"Tapestry, Inc.",Consumer Discretionary,165,149.75,,165,149.75,-0.00518169,133,150.52999877929688,-0.00518169,116,149.1999969482422,0.00891421,106,145.8699951171875,0.03972125
166,TKO,TKO Group Holdings,Communication Services,166,203.509995,,162,203.50999450683594,0.00399605,143,202.6999969482422,0.00399605,219,197.25999450683594,0.02757782,305,194.52999877929688,-0.00764664
167,ECL,Ecolab,Materials,167,276.290009,,168,276.2900085449219,0.02840021,172,268.6600036621094,0.02840021,146,269.3399963378906,-0.00252469,153,269.05999755859375,0.00081748
168,RL,Ralph Lauren Corporation,Consumer Discretionary,168,414.25,,166,414.25,0.01778826,173,407.010009765625,0.01778826,38,410.9200134277344,-0.00951523,37,403.8500061035156,-0.00506041
169,SNA,Snap-on,Industrials,169,392.140015,,170,392.1400146484375,0.01630167,171,385.8500061035156,0.01630167,182,390.70001220703125,-0.01241362,259,381.260009765625,0.00890897
170,AMGN,Amgen,Health Care,170,351.429993,,167,351.42999267578125,0.01273739,159,347.010009765625,0.01273739,126,344.7200012207031,0.00664307,102,341.6600036621094,0.02109005
171,TDG,TransDigm Group,Industrials,171,1322.670044,,173,1322.6700439453125,0.01925744,185,1297.6800537109375,0.01925744,169,1295.9000244140625,0.00137356,118,1316.75,-0.02439942
172,DOV,Dover Corporation,Industrials,172,224.309998,,174,224.30999755859375,0.00344457,158,223.5399932861328,0.00344457,142,229.39999389648438,-0.0255449,225,220.7899932861328,0.02607684
173,BF-B,Brown–Forman,Consumer Staples,173,27.799999,,171,27.799999237060547,,195,27.239999771118164,,172,27.260000228881836,,366,25.510000228881836,
174,PKG,Packaging Corporation of America,Materials,174,237.850006,,177,237.85000610351562,0.0215608,193,232.8300018310547,0.0215608,173,234.02999877929688,-0.00512755,166,229.25999450683594,0.02187582
175,PCG,PG&E Corporation,Utilities,175,17.120001,,179,17.1200008392334,0.0208706,214,16.770000457763672,0.0208706,226,16.6299991607666,0.00841852,194,16.440000534057617,0.00910194
176,AWK,American Water Works,Utilities,176,129.639999,,172,129.63999938964844,0.02401264,178,126.5999984741211,0.02401264,156,124.91999816894531,0.01344861,200,125.41000366210938,-0.00119933
177,JNJ,Johnson & Johnson,Health Care,177,241.0,,183,241.0,0.00803078,168,239.0800018310547,0.00803078,207,231.2899932861328,0.03368066,204,234.1999969482422,0.01269758
178,J,Jacobs Solutions,Industrials,178,122.040001,,176,122.04000091552734,0.00942928,170,120.9000015258789,0.00942928,202,118.69999694824219,0.01853412,148,122.8499984741211,-0.01876498
179,AJG,Arthur J. Gallagher & Co.,Financials,179,220.759995,,190,220.75999450683594,0.02307906,276,215.77999877929688,0.02307906,307,209.0800018310547,0.03204515,254,216.08999633789062,-0.02326451
180,ED,Consolidated Edison,Utilities,180,110.720001,,194,110.72000122070312,0.01811494,201,108.75,0.01811494,199,106.91999816894531,0.0171156,246,107.04000091552734,0.00526514
181,HLT,Hilton Worldwide,Consumer Discretionary,181,343.420013,,175,343.4200134277344,-0.00119245,205,343.8299865722656,-0.00119245,228,342.92999267578125,0.00262444,150,349.29998779296875,-0.01694186
182,TTWO,Take-Two Interactive,Communication Services,182,235.770004,,178,235.77000427246094,-0.02831355,202,242.63999938964844,-0.02831355,232,239.57000732421875,0.01281463,412,228.02999877929688,0.00121197
183,PPL,PPL Corporation,Utilities,183,36.919998,,196,36.91999816894531,0.01736015,208,36.290000915527344,0.01736015,216,35.59000015258789,0.01966845,191,35.33000183105469,0.00593556
184,HWM,Howmet Aerospace,Industrials,184,276.059998,,180,276.05999755859375,0.00338022,200,275.1300048828125,0.00338022,175,280.3599853515625,-0.01865459,124,283.2300109863281,0.00972412
185,MMM,3M,Industrials,185,165.910004,,182,165.91000366210938,0.02514829,221,161.83999633789062,0.02514829,164,163.22000122070312,-0.00845485,227,159.22999572753906,0.01631382
186,EIX,Edison International,Utilities,186,74.220001,,193,74.22000122070312,0.01754867,179,72.94000244140625,0.01754867,192,72.19999694824219,0.01024931,212,70.9000015258789,0.00431214
187,DTE,DTE Energy,Utilities,187,151.100006,,181,151.10000610351562,0.01280247,181,149.19000244140625,0.01280247,194,146.8300018310547,0.01607301,188,147.19000244140625,-0.00494714
188,MKC,McCormick & Company,Consumer Staples,188,47.599998,,187,47.599998474121094,0.00464331,186,47.380001068115234,0.00464331,255,45.72999954223633,0.03608135,280,46.4900016784668,-0.01951115
189,FIX,Comfort Systems USA,Industrials,189,1954.469971,,188,1954.469970703125,0.02431777,242,1908.0699462890625,0.02431777,107,2066.510009765625,-0.07667033,237,1931.77001953125,0.05037079
190,ES,Eversource Energy,Utilities,190,71.709999,,201,71.70999908447266,0.00957342,198,71.02999877929688,0.00957342,204,70.12000274658203,0.01297775,201,69.05000305175781,0.00761604
191,HUBB,Hubbell Incorporated,Industrials,191,518.179993,,184,518.1799926757812,0.01611891,126,509.9599914550781,0.01611891,78,539.3900146484375,-0.05456163,162,508.8699951171875,0.02997957
192,PEG,Public Service Enterprise Group,Utilities,192,81.949997,,186,81.94999694824219,0.00688045,176,81.38999938964844,0.00688045,190,80.61000061035156,0.00967622,197,79.4000015258789,0.00901239
193,GS,Goldman Sachs,Financials,193,1076.910034,,185,1076.9100341796875,-0.01601732,125,1094.43994140625,-0.01601732,102,1106.3699951171875,-0.01078301,75,1099.1400146484375,0.00894616
194,IEX,IDEX Corporation,Industrials,194,222.160004,,195,222.16000366210938,0.00447619,150,221.1699981689453,0.00447619,145,225.36000061035156,-0.01859247,210,223.69000244140625,0.00191171
195,GIS,General Mills,Consumer Staples,195,34.799999,,189,34.79999923706055,0.01074644,197,34.43000030517578,0.01074644,281,33.34000015258789,0.03269346,278,33.36000061035156,-0.00239378
196,LLY,Lilly (Eli),Health Care,196,1117.26001,,191,1117.260009765625,0.00919536,149,1107.0799560546875,0.00919536,127,1102.0799560546875,0.00453688,80,1112.0,0.00319506
197,CHD,Church & Dwight,Consumer Staples,197,98.669998,,200,98.66999816894531,0.022699,218,96.4800033569336,0.022699,290,93.73999786376953,0.02922978,250,97.41000366210938,-0.01976367
198,SYY,Sysco,Consumer Staples,198,80.589996,,192,80.58999633789062,0.01652371,244,79.27999877929688,0.01652371,231,77.9800033569336,0.01667094,135,79.0,-0.00914867
199,DGX,Quest Diagnostics,Health Care,199,203.110001,,202,203.11000061035156,0.03007404,240,197.17999267578125,0.03007404,267,193.5800018310547,0.01859696,157,197.75999450683594,-0.00728205
200,VST,Vistra Corp.,Utilities,200,162.869995,,198,162.8699951171875,0.00295585,95,162.38999938964844,0.00295585,57,167.25999450683594,-0.02911635,55,158.8300018310547,0.02143511
201,LNT,Alliant Energy,Utilities,201,75.589996,,197,75.58999633789062,0.01367842,192,74.56999969482422,0.01367842,222,73.20999908447266,0.0185767,231,72.81999969482422,0.00287671
202,BRO,Brown & Brown,Financials,202,61.799999,,199,61.79999923706055,0.02317881,281,60.400001525878906,0.02317881,329,58.2400016784668,0.03708791,350,59.040000915527344,-0.01455161
203,WY,Weyerhaeuser,Real Estate,203,25.299999,,203,25.299999237060547,0.03518822,278,24.440000534057617,0.03518822,272,24.25,0.00783505,177,24.329999923706055,-0.00287829
204,DRI,Darden Restaurants,Consumer Discretionary,204,213.449997,,210,213.4499969482422,0.01358089,177,210.58999633789062,0.01358089,176,212.0,-0.00665094,142,211.3300018310547,-0.00679316
205,COR,Cencora,Health Care,205,284.470001,,208,284.4700012207031,0.01198862,147,281.1000061035156,0.01198862,213,271.2799987792969,0.03619876,168,277.0899963378906,-0.00202332
206,NUE,Nucor,Materials,206,240.520004,,209,240.52000427246094,0.00371406,142,239.6300048828125,0.00371406,120,244.92999267578125,-0.02163884,101,252.60000610351562,0.00451134
207,WEC,WEC Energy Group,Utilities,207,115.610001,,216,115.61000061035156,0.01287892,189,114.13999938964844,0.01287892,191,113.04000091552734,0.00973107,173,112.54000091552734,0.00775608
208,AMCR,Amcor,Materials,208,41.709999,,204,41.709999084472656,0.03165966,271,40.43000030517578,0.03165966,230,40.68000030517578,-0.00614553,180,40.77000045776367,-0.0097371
209,COF,Capital One,Financials,209,200.479996,,205,200.47999572753906,0.0134978,210,197.80999755859375,0.0134978,166,200.6999969482422,-0.0143996,143,200.8699951171875,-0.00411849
210,UNH,UnitedHealth Group,Health Care,210,405.799988,,206,405.79998779296875,-0.00843005,145,409.25,-0.00843005,161,406.67999267578125,0.00631946,239,399.5299987792969,0.01426576
211,PANW,Palo Alto Networks,Information Technology,211,285.26001,,207,285.260009765625,-0.01943867,92,290.9150085449219,-0.01943867,93,286.3999938964844,0.01576466,93,282.1300048828125,-0.00479533
212,D,Dominion Energy,Utilities,212,69.260002,,211,69.26000213623047,0.01183346,235,68.44999694824219,0.01183346,212,68.04000091552734,0.00602587,232,68.0199966430664,-0.00540857
213,BIIB,Biogen,Health Care,213,199.589996,,212,199.58999633789062,0.012171,175,197.19000244140625,0.012171,141,199.7100067138672,-0.0126183,203,198.6699981689453,0.01592227
214,AOS,A. O. Smith,Industrials,214,60.18,,213,60.18000030517578,0.04770195,303,57.439998626708984,0.04770195,236,58.689998626708984,-0.02129835,295,57.880001068115234,0.00807283
215,MDLZ,Mondelez International,Consumer Staples,215,61.740002,,214,61.7400016784668,0.01113659,215,61.060001373291016,0.01113659,285,59.5099983215332,0.02604604,260,60.86000061035156,-0.01014637
216,CMS,CMS Energy,Utilities,216,76.489998,,215,76.48999786376953,0.01539891,230,75.33000183105469,0.01539891,260,73.80000305175781,0.02073171,222,73.30999755859375,0.00572363
217,FE,FirstEnergy,Utilities,217,47.82,,217,47.81999969482422,0.00779768,182,47.45000076293945,0.00779768,215,46.7599983215332,0.0147562,174,46.13999938964844,0.00667384
218,RF,Regions Financial Corporation,Financials,218,29.49,,219,29.489999771118164,0.00682827,217,29.290000915527344,0.00682827,241,28.75,0.01878261,206,28.649999618530273,0.00454228
219,PNW,Pinnacle West Capital,Utilities,219,105.370003,,220,105.37000274658203,0.01268621,219,104.05000305175781,0.01268621,274,102.43000030517578,0.01581568,219,102.37999725341797,0.00107506
220,DUK,Duke Energy,Utilities,220,126.529999,,222,126.52999877929688,0.01183527,224,125.05000305175781,0.01183527,225,123.5199966430664,0.01238666,234,123.7300033569336,-0.00274503
221,EVRG,Evergy,Utilities,221,85.82,,218,85.81999969482422,0.01155116,229,84.83999633789062,0.01155116,253,83.25,0.0190991,230,82.8499984741211,0.00909091
222,SRE,Sempra,Utilities,222,92.730003,,224,92.7300033569336,0.00476758,183,92.29000091552734,0.00476758,198,91.62000274658203,0.00731281,213,90.25,0.01025471
223,BXP,"BXP, Inc.",Real Estate,223,64.139999,,223,64.13999938964844,-0.00310849,203,64.33999633789062,-0.00310849,186,64.91000366210938,-0.00878139,256,63.060001373291016,0.00324575
224,TT,Trane Technologies,Industrials,224,483.149994,,221,483.1499938964844,0.01857318,250,474.3399963378906,0.01857318,183,491.5899963378906,-0.03509022,292,472.510009765625,0.01694249
225,KEY,KeyCorp,Financials,225,23.120001,,225,23.1200008392334,0.00434405,216,23.020000457763672,0.00434405,223,22.829999923706055,0.00832238,192,22.600000381469727,0.01062417
226,ETR,Entergy,Utilities,226,114.690002,,226,114.69000244140625,0.00773219,246,113.80999755859375,0.00773219,258,112.19999694824219,0.01434938,247,110.86000061035156,0.0098101
227,EXC,Exelon,Utilities,227,46.900002,,228,46.900001525878906,0.00600601,190,46.619998931884766,0.00600601,206,45.939998626708984,0.01480192,183,45.560001373291016,0.00283781
228,KIM,Kimco Realty,Real Estate,228,25.42,,233,25.420000076293945,0.00913061,222,25.190000534057617,0.00913061,233,24.690000534057617,0.02025111,129,24.489999771118164,0.01271534
229,CL,Colgate-Palmolive,Consumer Staples,229,91.879997,,227,91.87999725341797,0.0049218,234,91.43000030517578,0.0049218,297,88.66999816894531,0.03112665,248,90.58000183105469,-0.0090523
230,LH,Labcorp,Health Care,230,265.179993,,230,265.17999267578125,0.02548436,249,258.5899963378906,0.02548436,305,254.42999267578125,0.01635027,245,259.55999755859375,-0.00543351
231,MCK,McKesson Corporation,Health Care,231,766.549988,,236,766.5499877929688,0.0034559,253,763.9099731445312,0.0034559,287,744.8499755859375,0.02558904,271,779.7999877929688,-0.0077002
232,AEE,Ameren,Utilities,232,113.32,,237,113.31999969482422,0.01450313,226,111.69999694824219,0.01450313,268,109.69999694824219,0.01823154,235,108.91999816894531,0.00947824
233,TFC,Truist Financial,Financials,233,49.790001,,234,49.790000915527344,0.00241595,194,49.66999816894531,0.00241595,195,48.7599983215332,0.01866284,182,48.16999816894531,0.00889717
234,SYF,Synchrony Financial,Financials,234,76.32,,229,76.31999969482422,0.01705757,277,75.04000091552734,0.01705757,254,75.70999908447266,-0.00884956,267,74.11000061035156,0.00597927
235,JCI,Johnson Controls,Industrials,235,142.809998,,239,142.80999755859375,0.01082956,212,141.27999877929688,0.01082956,163,148.2100067138672,-0.04675798,238,143.6199951171875,0.02340837
236,KO,Coca-Cola Company (The),Consumer Staples,236,80.599998,,231,80.5999984741211,0.00361101,239,80.30999755859375,0.00361101,249,79.52999877929688,0.00980762,274,79.93000030517578,0.00176345
237,BEN,Franklin Resources,Financials,237,32.470001,,232,32.470001220703125,-0.03847292,127,33.790000915527344,-0.03847292,159,33.93000030517578,-0.00412614,273,33.290000915527344,0.02662632
238,XEL,Xcel Energy,Utilities,238,81.470001,,235,81.47000122070312,0.01419146,231,80.33000183105469,0.01419146,248,78.80999755859375,0.01928689,242,77.45999908447266,0.01808552
239,EA,Electronic Arts,Communication Services,239,204.520004,,238,204.52000427246094,0.00491352,284,203.52000427246094,0.00491352,299,202.97000122070312,0.00270976,326,203.02000427246094,0.00405639
240,ERIE,Erie Indemnity,Financials,240,229.529999,,241,229.52999877929688,0.03803365,321,221.1199951171875,0.03803365,376,211.64999389648438,0.04474368,341,221.63999938964844,-0.04291399
241,ITW,Illinois Tool Works,Industrials,241,263.679993,,240,263.67999267578125,0.00779697,245,261.6400146484375,0.00779697,201,265.30999755859375,-0.01383287,223,262.1099853515625,0.00461964
242,WYNN,Wynn Resorts,Consumer Discretionary,242,103.75,,242,103.75,-0.00384061,257,104.1500015258789,-0.00384061,246,103.62000274658203,0.00511484,181,102.30999755859375,-0.01809912
243,FAST,Fastenal,Industrials,243,46.259998,,243,46.2599983215332,0.01447368,256,45.599998474121094,0.01447368,237,46.119998931884766,-0.01127493,318,44.880001068115234,0.00501199
244,UPS,United Parcel Service,Industrials,244,106.139999,,249,106.13999938964844,0.00292923,180,105.83000183105469,0.00292923,162,107.23999786376953,-0.01314808,154,105.12999725341797,0.02269693
245,PFG,Principal Financial Group,Financials,245,106.699997,,244,106.69999694824219,-0.0503738,166,112.36000061035156,-0.0503738,167,111.2300033569336,0.01015913,207,110.22000122070312,0.01515013
246,WELL,Welltower,Real Estate,246,221.429993,,247,221.42999267578125,0.01727385,304,217.6699981689453,0.01727385,360,211.4499969482422,0.02941594,374,206.5500030517578,0.02322768
247,JBHT,J.B. Hunt,Industrials,247,269.059998,,250,269.05999755859375,-0.00066855,237,269.239990234375,-0.00066855,220,273.4800109863281,-0.01550388,283,267.239990234375,0.00833272
248,MAR,Marriott International,Consumer Discretionary,248,383.559998,,246,383.55999755859375,-0.00845333,228,386.8299865722656,-0.00845333,239,384.19000244140625,0.0068716,125,394.6099853515625,-0.03031297
249,LEN,Lennar,Consumer Discretionary,249,92.949997,,245,92.94999694824219,0.0641099,373,87.3499984741211,0.0641099,320,87.44000244140625,-0.00102928,211,86.4800033569336,-0.02552101
250,NDSN,Nordson Corporation,Industrials,250,296.109985,,248,296.1099853515625,0.01731542,262,291.07000732421875,0.01731542,132,295.05999755859375,-0.01352267,205,290.2200012207031,-0.00290619
251,L,Loews Corporation,Financials,251,111.919998,,261,111.91999816894531,0.01211792,293,110.58000183105469,0.01211792,322,108.12999725341797,0.02265791,323,107.68000030517578,0.00792319
252,IBM,IBM,Information Technology,252,262.959991,,254,262.9599914550781,-0.00747339,238,264.94000244140625,-0.00747339,128,252.22000122070312,0.05043216,138,262.3500061035156,0.01252509
253,LOW,Lowe's,Consumer Discretionary,253,221.449997,,256,221.4499969482422,0.03704224,358,213.5399932861328,0.03704224,366,214.39999389648438,-0.00401119,345,217.27000427246094,-0.03510351
254,RTX,RTX Corporation,Industrials,254,185.059998,,251,185.05999755859375,-0.00713558,220,186.38999938964844,-0.00713558,244,181.8300018310547,0.02507837,132,192.5800018310547,-0.0203125
255,REGN,Regeneron Pharmaceuticals,Health Care,255,623.429993,,252,623.4299926757812,0.00873744,273,618.030029296875,0.00873744,323,612.5,0.00902857,314,607.9299926757812,0.00419713
256,ODFL,Old Dominion,Industrials,256,219.039993,,255,219.0399932861328,0.00671018,241,217.5800018310547,0.00671018,235,219.52000427246094,-0.00883746,193,218.36000061035156,-0.00687658
257,MRK,Merck & Co.,Health Care,257,120.599998,,253,120.5999984741211,0.0083612,152,119.5999984741211,0.0083612,154,115.4800033569336,0.03567717,164,115.44000244140625,0.01413893
258,PSA,Public Storage,Real Estate,258,317.920013,,262,317.9200134277344,-0.01048897,261,321.2900085449219,-0.01048897,240,320.2200012207031,0.00334145,226,312.5799865722656,0.00660128
259,CAG,Conagra Brands,Consumer Staples,259,13.61,,259,13.609999656677246,0.01340283,264,13.430000305175781,0.01340283,373,12.850000381469727,0.04513619,343,13.15999984741211,-0.02651515
260,LYV,Live Nation Entertainment,Communication Services,260,171.470001,,260,171.47000122070312,0.01702254,306,168.60000610351562,0.01702254,262,170.55999755859375,-0.01149156,313,171.52000427246094,-0.00397103
261,NTRS,Northern Trust,Financials,261,173.929993,,257,173.92999267578125,-0.01321911,223,176.25999450683594,-0.01321911,209,175.55999755859375,0.00398724,224,174.9499969482422,0.02004532
262,WRB,W. R. Berkley Corporation,Financials,262,70.050003,,258,70.05000305175781,0.01580626,312,68.95999908447266,0.01580626,379,67.13999938964844,0.02710754,365,68.08999633789062,-0.00059542
263,CTVA,Corteva,Materials,263,80.089996,,264,80.08999633789062,0.01238781,295,79.11000061035156,0.01238781,283,78.86000061035156,0.00317017,399,77.37000274658203,0.00343555
264,NI,NiSource,Utilities,264,47.630001,,267,47.630001068115234,0.00782903,294,47.2599983215332,0.00782903,251,47.630001068115234,-0.00776821,264,46.77000045776367,0.00782903
265,UBER,Uber,Industrials,265,73.849998,,270,73.8499984741211,0.05999713,422,69.66999816894531,0.05999713,403,71.43000030517578,-0.02463951,404,70.91000366210938,-0.00293132
266,STLD,Steel Dynamics,Materials,266,241.429993,,263,241.42999267578125,-0.00927408,161,243.69000244140625,-0.00927408,99,250.97999572753906,-0.02904614,67,270.1300048828125,0.00428154
267,NWSA,News Corp (Class A),Communication Services,267,25.23,,269,25.229999542236328,0.01000801,308,24.979999542236328,0.01000801,293,24.610000610351562,0.01503454,310,25.979999542236328,-0.02650316
268,RJF,Raymond James Financial,Financials,268,154.789993,,272,154.7899932861328,-0.01683181,227,157.44000244140625,-0.01683181,266,156.64999389648438,0.00504309,285,158.77000427246094,0.00506865
269,CPT,Camden Property Trust,Real Estate,269,111.260002,,265,111.26000213623047,0.00687783,251,110.5,0.00687783,278,108.9800033569336,0.01394751,241,109.3499984741211,-9.175e-05
270,IRM,Iron Mountain,Real Estate,270,130.589996,,278,130.58999633789062,-0.01856305,258,133.05999755859375,-0.01856305,261,131.86000061035156,0.00910056,330,125.44000244140625,0.03152625
271,CLX,Clorox,Consumer Staples,271,95.379997,,266,95.37999725341797,0.02957686,320,92.63999938964844,0.02957686,342,90.5999984741211,0.02251656,228,94.97000122070312,-0.05427975
272,BNY,BNY Mellon,Financials,272,143.559998,,268,143.55999755859375,-0.02532419,225,147.2899932861328,-0.02532419,214,146.44000244140625,0.00580443,221,146.07000732421875,0.01956416
273,VEEV,Veeva Systems,Health Care,273,161.350006,,271,161.35000610351562,0.01026861,268,159.7100067138672,0.01026861,409,153.16000366210938,0.04276574,398,154.85000610351562,-0.00091324
274,EXR,Extra Space Storage,Real Estate,274,145.860001,,275,145.86000061035156,-0.01285869,263,147.75999450683594,-0.01285869,256,146.0800018310547,0.01150055,251,143.9199981689453,0.00516067
275,TJX,TJX Companies,Consumer Discretionary,275,165.169998,,273,165.1699981689453,0.00498935,267,164.35000610351562,0.00498935,284,164.1699981689453,0.00109642,139,164.1300048828125,0.00219767
276,NEE,NextEra Energy,Utilities,276,87.620003,,284,87.62000274658203,0.01376837,332,86.43000030517578,0.01376837,312,86.08000183105469,0.00406599,336,85.7300033569336,-0.00772334
277,AIZ,Assurant,Financials,277,263.820007,,286,263.82000732421875,-0.00557859,282,265.29998779296875,-0.00557859,311,261.5799865722656,0.01422127,328,262.1300048828125,0.00661895
278,INVH,Invitation Homes,Real Estate,278,29.639999,,285,29.639999389648438,0.02030981,315,29.049999237060547,0.02030981,349,28.440000534057617,0.02144866,337,28.489999771118164,0.00105597
279,QCOM,Qualcomm,Information Technology,279,197.410004,,274,197.41000366210938,-0.0329202,74,204.1300048828125,-0.0329202,32,221.89999389648438,-0.08008112,42,212.97000122070312,-0.01861926
280,NWS,News Corp (Class B),Communication Services,280,28.530001,,276,28.530000686645508,0.00812721,323,28.299999237060547,0.00812721,325,27.920000076293945,0.01361032,346,29.600000381469727,-0.02886957
281,GRMN,Garmin,Consumer Discretionary,281,240.020004,,277,240.02000427246094,0.01573537,310,236.41000366210938,0.01573537,310,236.33999633789062,0.00029618,298,231.88999938964844,0.00913749
282,DOC,Healthpeak Properties,Real Estate,282,20.82,,279,20.81999969482422,0.01264591,300,20.559999465942383,0.01264591,345,19.979999542236328,0.02902903,375,19.399999618530273,0.02147239
283,WMT,Walmart,Consumer Staples,283,119.0,,283,119.0,-0.003517,285,119.41999816894531,-0.003517,428,117.18000030517578,0.01911589,429,118.12999725341797,0.0
284,AVY,Avery Dennison,Materials,284,163.149994,,280,163.14999389648438,0.03351071,352,157.86000061035156,0.03351071,346,157.47999572753906,0.002413,284,159.5500030517578,-0.00756239
285,FRT,Federal Realty Investment Trust,Real Estate,285,124.620003,,282,124.62000274658203,0.00760026,266,123.68000030517578,0.00760026,247,121.72000122070312,0.01610253,217,120.4800033569336,0.01104743
286,V,Visa Inc.,Financials,286,332.230011,,281,332.2300109863281,0.01141622,311,328.4800109863281,0.01141622,334,326.6000061035156,0.00575628,356,330.3800048828125,-0.00195575
287,ALLE,Allegion,Industrials,287,134.0,,289,134.0,0.04069587,375,128.75999450683594,0.04069587,324,130.92999267578125,-0.01657374,311,130.17999267578125,-0.01976492
288,MET,MetLife,Financials,288,84.599998,,287,84.5999984741211,-0.03896399,211,88.02999877929688,-0.03896399,184,87.55999755859375,0.00536775,196,85.8499984741211,0.02313625
289,GM,General Motors,Consumer Discretionary,289,78.949997,,295,78.94999694824219,0.0,252,78.94999694824219,0.0,177,80.43000030517578,-0.01840109,146,79.58000183105469,0.0143776
290,OMC,Omnicom Group,Communication Services,290,73.660004,,288,73.66000366210938,0.0095943,280,72.95999908447266,0.0095943,238,72.55000305175781,0.00565127,261,76.30999755859375,0.0168185
291,ARE,Alexandria Real Estate Equities,Real Estate,291,51.240002,,291,51.2400016784668,-0.00697674,247,51.599998474121094,-0.00697674,282,50.72999954223633,0.01714962,268,49.209999084472656,-0.00587889
292,VLTO,Veralto,Industrials,292,86.32,,293,86.31999969482422,0.02033097,337,84.5999984741211,0.02033097,381,82.94999694824219,0.0198915,419,82.7699966430664,-0.01273506
293,GD,General Dynamics,Industrials,293,344.320007,,298,344.32000732421875,-0.01718331,236,350.3399963378906,-0.01718331,291,343.3599853515625,0.02032852,215,362.8299865722656,-0.01899946
294,RSG,Republic Services,Industrials,294,213.580002,,296,213.5800018310547,0.02142516,339,209.10000610351562,0.02142516,406,204.36000061035156,0.02319436,400,207.42999267578125,-0.0028301
295,AFL,Aflac,Financials,295,117.75,,290,117.75,-0.00875495,272,118.79000091552734,-0.00875495,315,116.55000305175781,0.01921922,349,116.23999786376953,0.00935308
296,MAA,Mid-America Apartment Communities,Real Estate,296,134.419998,,302,134.4199981689453,0.00395847,287,133.88999938964844,0.00395847,319,132.1300048828125,0.01332021,252,133.11000061035156,-0.00279245
297,AON,Aon plc,Financials,297,325.480011,,294,325.4800109863281,0.01477833,325,320.739990234375,0.01477833,367,313.6300048828125,0.02267003,324,326.69000244140625,-0.0129351
298,HCA,HCA Healthcare,Health Care,298,387.76001,,300,387.760009765625,0.00217099,286,386.9200134277344,0.00217099,337,376.989990234375,0.02634022,383,388.1600036621094,0.00485113
299,TROW,T. Rowe Price,Financials,299,105.199997,,292,105.19999694824219,-0.00754717,254,106.0,-0.00754717,203,107.98999786376953,-0.01842763,229,108.12000274658203,0.00315838
300,AMP,Ameriprise Financial,Financials,300,460.950012,,297,460.95001220703125,-0.01107035,270,466.1099853515625,-0.01107035,289,471.4100036621094,-0.01124287,351,471.9700012207031,0.00851464
301,WM,Waste Management,Industrials,301,223.259995,,304,223.25999450683594,0.0201974,343,218.83999633789062,0.0201974,375,213.30999755859375,0.02592471,376,215.85000610351562,-0.00601118
302,SCHW,Charles Schwab Corporation,Financials,302,91.389999,,301,91.38999938964844,-0.01910486,259,93.16999816894531,-0.01910486,277,92.02999877929688,0.01238727,282,94.51000213623047,0.00359869
303,WBD,Warner Bros. Discovery,Communication Services,303,27.200001,,299,27.200000762939453,0.01190476,342,26.8799991607666,0.01190476,341,26.950000762939453,-0.0025974,388,26.239999771118164,0.02862595
304,ESS,Essex Property Trust,Real Estate,304,281.649994,,306,281.6499938964844,0.00841389,305,279.29998779296875,0.00841389,340,276.2799987792969,0.01093094,339,274.3999938964844,0.0093895
305,CBRE,CBRE Group,Real Estate,305,133.940002,,303,133.94000244140625,0.00525486,316,133.2100067138672,0.00525486,359,129.9499969482422,0.02508657,357,130.7899932861328,-0.01216268
306,EXPD,Expeditors International,Industrials,306,160.160004,,313,160.16000366210938,-0.00731375,274,161.33999633789062,-0.00731375,250,163.14999389648438,-0.01109409,266,160.61000061035156,0.01134391
307,FDX,FedEx,Industrials,307,316.829987,,311,316.8299865722656,-0.0012924,341,317.239990234375,-0.0012924,257,328.7799987792969,-0.03509946,165,325.92999267578125,0.00790926
308,CPAY,Corpay,Financials,308,344.26001,,316,344.260009765625,0.01443894,340,339.3599853515625,0.01443894,317,347.1700134277344,-0.02249618,312,353.3299865722656,0.00547382
309,EME,Emcor,Industrials,309,847.169983,,312,847.1699829101562,0.01020737,322,838.6099853515625,0.01020737,263,868.8800048828125,-0.03483795,421,827.5,0.03859716
310,ADM,Archer Daniels Midland,Consumer Staples,310,75.080002,,315,75.08000183105469,-0.0100211,298,75.83999633789062,-0.0100211,303,76.29000091552734,-0.00589855,380,76.5,0.01584554
311,BRK-B,Berkshire Hathaway,Financials,311,494.809998,,305,494.80999755859375,,290,492.80999755859375,,302,488.69000244140625,,315,491.2799987792969,
312,DIS,Walt Disney Company (The),Communication Services,312,101.120003,,317,101.12000274658203,-0.02327828,292,103.52999877929688,-0.02327828,318,102.44999694824219,0.01054173,371,100.86000061035156,-0.01386081
313,MO,Altria,Consumer Staples,313,72.07,,307,72.06999969482422,0.00642368,326,71.61000061035156,0.00642368,353,69.51000213623047,0.03021148,391,68.94999694824219,0.00564236
314,CB,Chubb Limited,Financials,314,335.149994,,308,335.1499938964844,0.00915359,344,332.1099853515625,0.00915359,362,325.20001220703125,0.02124846,364,327.9599914550781,0.00556586
315,CI,Cigna,Health Care,315,279.459991,,309,279.4599914550781,-0.0127879,288,283.0799865722656,-0.0127879,306,282.0799865722656,0.00354509,304,285.0899963378906,0.01006195
316,PAYX,Paychex,Industrials,316,96.300003,,310,96.30000305175781,-0.01724666,233,97.98999786376953,-0.01724666,304,95.93000030517578,0.02147399,277,97.58000183105469,-0.02351384
317,OTIS,Otis Worldwide,Industrials,317,72.629997,,314,72.62999725341797,0.01226481,301,71.75,0.01226481,273,72.4800033569336,-0.01007174,276,72.72000122070312,-0.01078204
318,FTV,Fortive,Industrials,318,60.389999,,321,60.38999938964844,0.00082864,313,60.34000015258789,0.00082864,265,61.66999816894531,-0.0215664,293,60.68000030517578,0.01048665
319,PFE,Pfizer,Health Care,319,24.040001,,318,24.040000915527344,-0.02750809,291,24.719999313354492,-0.02750809,276,25.079999923706055,-0.01435407,195,25.920000076293945,-0.00515668
320,EG,Everest Group,Financials,320,345.73999,,323,345.739990234375,0.00634533,357,343.55999755859375,0.00634533,382,339.29998779296875,0.01255526,408,337.5199890136719,0.01093466
321,WTW,Willis Towers Watson,Financials,321,261.5,,319,261.5,0.01533683,351,257.54998779296875,0.01533683,351,252.97000122070312,0.01810491,329,260.0299987792969,-0.00873824
322,SOLV,Solventum,Health Care,322,75.589996,,324,75.58999633789062,0.02162454,356,73.98999786376953,0.02162454,352,73.55999755859375,0.00584557,322,74.55999755859375,-0.0247912
323,PRU,Prudential Financial,Financials,323,106.260002,,320,106.26000213623047,-0.0204646,279,108.4800033569336,-0.0204646,259,108.26000213623047,0.00203214,263,107.01000213623047,0.01623956
324,XYL,Xylem Inc.,Industrials,324,112.040001,,322,112.04000091552734,0.01485507,317,110.4000015258789,0.01485507,294,111.7699966430664,-0.01225731,335,110.29000091552734,0.00314127
325,O,Realty Income,Real Estate,325,61.990002,,329,61.9900016784668,0.00747603,360,61.529998779296875,0.00747603,363,60.58000183105469,0.01568174,372,60.56999969482422,0.00564409
326,ATO,Atmos Energy,Utilities,326,172.589996,,325,172.58999633789062,0.00876732,345,171.08999633789062,0.00876732,336,169.58999633789062,0.00884486,331,169.63999938964844,-0.00305685
327,REG,Regency Centers,Real Estate,327,79.870003,,327,79.87000274658203,0.01525359,355,78.66999816894531,0.01525359,338,77.36000061035156,0.01693382,309,77.37000274658203,0.0062435
328,UDR,"UDR, Inc.",Real Estate,328,38.389999,,331,38.38999938964844,0.00287356,302,38.279998779296875,0.00287356,344,37.7400016784668,0.01430843,332,37.650001525878906,0.00479233
329,HSY,Hershey Company (The),Consumer Staples,329,183.039993,,332,183.0399932861328,0.02102973,314,179.27000427246094,0.02102973,388,170.88999938964844,0.04903739,373,175.30999755859375,-0.01007936
330,ELV,Elevance Health,Health Care,330,384.0,,326,384.0,-0.02809415,260,395.1000061035156,-0.02809415,292,394.82000732421875,0.00070918,290,391.2699890136719,0.0162677
331,CDNS,Cadence Design Systems,Information Technology,331,372.399994,,335,372.3999938964844,-0.01756978,196,379.05999755859375,-0.01756978,117,389.0400085449219,-0.02565289,112,389.6000061035156,0.00425927
332,PEP,PepsiCo,Consumer Staples,332,142.270004,,330,142.27000427246094,0.00154875,299,142.0500030517578,0.00154875,314,140.7100067138672,0.00952313,319,141.58999633789062,-0.00922405
333,CSX,CSX Corporation,Industrials,333,46.060001,,328,46.060001373291016,-0.00216638,347,46.15999984741211,-0.00216638,335,46.20000076293945,-0.0008658,363,45.56999969482422,0.01249178
334,AVB,AvalonBay Communities,Real Estate,334,183.600006,,340,183.60000610351562,0.00746269,348,182.24000549316406,0.00746269,380,179.88999938964844,0.01306354,394,179.6300048828125,0.01449357
335,AZO,AutoZone,Consumer Discretionary,335,3087.77002,,336,3087.77001953125,0.01356,374,3046.4599609375,0.01356,430,2949.06005859375,0.03302747,434,3059.6298828125,-0.03766381
336,SLB,Schlumberger,Energy,336,46.610001,,338,46.61000061035156,-0.02469136,329,47.790000915527344,-0.02469136,332,47.95000076293945,-0.00333681,279,50.33000183105469,-0.00291121
337,ZTS,Zoetis,Health Care,337,78.169998,,333,78.16999816894531,0.01730869,318,76.83999633789062,0.01730869,331,75.88999938964844,0.01251812,258,77.26000213623047,-0.03582772
338,GLW,Corning Inc.,Information Technology,338,205.830002,,334,205.8300018310547,0.06059669,416,194.07000732421875,0.06059669,151,209.8300018310547,-0.07510842,456,175.39999389648438,0.07649292
339,BKR,Baker Hughes,Energy,339,56.380001,,337,56.380001068115234,-0.03919564,269,58.68000030517578,-0.03919564,280,59.150001525878906,-0.0079459,249,60.06999969482422,0.01266906
340,EQR,Equity Residential,Real Estate,340,66.220001,,345,66.22000122070312,0.00791476,346,65.69999694824219,0.00791476,355,64.7300033569336,0.01498532,347,64.62999725341797,0.00998596
341,MCO,Moody's Corporation,Financials,341,449.790009,,339,449.7900085449219,0.01310899,328,443.9700012207031,0.01310899,313,447.3299865722656,-0.00751123,270,456.2200012207031,-0.00741119
342,KHC,Kraft Heinz,Consumer Staples,342,22.940001,,341,22.940000534057617,0.02091678,362,22.469999313354492,0.02091678,378,22.030000686645508,0.01997276,297,23.200000762939453,-0.03461876
343,LIN,Linde plc,Materials,343,515.72998,,343,515.72998046875,0.0067739,336,512.260009765625,0.0067739,279,516.7100219726562,-0.00861218,308,515.8499755859375,0.00890364
344,YUM,Yum! Brands,Consumer Discretionary,344,153.020004,,350,153.02000427246094,0.00936675,338,151.60000610351562,0.00936675,330,150.74000549316406,0.00570519,294,154.07000732421875,-0.00822423
345,HON,Honeywell,Industrials,345,227.419998,,342,227.4199981689453,0.0227099,350,222.3699951171875,0.0227099,217,228.11000061035156,-0.0251633,175,228.61000061035156,-0.00392996
346,IFF,International Flavors & Fragrances,Materials,346,75.830002,,344,75.83000183105469,0.0149913,377,74.70999908447266,0.0149913,326,75.94999694824219,-0.01632653,288,76.05000305175781,-0.0100365
347,STZ,Constellation Brands,Consumer Staples,347,143.020004,,346,143.02000427246094,-0.00251081,359,143.3800048828125,-0.00251081,374,141.50999450683594,0.01321461,370,138.9600067138672,0.00233744
348,JBL,Jabil,Information Technology,348,371.799988,,347,371.79998779296875,-0.00319043,154,372.989990234375,-0.00319043,106,377.239990234375,-0.01126604,92,374.9800109863281,0.01441325
349,MRSH,Marsh McLennan,Financials,349,165.960007,,354,165.9600067138672,0.01293945,380,163.83999633789062,0.01293945,396,160.1199951171875,0.02323258,377,164.22000122070312,-0.01410012
350,VTRS,Viatris,Health Care,350,15.93,,348,15.930000305175781,0.01142857,354,15.75,0.01142857,390,15.380000114440918,0.02405722,362,15.729999542236328,0.00065062
351,CHRW,C.H. Robinson,Industrials,351,177.279999,,349,177.27999877929688,-0.00872288,376,178.83999633789062,-0.00872288,327,187.07000732421875,-0.04399423,202,185.1999969482422,0.0109706
352,TAP,Molson Coors Beverage Company,Consumer Staples,352,40.529999,,356,40.529998779296875,0.02090154,391,39.709999084472656,0.02090154,385,39.63999938964844,0.00176589,384,39.04999923706055,0.00609137
353,PM,Philip Morris International,Consumer Staples,353,178.779999,,352,178.77999877929688,0.00050367,334,178.69000244140625,0.00050367,365,173.1699981689453,0.03187619,352,179.44000244140625,-0.02931614
354,DECK,Deckers Brands,Consumer Discretionary,354,105.699997,,351,105.69999694824219,0.01997491,324,103.62999725341797,0.01997491,189,105.56999969482422,-0.01837643,116,105.72000122070312,-0.03244432
355,PNR,Pentair,Industrials,355,74.809998,,359,74.80999755859375,0.02255331,392,73.16000366210938,0.02255331,357,74.02999877929688,-0.01175199,358,73.38999938964844,-0.00390205
356,CRWD,CrowdStrike,Information Technology,356,673.02002,,353,673.02001953125,-0.01160195,275,680.9199829101562,-0.01160195,301,675.4400024414062,0.00811323,160,682.9600219726562,-0.01375464
357,CASY,Casey's,Consumer Staples,357,801.349976,,355,801.3499755859375,-0.03671158,296,831.8900146484375,-0.03671158,348,831.6699829101562,0.00026453,281,850.8499755859375,-0.01256159
358,APD,Air Products,Materials,358,278.730011,,361,278.7300109863281,-0.01317047,327,282.45001220703125,-0.01317047,343,283.1099853515625,-0.00233125,381,281.75,0.01034938
359,FCX,Freeport-McMoRan,Materials,359,61.84,,357,61.84000015258789,-0.03975155,297,64.4000015258789,-0.03975155,113,69.20999908447266,-0.06949863,88,69.05999755859375,0.00771695
360,AIG,American International Group,Financials,360,76.139999,,358,76.13999938964844,-0.00509604,389,76.52999877929688,-0.00509604,370,76.37000274658203,0.00209506,422,74.7699966430664,0.03174818
361,BMY,Bristol Myers Squibb,Health Care,361,55.0,,360,55.0,-0.00954439,369,55.529998779296875,-0.00954439,350,54.70000076293945,0.01517367,327,55.279998779296875,0.01296296
362,HIG,Hartford (The),Financials,362,132.320007,,365,132.32000732421875,0.00753826,388,131.3300018310547,0.00753826,417,129.5,0.01413127,415,129.63999938964844,0.00974659
363,SBUX,Starbucks,Consumer Discretionary,363,103.529999,,362,103.52999877929688,0.02454231,411,101.05000305175781,0.02454231,435,100.1500015258789,0.00898652,424,99.81999969482422,-0.00496771
364,MA,Mastercard,Financials,364,494.410004,,363,494.4100036621094,0.01298994,387,488.07000732421875,0.01298994,386,484.0899963378906,0.00822161,378,492.989990234375,-0.01163764
365,ACGL,Arch Capital Group,Financials,365,94.919998,,364,94.91999816894531,0.01291218,385,93.70999908447266,0.01291218,410,92.04000091552734,0.01814429,407,92.37000274658203,0.00943189
366,ECHO,ECHOSTAR CORP CLASS A,Communication,366,99.860001,,,,,,,,,,,,,
367,VTR,Ventas,Real Estate,367,86.57,,366,86.56999969482422,0.01405646,398,85.37000274658203,0.01405646,427,83.04000091552734,0.02805877,438,82.1500015258789,0.01764706
368,KR,Kroger,Consumer Staples,368,58.48,,367,58.47999954223633,0.02506573,397,57.04999923706055,0.02506573,448,55.7599983215332,0.02313486,392,61.81999969482422,-0.01501502
369,WMB,Williams Companies,Energy,369,75.870003,,368,75.87000274658203,0.00105555,365,75.79000091552734,0.00105555,384,74.94999694824219,0.01120747,453,71.25,0.02502735
370,GILD,Gilead Sciences,Health Care,370,125.160004,,369,125.16000366210938,0.00087965,309,125.05000305175781,0.00087965,321,124.87000274658203,0.0014415,303,125.44999694824219,0.00896897
371,LVS,Las Vegas Sands,Consumer Discretionary,371,47.759998,,371,47.7599983215332,0.0,384,47.7599983215332,0.0,358,47.79999923706055,-0.00083682,396,48.130001068115234,-0.01888342
372,MSCI,MSCI Inc.,Financials,372,577.289978,,370,577.2899780273438,-0.00725697,353,581.510009765625,-0.00725697,347,580.8499755859375,0.00113627,316,596.8900146484375,-0.00058501
373,SPGI,S&P Global,Financials,373,402.350006,,377,402.3500061035156,0.00547281,404,400.1600036621094,0.00547281,383,407.3900146484375,-0.01774712,338,418.0199890136719,-0.00859048
374,VLO,Valero Energy,Energy,374,242.429993,,372,242.42999267578125,-0.00512968,319,243.67999267578125,-0.00512968,393,243.77999877929688,-0.00041021,433,239.77000427246094,0.03165468
375,BA,Boeing,Industrials,375,220.25,,376,220.25,0.01633519,401,216.7100067138672,0.01633519,364,220.8300018310547,-0.01865689,306,225.6300048828125,-0.00848599
376,ORLY,O’Reilly Automotive,Consumer Discretionary,376,87.82,,373,87.81999969482422,0.00319854,395,87.54000091552734,0.00319854,419,85.62999725341797,0.02230527,395,88.4000015258789,-0.01393367
377,CTAS,Cintas,Industrials,377,170.929993,,374,170.92999267578125,0.01261848,382,168.8000030517578,0.01261848,356,169.4499969482422,-0.00383594,379,169.63999938964844,-0.00819432
378,EOG,EOG Resources,Energy,378,134.449997,,375,134.4499969482422,-0.0033358,366,134.89999389648438,-0.0033358,397,132.8300018310547,0.01558383,418,133.25,0.02192645
379,PWR,Quanta Services,Industrials,379,701.880005,,378,701.8800048828125,-0.0005838,367,702.2899780273438,-0.0005838,243,740.1400146484375,-0.05113897,368,714.8499755859375,0.05395514
380,VICI,Vici Properties,Real Estate,380,26.719999,,379,26.719999313354492,0.00375657,410,26.6200008392334,0.00375657,431,26.09000015258789,0.0203143,401,27.229999542236328,-0.00722983
381,IVZ,Invesco,Financials,381,25.969999,,383,25.969999313354492,-0.0388601,331,27.020000457763672,-0.0388601,224,28.780000686645508,-0.06115358,265,28.790000915527344,0.02274343
382,ADP,Automatic Data Processing,Industrials,382,219.860001,,380,219.85499572753906,-0.00292517,335,220.5,-0.00292517,377,214.60000610351562,0.02749301,385,218.75999450683594,-0.01744426
383,PLD,Prologis,Real Estate,383,140.869995,,388,140.8699951171875,-0.03015491,333,145.25,-0.03015491,333,143.8300018310547,0.00987277,353,140.94000244140625,0.02340971
384,COST,Costco,Consumer Staples,384,961.090027,,385,961.0900268554688,0.00356069,415,957.6799926757812,0.00356069,443,951.3499755859375,0.0066537,426,965.5900268554688,-0.0001051
385,MCD,McDonald's,Consumer Discretionary,385,273.880005,,382,273.8800048828125,0.00841125,405,271.6600036621094,0.00841125,387,270.1000061035156,0.00577564,317,283.82000732421875,-0.03054449
386,EFX,Equifax,Industrials,386,157.610001,,384,157.61000061035156,0.03330492,417,152.52999877929688,0.03330492,421,153.49000549316406,-0.00625448,405,154.83999633789062,-0.00285844
387,EL,Estée Lauder Companies (The),Consumer Staples,387,83.269997,,381,83.2699966430664,-0.00585005,131,83.76000213623047,-0.00585005,118,84.52999877929688,-0.00910919,218,82.45999908447266,-0.0033015
388,DDOG,Datadog,Information Technology,388,222.649994,,386,222.64999389648438,0.00943011,368,220.57000732421875,0.00943011,288,221.3699951171875,-0.00361386,321,226.6300048828125,-0.00730942
389,HAL,Halliburton,Energy,389,33.900002,,392,33.900001525878906,-0.03446312,381,35.11000061035156,-0.03446312,369,35.16999816894531,-0.001706,340,36.22999954223633,0.00687088
390,ROST,Ross Stores,Consumer Discretionary,390,228.589996,,387,228.58999633789062,-0.0020083,243,229.0500030517578,-0.0020083,181,236.97000122070312,-0.03342195,131,233.25,0.01791237
391,KKR,KKR & Co.,Financials,391,91.510002,,390,91.51000213623047,-0.02128342,390,93.5,-0.02128342,328,96.9000015258789,-0.03508772,342,97.16999816894531,-0.0011339
392,PSX,Phillips 66,Energy,392,168.639999,,389,168.63999938964844,-0.00998004,364,170.33999633789062,-0.00998004,407,168.41000366210938,0.01146013,425,167.1699981689453,0.01366318
393,TXT,Textron,Industrials,393,86.540001,,393,86.54000091552734,0.00162037,386,86.4000015258789,0.00162037,339,86.94000244140625,-0.00621118,289,92.69000244140625,-0.02827763
394,TEL,TE Connectivity,Information Technology,394,198.550003,,395,198.5500030517578,-0.02216203,371,203.0500030517578,-0.02216203,264,212.69000244140625,-0.04532418,236,212.1999969482422,-0.02274398
395,NSC,Norfolk Southern,Industrials,395,303.820007,,396,303.82000732421875,0.00141732,394,303.3900146484375,0.00141732,391,304.1700134277344,-0.00256436,431,300.5299987792969,0.0136297
396,UNP,Union Pacific Corporation,Industrials,396,259.959991,,394,259.9599914550781,0.00522022,409,258.6099853515625,0.00522022,394,259.9100036621094,-0.00500173,427,258.04998779296875,0.01179539
397,TRGP,Targa Resources,Energy,397,266.320007,,397,266.32000732421875,-0.00893123,361,268.7200012207031,-0.00893123,372,264.510009765625,0.01591622,413,260.739990234375,0.02293294
398,APO,Apollo Global Management,Financials,398,122.599998,,398,122.5999984741211,-0.06132762,363,130.61000061035156,-0.06132762,316,135.2100067138672,-0.03402115,300,138.91000366210938,-0.01665455
399,PYPL,PayPal,Financials,399,42.48,,400,42.47999954223633,0.01870504,420,41.70000076293945,0.01870504,389,42.34000015258789,-0.01511573,402,42.08000183105469,-0.00399906
400,MPC,Marathon Petroleum,Energy,400,246.509995,,399,246.50999450683594,-0.00808788,349,248.52000427246094,-0.00808788,392,247.2899932861328,0.00497392,414,244.61000061035156,0.01803137
401,GEN,Gen Digital,Information Technology,401,23.559999,,401,23.559999465942383,0.01289768,424,23.260000228881836,0.01289768,444,23.010000228881836,0.01086484,397,23.93000030517578,-0.0483871
402,UHS,Universal Health Services,Health Care,402,145.410004,,403,145.41000366210938,-0.0030168,427,145.85000610351562,-0.0030168,459,142.63999938964844,0.02250421,480,141.25999450683594,0.01041298
403,VZ,Verizon,Communication Services,403,45.68,,405,45.68000030517578,-0.02129253,379,46.72999954223633,-0.02129253,400,45.36000061035156,0.03020282,361,45.84000015258789,-0.00022041
404,KMI,Kinder Morgan,Energy,404,32.59,,402,32.59000015258789,0.00169023,406,32.540000915527344,0.00169023,402,32.25,0.00899225,443,31.329999923706055,0.02089269
405,BG,Bunge Global,Consumer Staples,405,108.989998,,404,108.98999786376953,-0.01686812,407,110.86000061035156,-0.01686812,371,111.41999816894531,-0.00502603,387,116.13999938964844,-0.01030378
406,TSCO,Tractor Supply,Consumer Discretionary,406,30.059999,,406,30.059999465942383,0.01280323,423,29.68000030517578,0.01280323,415,29.809999465942383,-0.00436095,411,29.75,-0.01421958
407,TMUS,T-Mobile US,Communication Services,407,180.789993,,407,180.7899932861328,-0.02048003,383,184.57000732421875,-0.02048003,408,180.05999755859375,0.02504721,409,181.30999755859375,-0.00886222
408,CMG,Chipotle Mexican Grill,Consumer Discretionary,408,31.690001,,409,31.690000534057617,0.02390953,426,30.950000762939453,0.02390953,439,30.540000915527344,0.01342502,417,31.860000610351562,-0.06001847
409,LHX,L3Harris,Industrials,409,287.269989,,408,287.2699890136719,-0.02212615,372,293.7699890136719,-0.02212615,426,285.8299865722656,0.02777875,325,313.1700134277344,-0.03049318
410,HAS,Hasbro,Consumer Discretionary,410,83.279999,,411,83.27999877929688,0.00494751,435,82.87000274658203,0.00494751,398,84.38999938964844,-0.01801161,475,83.47000122070312,-0.00413028
411,BX,Blackstone Inc.,Financials,411,112.989998,,410,112.98999786376953,-0.0589656,330,120.06999969482422,-0.0589656,252,123.26000213623047,-0.02588025,220,125.01000213623047,-0.00428144
412,BSX,Boston Scientific,Health Care,412,44.459999,,412,44.459999084472656,-0.025,393,45.599998474121094,-0.025,405,44.33000183105469,0.02864877,369,44.95000076293945,-0.02119673
413,CHTR,Charter Communications,Communication Services,413,131.419998,,413,131.4199981689453,-0.00250474,432,131.75,-0.00250474,449,125.54000091552734,0.04946631,428,132.0,-0.00546621
414,AAPL,Apple Inc.,Information Technology,414,293.079987,,414,293.0799865722656,-0.00414543,403,294.29998779296875,-0.00414543,368,297.010009765625,-0.00912427,359,295.95001220703125,-0.00335559
415,JKHY,Jack Henry & Associates,Financials,415,128.059998,,417,128.05999755859375,0.02243513,428,125.25,0.02243513,436,123.41999816894531,0.01482742,448,124.22000122070312,-0.02226095
416,CEG,Constellation Energy,Utilities,416,267.970001,,415,267.9700012207031,-0.00847332,370,270.260009765625,-0.00847332,300,275.5299987792969,-0.01912677,190,267.1700134277344,0.00536379
417,AMT,American Tower,Real Estate,417,174.460007,,416,174.4600067138672,-0.02742781,400,179.3800048828125,-0.02742781,412,176.42999267578125,0.01672051,299,181.08999633789062,0.00215848
418,BR,Broadridge Financial Solutions,Industrials,418,140.100006,,419,140.10000610351562,0.02765349,450,136.3300018310547,0.02765349,452,136.22000122070312,0.00080752,446,139.6300048828125,-0.01002907
419,BLK,BlackRock,Financials,419,982.599976,,418,982.5999755859375,-0.03223582,399,1015.3300170898438,-0.03223582,354,1051.739990234375,-0.03461882,393,1057.3800048828125,0.00157129
420,TSN,Tyson Foods,Consumer Staples,420,57.810001,,420,57.810001373291016,0.00679206,445,57.41999816894531,0.00679206,470,55.5099983215332,0.03440821,466,56.20000076293945,0.00090155
421,MOS,Mosaic Company (The),Materials,421,20.860001,,421,20.860000610351562,-0.01835294,378,21.25,-0.01835294,295,22.0,-0.03409091,187,22.510000228881836,-0.03930131
422,TPL,Texas Pacific Land Corporation,Energy,422,377.559998,,422,377.55999755859375,0.0207083,429,369.8999938964844,0.0207083,464,361.1099853515625,0.02434161,451,354.4800109863281,0.01689617
423,NDAQ,"Nasdaq, Inc.",Financials,423,81.610001,,423,81.61000061035156,-0.01066796,412,82.48999786376953,-0.01066796,404,82.61000061035156,-0.00145261,441,83.29000091552734,0.00449903
424,TYL,Tyler Technologies,Information Technology,424,286.029999,,426,286.0299987792969,0.02468295,430,279.1400146484375,0.02468295,465,275.2699890136719,0.01405892,442,287.7099914550781,-0.0130508
425,NKE,"Nike, Inc.",Consumer Discretionary,425,41.82,,424,41.81999969482422,-0.01321378,418,42.380001068115234,-0.01321378,399,43.189998626708984,-0.01875434,296,44.189998626708984,-0.04446903
426,DD,DuPont,Materials,426,137.820007,,391,137.82000732421875,-0.01564174,503,46.66999816894531,-0.01564174,286,48.189998626708984,-0.03154181,355,47.95000076293945,0.01006078
427,ULTA,Ulta Beauty,Consumer Discretionary,427,478.929993,,425,478.92999267578125,0.04267085,451,459.3299865722656,0.04267085,420,465.05999755859375,-0.01232099,423,450.75,0.01957775
428,DPZ,Domino's,Consumer Discretionary,428,287.619995,,427,287.6199951171875,0.01621736,448,283.0299987792969,0.01621736,422,295.1099853515625,-0.04093389,307,314.3599853515625,-0.05555733
429,LMT,Lockheed Martin,Industrials,429,491.640015,,428,491.6400146484375,-0.02388469,396,503.6700134277344,-0.02388469,414,493.6000061035156,0.02040113,344,532.3200073242188,-0.03395636
430,TRMB,Trimble Inc.,Information Technology,430,50.139999,,429,50.13999938964844,0.01931287,441,49.189998626708984,0.01931287,441,49.22999954223633,-0.00081251,449,48.869998931884766,0.00142392
431,PSKY,Paramount Skydance Corporation,Communication Services,431,9.75,,430,9.75,0.00360268,419,9.71500015258789,0.00360268,361,9.890000343322754,-0.01769464,333,9.979999542236328,-0.00503018
432,OKE,Oneok,Energy,432,87.309998,,431,87.30999755859375,-0.00851692,413,88.05999755859375,-0.00851692,425,86.29000091552734,0.02051223,458,85.58000183105469,0.0148183
433,CPRT,Copart,Industrials,433,30.4,,432,30.399999618530273,0.02702703,465,29.600000381469727,0.02702703,434,29.479999542236328,0.00407056,460,29.520000457763672,-0.02480979
434,FDS,FactSet,Financials,434,216.449997,,433,216.4499969482422,-0.0077928,408,218.14999389648438,-0.0077928,401,218.6199951171875,-0.00214985,302,228.3000030517578,-0.01206562
435,CMCSA,Comcast,Communication Services,435,22.639999,,440,22.639999389648438,-0.00701754,431,22.799999237060547,-0.00701754,451,22.31999969482422,0.02150538,452,22.690000534057617,-0.00490415
436,WDAY,"Workday, Inc.",Information Technology,436,118.089996,,435,118.08999633789062,0.02571007,414,115.12999725341797,0.02571007,487,113.04000091552734,0.01848903,473,121.83000183105469,-0.03326777
437,FDXF,FedEx Freight,Industrials,437,160.449997,,434,160.4499969482422,-0.03616267,439,166.47000122070312,-0.03616267,442,160.94000244140625,0.03436063,482,161.89999389648438,-0.01172858
438,NOC,Northrop Grumman,Industrials,438,503.01001,,436,503.010009765625,-0.01990374,425,513.219970703125,-0.01990374,433,507.3299865722656,0.0116098,334,550.1500244140625,-0.02717162
439,F,Ford Motor Company,Consumer Discretionary,439,13.84,,437,13.84000015258789,-0.01142857,307,14.0,-0.01142857,218,14.109999656677246,-0.00779589,216,13.960000038146973,0.00355619
440,GDDY,GoDaddy,Information Technology,440,81.330002,,438,81.33000183105469,0.06872536,486,76.0999984741211,0.06872536,490,74.98999786376953,0.01480197,499,76.11000061035156,-0.02660955
441,EBAY,eBay Inc.,Consumer Discretionary,441,109.449997,,439,109.44999694824219,0.00440488,453,108.97000122070312,0.00440488,479,104.94000244140625,0.0384029,444,107.88999938964844,-0.0304878
442,GPN,Global Payments,Financials,442,67.080002,,449,67.08000183105469,0.04355943,470,64.27999877929688,0.04355943,440,65.08999633789062,-0.01244431,367,66.36000061035156,-0.02676435
443,T,AT&T,Communication Services,443,22.370001,,446,22.3700008392334,-0.01928979,433,22.809999465942383,-0.01928979,455,22.100000381469727,0.0321267,430,22.440000534057617,0.00408905
444,CVNA,Carvana,Consumer Discretionary,444,67.910004,,444,67.91000366210938,0.04750887,437,64.83000183105469,0.04750887,411,66.66999816894531,-0.02759862,472,62.86000061035156,0.00165264
445,EXE,Expand Energy,Energy,445,88.599998,,441,88.5999984741211,-0.00146512,440,88.7300033569336,-0.00146512,457,88.44000244140625,0.00327906,469,87.45999908447266,0.01678547
446,FICO,Fair Isaac,Information Technology,446,1140.339966,,443,1140.3399658203125,0.03722906,463,1099.4100341796875,0.03722906,467,1090.8499755859375,0.00784709,416,1126.8399658203125,-0.00513461
447,HPQ,HP Inc.,Information Technology,447,23.290001,,442,23.290000915527344,-0.01605408,187,23.670000076293945,-0.01605408,134,23.540000915527344,0.00552251,287,23.18000030517578,0.00170213
448,CCI,Crown Castle,Real Estate,448,82.139999,,445,82.13999938964844,-0.02596941,436,84.33000183105469,-0.02596941,447,83.12000274658203,0.01455727,390,85.7699966430664,0.01304083
449,DVN,Devon Energy,Energy,449,42.740002,,447,42.7400016784668,-0.01498041,434,43.38999938964844,-0.01498041,461,43.04999923706055,0.00789779,483,42.58000183105469,0.02207977
450,APP,AppLovin,Information Technology,450,464.959991,,448,464.9599914550781,-0.00441095,446,467.0199890136719,-0.00441095,432,469.3900146484375,-0.00504911,435,479.489990234375,-0.00068127
451,GOOGL,Alphabet Inc. (Class A),Communication Services,451,345.290009,,451,345.2900085449219,-0.00242683,462,346.1300048828125,-0.00242683,463,349.67999267578125,-0.01015214,450,363.7900085449219,-0.04986007
452,ARES,Ares Management,Financials,452,113.870003,,452,113.87000274658203,-0.05721146,402,120.77999877929688,-0.05721146,308,125.9000015258789,-0.0406672,301,128.35000610351562,-0.02659657
453,GOOG,Alphabet Inc. (Class C),Communication Services,453,345.040009,,450,345.0400085449219,-0.00300509,457,346.0799865722656,-0.00300509,462,348.7799987792969,-0.00774127,445,362.1000061035156,-0.05083547
454,CTSH,Cognizant,Information Technology,454,41.439999,,453,41.439998626708984,0.01196581,459,40.95000076293945,0.01196581,445,41.83000183105469,-0.02103753,386,48.81999969482422,-0.04279176
455,META,Meta Platforms,Communication Services,455,557.669983,,454,557.6699829101562,-0.00805763,444,562.2000122070312,-0.00805763,438,563.8499755859375,-0.00292631,436,567.5800170898438,-0.02316275
456,LDOS,Leidos,Industrials,456,104.32,,455,104.31999969482422,-0.01686929,421,106.11000061035156,-0.01686929,429,104.83999633789062,0.0121137,455,108.66999816894531,-0.02128454
457,FANG,Diamondback Energy,Energy,457,183.479996,,456,183.47999572753906,-0.02357512,442,187.91000366210938,-0.02357512,450,187.8000030517578,0.00058573,462,185.47999572753906,0.02343324
458,EQT,EQT Corporation,Energy,458,51.48,,459,51.47999954223633,-0.00348432,454,51.65999984741211,-0.00348432,456,51.84000015258789,-0.00347222,465,51.130001068115234,0.02208202
459,COHR,Coherent Corp.,Information Technology,459,392.5,,457,392.5,0.02958921,476,381.2200012207031,0.02958921,242,425.4800109863281,-0.10402369,454,378.8500061035156,0.09217856
460,LULU,Lululemon Athletica,Consumer Discretionary,460,113.089996,,458,113.08999633789062,0.03828498,478,108.91999816894531,0.03828498,483,105.43000030517578,0.03310253,440,111.76000213623047,-0.05672363
461,FOX,Fox Corporation (Class B),Communication Services,461,45.369999,,460,45.369998931884766,0.01840629,455,44.54999923706055,0.01840629,468,44.93000030517578,-0.0084576,459,46.72999954223633,-0.04302449
462,AMZN,Amazon,Consumer Discretionary,462,234.270004,,462,234.27000427246094,0.00068344,474,234.11000061035156,0.00068344,471,232.7899932861328,0.00567035,464,237.5,-0.04746512
463,COP,ConocoPhillips,Energy,463,106.919998,,461,106.91999816894531,-0.02773484,443,109.97000122070312,-0.02773484,454,109.69999694824219,0.00246126,467,111.20999908447266,0.01819194
464,SNPS,Synopsys,Information Technology,464,463.929993,,463,463.92999267578125,0.00526544,438,461.5,0.00526544,424,464.5799865722656,-0.00662964,432,461.739990234375,0.01991175
465,NEM,Newmont,Materials,465,94.040001,,466,94.04000091552734,-0.03883892,447,97.83999633789062,-0.03883892,395,101.80000305175781,-0.0388998,389,105.66999816894531,-0.01917333
466,CVX,Chevron Corporation,Energy,466,171.449997,,464,171.4499969482422,-0.02574156,452,175.97999572753906,-0.02574156,453,175.05999755859375,0.00525534,463,177.5800018310547,0.0082359
467,LITE,Lumentum,Information Technology,467,842.530029,,465,842.530029296875,0.01764663,480,827.9199829101562,0.01764663,271,893.9299926757812,-0.07384247,360,869.97998046875,0.05168235
468,CRM,Salesforce,Information Technology,468,152.759995,,467,152.75999450683594,-0.00430192,449,153.4199981689453,-0.00430192,475,150.1199951171875,0.02198241,495,155.02000427246094,-0.01093688
469,CSGP,CoStar Group,Real Estate,469,29.809999,,468,29.809999465942383,-0.01487112,458,30.260000228881836,-0.01487112,478,29.219999313354492,0.03559206,447,30.459999084472656,-0.02988048
470,SBAC,SBA Communications,Real Estate,470,185.460007,,469,185.4600067138672,-0.02178385,467,189.58999633789062,-0.02178385,460,187.58999633789062,0.01066155,420,191.57000732421875,0.00385295
471,XOM,ExxonMobil,Energy,471,136.899994,,470,136.89999389648438,-0.02025335,456,139.72999572753906,-0.02025335,466,138.47000122070312,0.00909944,476,140.74000549316406,0.0047892
472,MSFT,Microsoft,Information Technology,472,365.459991,,472,365.4599914550781,-0.02267743,460,373.94000244140625,-0.02267743,473,367.3399963378906,0.01796701,461,378.9100036621094,-0.03178703
473,HII,Huntington Ingalls Industries,Industrials,473,279.619995,,471,279.6199951171875,-0.01361648,464,283.4800109863281,-0.01361648,477,278.19000244140625,0.01901578,468,296.8900146484375,-0.02536524
474,CIEN,Ciena,Information Technology,474,463.51001,,473,463.510009765625,0.00795912,475,459.8500061035156,0.00795912,446,460.3299865722656,-0.00104273,484,436.7200012207031,0.07498482
475,FIS,Fidelity National Information Services,Financials,475,38.66,,474,38.65999984741211,0.01656587,481,38.029998779296875,0.01656587,474,37.720001220703125,0.00821845,471,38.58000183105469,-0.01282387
476,ICE,Intercontinental Exchange,Financials,476,130.020004,,475,130.02000427246094,-0.02240602,461,133.0,-0.02240602,469,131.33999633789062,0.01263895,478,134.58999633789062,-0.01897221
477,ALB,Albemarle Corporation,Materials,477,147.839996,,476,147.83999633789062,-0.01426857,472,149.97999572753906,-0.01426857,437,156.69000244140625,-0.04282341,403,166.55999755859375,-0.02282507
478,TSLA,"Tesla, Inc.",Consumer Discretionary,478,375.529999,,477,375.5299987792969,-0.0159325,466,381.6099853515625,-0.0159325,416,405.04998779296875,-0.0578694,406,396.3800048828125,0.01138605
479,FISV,Fiserv,Financials,479,48.189999,,478,48.189998626708984,0.01881607,473,47.29999923706055,0.01881607,458,47.18000030517578,0.00254345,439,48.77000045776367,-0.01420811
480,APA,APA Corporation,Energy,480,33.330002,,479,33.32500076293945,-0.0261543,468,34.220001220703125,-0.0261543,476,34.20000076293945,0.0005848,492,33.93000030517578,0.03542234
481,ADSK,Autodesk,Information Technology,481,192.610001,,480,192.61000061035156,0.02028817,489,188.77999877929688,0.02028817,492,187.72000122070312,0.00564671,490,193.07000732421875,-0.0314725
482,ROL,"Rollins, Inc.",Industrials,482,44.540001,,481,44.540000915527344,-0.00224014,485,44.63999938964844,-0.00224014,486,44.40999984741211,0.00517901,494,45.130001068115234,-0.0122331
483,OXY,Occidental Petroleum,Energy,483,51.09,,482,51.09000015258789,-0.02182654,479,52.22999954223633,-0.02182654,482,52.0,0.00442308,479,53.040000915527344,0.00347356
484,NFLX,Netflix,Communication Services,484,71.839996,,483,71.83999633789062,-0.01345784,484,72.81999969482422,-0.01345784,481,72.87999725341797,-0.00082327,481,76.95999908447266,-0.05815456
485,NOW,ServiceNow,Information Technology,485,93.800003,,484,93.80000305175781,-0.02230561,471,95.94000244140625,-0.02230561,493,93.01000213623047,0.03150199,487,95.4800033569336,-0.02135943
486,CF,CF Industries,Materials,486,103.089996,,485,103.08999633789062,0.0090046,492,102.16999816894531,0.0090046,488,103.5999984741211,-0.01380309,491,105.8499984741211,0.00650928
487,VRSN,Verisign,Information Technology,487,252.080002,,489,252.0800018310547,0.0196586,493,247.22000122070312,0.0196586,491,247.69000244140625,-0.00189753,486,264.9200134277344,-0.06404927
488,INTU,Intuit,Information Technology,488,262.23999,,486,262.2349853515625,0.01621779,482,258.04998779296875,0.01621779,503,257.7699890136719,0.00108624,503,269.0799865722656,-0.03456929
489,ADBE,Adobe Inc.,Information Technology,489,196.570007,,488,196.57000732421875,-0.00435597,487,197.42999267578125,-0.00435597,495,194.89999389648438,0.01298102,496,196.27999877929688,-0.00133224
490,CME,CME Group,Financials,490,231.679993,,487,231.67999267578125,-0.04367209,477,242.25999450683594,-0.04367209,472,245.1999969482422,-0.01199021,485,252.5399932861328,-0.00478935
491,FOXA,Fox Corporation (Class A),Communication Services,491,49.799999,,490,49.79999923706055,0.02070096,483,48.790000915527344,0.02070096,423,49.38999938964844,-0.01214821,457,51.31999969482422,-0.05437488
492,IT,Gartner,Information Technology,492,130.470001,,491,130.47000122070312,0.00998607,491,129.17999267578125,0.00998607,496,125.7300033569336,0.02743975,498,133.5800018310547,-0.013805
493,PLTR,Palantir Technologies,Information Technology,493,113.5,,492,113.5,-0.02742074,488,116.69999694824219,-0.02742074,480,119.5,-0.02343096,410,130.6300048828125,-0.06982175
494,DOW,Dow Inc.,Materials,494,29.379999,,493,29.3799991607666,-0.03132212,490,30.329999923706055,-0.03132212,484,30.790000915527344,-0.01493992,488,32.5,-0.02962496
495,PTC,PTC Inc.,Information Technology,495,112.93,,494,112.93000030517578,0.0053414,494,112.33000183105469,0.0053414,489,115.0,-0.02321739,477,116.94000244140625,0.00217865
496,SMCI,Supermicro,Information Technology,496,32.450001,,495,32.45000076293945,-0.02611044,469,33.31999969482422,-0.02611044,413,35.459999084472656,-0.06034969,489,27.780000686645508,0.15655577
497,ACN,Accenture,Information Technology,497,129.149994,,497,129.14999389648438,0.01684907,500,127.01000213623047,0.01684907,501,124.83000183105469,0.01746375,474,156.00999450683594,-0.02461322
498,TTD,Trade Desk (The),Communication Services,498,17.700001,,496,17.700000762939453,-0.01282766,499,17.93000030517578,-0.01282766,497,18.020000457763672,-0.00499445,500,18.15999984741211,-0.02647218
499,LYB,LyondellBasell,Materials,499,56.119999,,498,56.119998931884766,-0.02569444,495,57.599998474121094,-0.02569444,494,58.52000045776367,-0.01572112,493,61.810001373291016,-0.02580323
500,AKAM,Akamai Technologies,Information Technology,500,119.480003,,499,119.4800033569336,-0.00325352,497,119.87000274658203,-0.00325352,500,120.73999786376953,-0.00720557,501,127.86000061035156,-0.03338404
501,CBOE,Cboe Global Markets,Financials,501,249.589996,,500,249.58999633789062,,496,257.4200134277344,,499,255.97999572753906,,502,254.69000244140625,
502,ORCL,Oracle Corporation,Information Technology,502,157.529999,,501,157.52999877929688,-0.04619763,498,165.16000366210938,-0.04619763,485,175.07000732421875,-0.05660593,437,183.52999877929688,-0.05002984
503,COIN,Coinbase,Financials,503,150.110001,,502,150.11000061035156,-0.05101783,502,158.17999267578125,-0.05101783,498,164.83999633789062,-0.04040281,497,164.9199981689453,0.00967781
