current_rank,ticker,name,sector,2026-07-07__predicted_rank,2026-07-07__close,2026-07-07__next_snapshot_return,2026-07-06__predicted_rank,2026-07-06__close,2026-07-06__next_snapshot_return,2026-07-02__predicted_rank,2026-07-02__close,2026-07-02__next_snapshot_return,2026-07-01__predicted_rank,2026-07-01__close,2026-07-01__next_snapshot_return,2026-06-30__predicted_rank,2026-06-30__close,2026-06-30__next_snapshot_return,2026-06-29__predicted_rank,2026-06-29__close,2026-06-29__next_snapshot_return,2026-06-26__predicted_rank,2026-06-26__close,2026-06-26__next_snapshot_return,2026-06-25__predicted_rank,2026-06-25__close,2026-06-25__next_snapshot_return,2026-06-24__predicted_rank,2026-06-24__close,2026-06-24__next_snapshot_return,2026-06-23__predicted_rank,2026-06-23__close,2026-06-23__next_snapshot_return,2026-06-22__predicted_rank,2026-06-22__close,2026-06-22__next_snapshot_return,2026-06-19__predicted_rank,2026-06-19__close,2026-06-19__next_snapshot_return
1,PODD,Insulet Corporation,Health Care,1,161.550003,,5,159.770004,0.011141008671440078,4,164.479996,-0.0286356524473651,11,159.789993,0.029351043278410982,17,152.25,0.049523763546797994,9,157.740005,-0.03480413862038356,11,158.25,-0.0032227172195893328,25,153.820007,0.02879984916396472,36,148.8800048828125,0.03318109775721734,55,143.89999389648438,0.03460744411149874,69,138.97000122070312,0.03547523180920176,,,
2,AMAT,Applied Materials,Information Technology,2,554.5,,1,592.789978,-0.06459282278891698,1,603.039978,-0.016997214735239297,1,650.909973,-0.07354318874447485,1,723.0,-0.09970958091286297,1,694.640015,0.04082688066854323,1,626.840027,0.10816154852855298,1,668.0,-0.06161672604790425,3,588.969970703125,0.13418346077273946,2,585.8800048828125,0.005274059489365879,3,640.1799926757812,-0.08481987658742718,,,
3,NTRA,"Natera, Inc. - Common Stock",,3,281.269989,,3,283.799988,-0.008914725535506318,7,279.320007,0.01603888331565173,10,276.269989,0.011039990304556602,16,271.450012,0.01775640739334361,8,272.309998,-0.0031581139374837752,10,261.910004,0.03970827322808179,8,260.73999,0.004487282522332103,9,259.9700012207031,0.0029618378929803235,38,234.75999450683594,0.10738629467086169,55,228.8000030517578,0.026048915742365564,,,
4,AXON,Axon Enterprise,Industrials,4,640.460022,,4,622.200012,0.029099456412608582,25,597.039978,0.04214128856878663,15,593.960022,0.005185460108289908,14,560.609985,0.05948883875123978,40,510.600006,0.09794355349067518,33,464.829987,0.0984661495171566,67,444.730011,0.045195906511467765,57,456.7300109863281,-0.02627372782823334,94,433.0400085449219,0.05470626618243957,145,410.0299987792969,0.05611786956105136,,,
5,MDLN,Medline Inc. - Class A common stock,,5,43.009998,,15,42.75,0.006081824561403604,9,43.189999,-0.010187520495196112,35,41.73,0.03498679606997368,70,39.439999,0.058062907151696264,79,39.610001,-0.004291895877508223,70,38.869999,0.019037870312268224,91,37.77,0.02912361662695262,136,36.04999923706055,0.04771154085191531,145,35.29999923706055,0.02124645952539539,,,,,,
6,KMB,Kimberly-Clark,Consumer Staples,6,114.739998,,20,113.010002,0.015308344123381223,24,114.720001,-0.01490584889377744,32,111.440002,0.029432869177443033,34,109.769997,0.015213674461519888,41,109.910004,-0.0012738330898431904,47,109.370003,0.004937377573263957,42,108.099998,0.011748427599415745,51,106.7300033569336,0.012836081340689143,62,103.94999694824219,0.026743685235508075,72,100.5,0.03432832835820898,,,
7,GH,"Guardant Health, Inc. - Common Stock",,7,162.919998,,2,168.820007,-0.03494851768368901,2,167.979996,0.005000660912028998,4,170.770004,-0.01633781070825535,18,150.029999,0.1382390531109714,15,153.740005,-0.024131689081186125,12,149.220001,0.030290872334198582,20,142.940002,0.043934510368902835,27,136.9600067138672,0.04366234443898653,41,130.8300018310547,0.0468547344362189,41,128.8300018310547,0.015524334153157904,,,
8,VRTX,Vertex Pharmaceuticals,Health Care,8,522.25,,6,529.590027,-0.013859828595299328,3,528.039978,0.0029354766013567346,18,498.01001,0.06029992850946919,22,496.730011,0.0025768505458794166,19,499.649994,-0.0058440569099657,23,491.339996,0.01691292804911404,37,480.179993,0.023241291104771022,37,475.20001220703125,0.010479757731992612,42,468.4200134277344,0.014474187293103569,43,466.7900085449219,0.003491942776350232,,,
9,TXN,Texas Instruments,Information Technology,9,293.299988,,11,303.5,-0.033607947281713346,14,293.079987,0.035553478443411946,8,298.410004,-0.01786138845398766,11,298.070007,0.0011406615627718164,25,285.480011,0.044101147242844974,30,285.424988,0.00017523736547175872,15,311.809998,-0.08461887100874821,15,303.1099853515625,0.028702495564440156,12,304.3599853515625,-0.004106978780407,17,332.2799987792969,-0.08402556303125541,,,
10,ROP,Roper Technologies,Information Technology,10,363.76001,,19,364.25,-0.0013452024708303645,20,364.200012,0.00013725425138089165,34,354.679993,0.02684115029854528,33,338.390015,0.04813965329325698,28,334.799988,0.010722900623282072,19,338.309998,-0.01037512938059848,24,332.420013,0.017718503007218223,30,331.6000061035156,0.00247287993112999,30,329.5400085449219,0.006251128675547335,37,325.0899963378906,0.013688557183408445,,,
11,ROIV,Roivant Sciences Ltd. - Common Shares,,11,36.310001,,21,35.389999,0.025996101327948606,16,35.130001,0.00740102455448266,23,35.029999,0.0028547531502927104,29,35.389999,-0.010172365362316249,30,34.73,0.01900371436798176,32,34.07,0.01937188142060453,34,34.02,0.0014697236919458678,38,34.0099983215332,0.0002940899908314698,80,32.209999084472656,0.05588323675514539,138,31.25,0.030719968000000097,,,
12,AVGO,Broadcom,Information Technology,12,370.779999,,61,373.899994,-0.008344463894268017,77,360.450012,0.03731441684623937,50,369.339996,-0.02406991957621607,37,377.75,-0.022263412309728725,22,372.450012,0.014230065322161867,27,365.019989,0.020355112662062913,19,378.910004,-0.0366578207314896,24,382.07000732421875,-0.008270743429488747,26,380.1499938964844,0.005050672182833171,31,392.1300048828125,-0.03055112041222141,,,
13,DASH,DoorDash,Consumer Discretionary,13,195.720001,,26,188.460007,0.038522730183279785,26,192.009995,-0.01848855836905794,49,188.869995,0.01662519237108051,40,184.529999,0.02351918941916864,34,184.820007,-0.0015691374797968116,34,183.089996,0.009448965196328762,39,176.910004,0.03493297077761648,50,177.92999267578125,-0.005732529872015557,61,171.52000427246094,0.03737167007062325,66,172.0800018310547,-0.003254288665105909,,,
14,ISRG,Intuitive Surgical,Health Care,14,427.299988,,13,432.829987,-0.012776376790178401,17,426.01001,0.01600895950778236,39,402.380005,0.05872559447878145,50,397.679993,0.01181857795898722,47,405.970001,-0.020420247751261833,42,404.265991,0.0031380997339827132,56,399.690002,0.01144884529786161,55,401.8299865722656,-0.005325598061948544,56,403.17999267578125,-0.0033483953158360835,63,402.95001220703125,0.0005707432513986088,,,
15,COO,Cooper Companies (The),Health Care,15,71.889999,,12,72.610001,-0.009916016940971994,10,74.199997,-0.02142851838659776,17,71.949997,0.03127171777366433,26,71.709999,0.0033467857111530996,21,71.389999,0.004482420569861478,22,71.019997,0.005209828437475084,29,70.639999,0.005379360212052209,42,68.83000183105469,0.02629662861262161,57,66.1500015258789,0.04051398214621349,59,65.41999816894531,0.011158728558811504,,,
16,INCY,Incyte,Health Care,16,118.050003,,24,115.620003,0.02101712451953497,6,116.860001,-0.010610970301121236,21,113.809998,0.02679907788066216,20,113.360001,0.003969627699632827,17,114.660004,-0.011337894249506597,17,113.75,0.008000035164835273,33,107.529999,0.05784433235231412,31,108.45999908447266,-0.008574589789549947,48,104.4000015258789,0.03888885940825926,47,103.66000366210938,0.007138703178132255,,,
17,PANW,Palo Alto Networks,Information Technology,17,337.040009,,8,357.529999,-0.05730984828492669,42,348.059998,0.027207955681250118,38,352.040009,-0.011305564419525904,30,341.019989,0.03231487993508786,12,332.0,0.027168641566265084,26,304.200012,0.09138720218064944,52,293.089996,0.03790650022732267,69,285.260009765625,0.02744859330265026,46,290.9150085449219,-0.019455529860711085,44,286.3999938964844,0.015764717509037407,,,
18,ZBRA,Zebra Technologies,Information Technology,18,264.649994,,25,270.290009,-0.020866531548341505,33,267.179993,0.011640153011007737,27,267.850006,-0.0025014485159279287,27,263.26001,0.017435219272383895,39,255.809998,0.02912322449570559,49,251.529999,0.017015859010916623,61,243.389999,0.033444266541124534,60,247.77999877929688,-0.017717329960922346,52,237.72000122070312,0.04231868567087882,42,245.69000244140625,-0.03243925652294144,,,
19,RVMD,"Revolution Medicines, Inc. - Common Stock",,19,190.460007,,27,189.990005,0.0024738248730504786,13,189.240005,0.003963221201563671,36,187.509995,0.00922622818052976,25,187.279999,0.0012280862944686888,11,192.619995,-0.02772295783726908,24,182.080002,0.05788660415326663,41,178.169998,0.021945355805639055,56,169.77000427246094,0.049478669977530254,58,169.50999450683594,0.0015338859516809134,65,165.80999755859375,0.022314679721544772,,,
20,UAL,United Airlines Holdings,Industrials,20,128.309998,,18,132.5,-0.0316226566037735,28,133.320007,-0.006150667243814412,31,135.130005,-0.013394493695164211,38,135.990005,-0.006323994178836778,38,135.190002,0.005917619558878373,25,136.110001,-0.006759231454270709,13,134.610001,0.011143302792190113,10,130.5399932861328,0.03117824588821594,25,121.55000305175781,0.07396124868873932,33,118.68000030517578,0.024182701381867178,,,
21,IDXX,Idexx Laboratories,Health Care,21,570.25,,30,564.97998,0.009327799544330828,27,557.799988,0.012871983066446324,42,537.580017,0.03761295130135012,48,526.440002,0.021161034415466018,49,535.929993,-0.01770751987004382,28,551.5,-0.028232106980961125,27,554.940002,-0.006198871927780125,33,549.1599731445312,0.01052521903303405,32,541.3099975585938,0.01450181047644361,36,545.72998046875,-0.00809921052898721,,,
22,ASND,Ascendis Pharma A/S - Ordinary Share,,22,266.970001,,23,267.920013,-0.003545879194922108,8,274.5,-0.02397080874316948,9,267.790009,0.02505691315765257,12,266.720001,0.004011727639428031,32,263.700012,0.01145236580421538,37,260.75,0.01131356471716205,55,261.579987,-0.0031729759203635854,140,238.00999450683594,0.09902942101234036,134,238.58999633789062,-0.002430952721085622,151,228.0,0.04644735087719298,,,
23,PCAR,Paccar,Industrials,23,124.459999,,17,125.910004,-0.011516201683227645,29,119.5,0.053640200836820195,19,121.239998,-0.014351682849747305,19,120.120003,0.009323967466101424,24,119.599998,0.004347867965683427,18,120.68,-0.00894930394431559,16,121.68,-0.008218277449046685,17,117.02999877929688,0.03973341057620616,19,116.77999877929688,0.0021407775487307656,27,120.12000274658203,-0.02780556041111648,,,
24,AFRM,"Affirm Holdings, Inc. - Class A Common Stock",,24,83.620003,,7,85.779999,-0.025180648463285826,37,84.580002,0.014187715436563941,48,83.849998,0.008706070571402824,60,81.550003,0.02820349375094433,55,81.790001,-0.0029343195630967545,53,79.489998,0.02893449563302286,98,76.849998,0.034352635897271,58,77.66000366210938,-0.010430156557808101,120,71.83000183105469,0.08116388469542302,117,72.19999694824219,-0.005124584700467505,,,
25,GEHC,GE HealthCare,Health Care,25,64.889999,,22,64.839996,0.0007711752480676903,23,65.565002,-0.011057820146181174,26,64.860001,0.010869580467629092,31,64.010002,0.013279159091418302,20,65.050003,-0.01598771640333363,21,65.760002,-0.010796821447785154,23,64.940002,0.012627039956050412,23,64.87999725341797,0.0009248613251324755,29,63.720001220703125,0.01820458226295374,51,60.63999938964844,0.050791590547354826,,,
26,KLAC,KLA Corporation,Information Technology,26,216.470001,,10,233.309998,-0.07217863419637938,5,235.550003,-0.009509679352455724,2,266.190002,-0.1151057469093072,2,301.709991,-0.11772891206642211,2,278.390015,0.08376728597827054,3,248.639999,0.11965096573218714,4,258.799988,-0.03925807369048251,4,240.47999572753906,0.07618093939090054,4,244.49000549316406,-0.016401525289346686,4,269.1600036621094,-0.09165551580241471,,,
27,OKTA,"Okta, Inc. - Class A Common Stock",,27,148.470001,,34,148.600006,-0.0008748653751737834,100,141.419998,0.05077081107015724,115,140.460007,0.006834621615817049,65,136.449997,0.0293881281653674,7,131.309998,0.039144003337811206,8,124.279999,0.05656581152692164,14,119.260002,0.042092880394216436,14,118.58000183105469,0.005734525118324729,11,118.16000366210938,0.003554485323138623,23,115.94000244140625,0.019147852007109556,,,
28,DXCM,Dexcom,Health Care,28,73.57,,43,72.379997,0.016441047932068686,49,71.25,0.015859607017543853,66,68.860001,0.034708088371941725,67,67.349998,0.022420238230741907,51,69.980003,-0.037582236171095906,35,70.139999,-0.002281094985473353,48,68.650002,0.021704252827261517,41,69.75,-0.015770580645161236,44,68.91999816894531,0.012042977714537884,45,69.06999969482422,-0.002171738815693991,,,
29,TTWO,Take-Two Interactive,Communication Services,29,257.790009,,32,258.410004,-0.002399268567017332,40,254.990005,0.013412286493347025,52,250.320007,0.018656111654710816,41,249.979996,0.00136015283398927,35,247.149994,0.011450544481906855,48,238.529999,0.03613799117988514,47,238.720001,-0.0007959199028321207,65,235.77000427246094,0.012512181150915236,69,242.63999938964844,-0.028313530449693092,80,239.57000732421875,0.012814592437691896,,,
30,LLYVA,"Liberty Live Holdings, Inc. - Series A Liberty Live Group Common Stock",,30,103.470001,,51,102.449997,0.009956115469676341,66,104.110001,-0.015944712170351427,76,103.860001,0.002407086439369488,80,101.260002,0.02567646601468554,73,102.029999,-0.007546770631645328,85,99.629997,0.02408915057981975,101,98.279999,0.013736243526009773,100,96.33999633789062,0.020137046715260398,104,94.7300033569336,0.01699559747717938,101,94.37999725341797,0.00370847648999173,,,
31,RYAAY,"Ryanair Holdings plc - American Depositary Shares, each representing five Ordinary Shares",,31,66.349998,,41,67.059998,-0.010587533867805865,74,65.489998,0.023973126400156364,85,63.48,0.03166348456206691,90,64.75,-0.0196138996138997,102,64.32,0.006685323383084585,95,64.489998,-0.0026360366765713072,89,64.169998,0.004986754090283707,92,63.72999954223633,0.006904095402479271,81,62.36000061035156,0.021969194644496648,70,62.7400016784668,-0.00605675785601667,,,
32,MEDP,"Medpace Holdings, Inc. - Common Stock",,32,546.289978,,16,565.090027,-0.03326912191285225,19,557.599976,0.013432660190788814,29,543.570007,0.02581078576691942,35,529.590027,0.026397740303368833,33,534.719971,-0.009593701896726148,16,527.070007,0.014514132654867451,22,519.960022,0.013674099352199987,34,512.7899780273438,0.013982418353737813,63,473.4800109863281,0.08302349853582314,74,455.6600036621094,0.03910812194084956,,,
33,LLYVK,"Liberty Live Holdings, Inc. - Series C Liberty Live Group Common Stock",,33,107.089996,,44,106.239998,0.008000734337363147,58,108.0,-0.01629631481481486,70,107.269997,0.006805285917925286,69,105.639999,0.015429742667831814,65,106.010002,-0.00349026500348526,69,103.82,0.021094220766711747,83,102.080002,0.017045434619015865,98,99.5,0.02592966834170851,102,97.69499969482422,0.018475868775269966,96,97.88999938964844,-0.001992021677311606,,,
34,AMD,Advanced Micro Devices,Information Technology,34,516.109985,,29,552.049988,-0.06510280550898218,34,517.820007,0.06610401401504751,16,540.880005,-0.04263422161445951,9,580.909973,-0.06890907345465735,16,539.48999,0.07677618448490575,14,521.580017,0.03433792019681614,18,532.570007,-0.020635765919127413,12,519.739990234375,0.02468545281651302,9,519.8499755859375,-0.0002115725787779077,7,551.6300048828125,-0.0576111319397864,,,
35,CCEP,Coca-Cola Europacific Partners plc - Ordinary Shares,,35,106.5,,37,106.970001,-0.0043937645658244096,35,106.610001,0.0033767938900965966,33,106.099998,0.004806814416716598,56,100.07,0.06025779954032173,60,101.379997,-0.012921651595629968,68,101.589996,-0.0020671228296927913,74,99.599998,0.019979899999596373,83,98.80000305175781,0.008097115138751443,93,97.7699966430664,0.010534990606576367,95,96.9800033569336,0.00814594736607721,,,
36,EXPE,Expedia Group,Consumer Discretionary,36,269.869995,,40,266.76001,0.011658362885801354,38,268.690002,-0.007182969167568665,44,264.540009,0.015687581684477703,47,255.880005,0.033844004341019085,37,265.279999,-0.035434235658301394,39,262.799988,0.009436876382201254,44,250.949997,0.04722052656569664,19,262.1499938964844,-0.042723621042692006,50,245.07000732421875,0.06969431799950931,61,238.02000427246094,0.02961937182389085,,,
37,DLTR,Dollar Tree,Consumer Staples,37,122.650002,,49,121.459999,0.009797488965894052,30,124.050003,-0.02087870969257455,40,121.150002,0.02393727570883586,54,120.949997,0.0016536172382046743,52,122.620003,-0.013619360293116278,9,123.870003,-0.010091224426627354,10,118.209999,0.04788092418476375,13,119.3499984741211,-0.009551730365341182,24,113.41000366210938,0.052376278903931706,28,113.93000030517578,-0.004564170982182092,,,
38,KHC,Kraft Heinz,Consumer Staples,38,25.299999,,52,24.82,0.01933920225624486,55,25.370001,-0.02167918716282269,62,25.01,0.014394282287085058,103,23.620001,0.058848388702439136,99,24.190001,-0.02356345499944379,105,23.700001,0.020675104612864814,93,23.469999,0.009799829987210407,111,22.940000534057617,0.023103660719108188,115,22.469999313354492,0.020916867864569033,133,22.030000686645508,0.019972672720260043,,,
39,ADI,Analog Devices,Information Technology,39,379.029999,,39,388.829987,-0.025203786558776975,32,377.160004,0.030941729971982967,13,388.980011,-0.030387183571754184,13,397.170013,-0.020620897177350606,14,391.779999,0.013757756939501098,15,386.910004,0.012586893462697812,11,417.929993,-0.07422293092039467,8,413.1600036621094,0.011545137365232438,8,407.260009765625,0.014487044775154834,14,445.4800109863281,-0.08579509754928138,,,
40,FWONA,Liberty Media Corporation - Series A Liberty Formula One Common Stock,,40,91.339996,,42,91.57,-0.002511783335153339,52,90.889999,0.00748158221456241,61,90.440002,0.004975641199123304,71,87.540001,0.03312772409038467,76,86.150002,0.016134636886021125,84,84.879997,0.014962359152769444,109,82.959999,0.023143659873959388,91,82.62999725341797,0.003993731235401032,103,82.36000061035156,0.003278241825179329,115,82.38999938964844,-0.0003640975890776277,,,
41,NVDA,Nvidia,Information Technology,41,196.929993,,38,195.550003,0.007056967419223126,50,194.830002,0.003695534530662181,46,197.580002,-0.013918412653928458,28,200.089996,-0.01254432530449956,36,194.970001,0.026260424546030725,40,192.529999,0.012673360061670191,32,195.740005,-0.01639933543477734,29,199.0,-0.016381884422110526,33,200.0399932861328,-0.005198925396883047,35,208.64999389648438,-0.04126528275864694,,,
42,FFIV,"F5, Inc.",Information Technology,42,417.109985,,35,419.029999,-0.004582044255976969,47,408.140015,0.026681980692336627,24,424.179993,-0.03781408426776045,24,415.959991,0.019761520766068186,27,410.559998,0.013152749966644395,46,394.529999,0.04063062134851769,54,386.01001,0.02207193797901752,53,384.7799987792969,0.0031966604376441055,37,389.5299987792969,-0.012194182764342143,39,391.2699890136719,-0.00444703158667259,,,
43,ILMN,"Illumina, Inc. - Common Stock",,43,191.759995,,48,194.330002,-0.013224962556219189,43,188.679993,0.029944929031240797,55,183.889999,0.026048148491207623,63,175.830002,0.04583971397554776,44,181.100006,-0.02909996590502595,31,176.550003,0.025771752606540632,17,177.649994,-0.00619190001211023,20,175.08999633789062,0.014621040941710683,43,164.92999267578125,0.06160191251569391,46,161.3800048828125,0.02199769420009612,,,
44,IONS,"Ionis Pharmaceuticals, Inc. - Common Stock",,44,86.330002,,50,83.18,0.03786970425583047,48,81.800003,0.016870378354387094,74,79.190002,0.03295871870289879,78,79.290001,-0.0012611804608250177,77,80.690002,-0.017350365166678317,64,81.18,-0.00603594481399361,86,78.339996,0.03625228676294556,103,76.5199966430664,0.023784619332904544,110,75.98999786376953,0.006974588945245275,110,75.88999938964844,0.0013176835066237569,,,
45,FWONK,Liberty Media Corporation - Series C Liberty Formula One Common Stock,,45,98.830002,,46,98.970001,-0.0014145599533741393,61,98.5,0.004771583756345121,64,98.379997,0.001219790645043295,72,95.139999,0.03405505606532544,83,93.480003,0.017757765797247638,87,92.169998,0.014212922083387536,116,90.449997,0.01901604264287604,104,90.02999877929688,0.004665089466456607,116,89.19000244140625,0.009418062351876477,126,89.3499984741211,-0.0017906659606191644,,,
46,BBIO,"BridgeBio Pharma, Inc. - Common Stock",,46,77.910004,,33,77.75,0.00205792926045012,11,77.190002,0.007254799656566835,22,74.519997,0.03582937610692616,23,74.480003,0.0005369763478662026,48,72.010002,0.034300804491020465,43,70.239998,0.0251993742938319,71,69.690002,0.007892035933647845,87,69.36000061035156,0.004757799816064168,106,68.62999725341797,0.010636806526452158,86,68.91999816894531,-0.004207791764590629,,,
47,MU,Micron Technology,Information Technology,47,938.380005,,60,984.75,-0.047088088347296275,54,975.559998,0.00942023250116919,25,1032.280029,-0.0549463608774321,6,1154.290039,-0.10570134530979869,5,1145.280029,0.00786708034005179,4,1132.329956,0.01143666025205814,2,1213.560059,-0.06693537942154693,2,1048.510009765625,0.1574138991767946,3,1051.77001953125,-0.0030995464198532163,1,1211.3800048828125,-0.1317588075923377,,,
48,LRCX,Lam Research,Information Technology,48,326.130005,,14,350.200012,-0.06873217068878923,12,351.410004,-0.0034432485877664565,3,391.26001,-0.10185044466977344,4,433.329987,-0.0970853120303442,3,410.910004,0.054561784287928905,5,379.089996,0.08393787315875256,5,401.820007,-0.0565676437310898,5,374.79998779296875,0.0720918352857578,5,371.3299865722656,0.009344790675362091,5,409.5400085449219,-0.09329985144381825,,,
49,MNST,Monster Beverage,Consumer Staples,49,96.919998,,54,97.370003,-0.00462159788574712,44,97.599998,-0.002356506195830055,45,97.349998,0.0025680534682701595,46,96.120003,0.012796451951837762,42,97.639999,-0.015567349606384173,50,96.379997,0.013073272870095742,43,95.830002,0.0057392777681462,47,94.69999694824219,0.011932471338937711,45,93.69000244140625,0.01078017908463691,56,93.0199966430664,0.007202806080503388,,,
50,AEP,American Electric Power,Utilities,50,137.529999,,45,135.979996,0.011398757505479029,45,138.509995,-0.018265822621681638,43,135.050003,0.025620080882190033,44,136.809998,-0.01286452032548091,43,137.970001,-0.008407646528900026,45,138.690002,-0.0051914412691406175,49,137.0,0.012335781021897807,54,134.9600067138672,0.015115537153165715,51,133.74000549316406,0.009122191972401827,64,130.3000030517578,0.0264006287091183,,,
51,GRAB,Grab Holdings Limited - Class A Ordinary Shares,,51,3.93,,53,3.85,0.020779220779220786,81,3.9,-0.012820512820512775,78,3.89,0.0025706940874035134,82,3.77,0.03183023872679058,87,3.74,0.008021390374331583,134,3.55,0.05352112676056353,132,3.46,0.026011560693641522,121,3.490000009536743,-0.008595988538682042,128,3.4600000381469727,0.00867052023121384,120,3.490000009536743,-0.008595988538682042,,,
52,LNT,Alliant Energy,Utilities,52,77.650002,,57,76.580002,0.013972316166823928,51,78.029999,-0.01858255822866295,53,75.790001,0.029555323531398336,55,76.290001,-0.006553938831381112,56,77.18,-0.011531471883907796,60,77.25,-0.0009061488673138829,66,76.190002,0.013912560338297242,67,75.58999633789062,0.007937637673641529,66,74.56999969482422,0.013678369317420058,77,73.20999908447266,0.018576711085598996,,,
53,NXPI,NXP Semiconductors,Information Technology,53,273.149994,,47,280.51001,-0.026237979885281204,53,273.359985,0.026156077671719347,37,279.179993,-0.020846794705665084,43,281.029999,-0.006582948463092597,80,278.369995,0.009555641943378212,78,277.019989,0.004873316199575761,30,298.640015,-0.07239494010874592,22,294.05999755859375,0.015575110627593647,13,299.94000244140625,-0.01960393398943827,21,323.239990234375,-0.07208262814263788,,,
54,EXC,Exelon,Utilities,54,47.57,,69,47.049999,0.011052093752435654,60,47.880001,-0.017335045586151954,69,46.259998,0.03501952161779154,76,46.619999,-0.007722029337666747,67,47.150002,-0.01124078425277697,67,47.400002,-0.0052742613808328676,75,46.75,0.013903786096256754,74,46.900001525878906,-0.0031983367506039917,65,46.619998931884766,0.006006070484900761,73,45.939998626708984,0.014801915864212312,,,
55,INTC,Intel,Information Technology,55,110.389999,,9,122.199997,-0.0966448305231955,21,120.349998,0.015371824102564657,7,127.019997,-0.05251140889256989,7,139.630005,-0.09031015933860354,13,131.720001,0.060051654569908575,13,128.320007,0.026496211148118176,12,132.869995,-0.03424390886746087,11,131.64999389648438,0.009267003840501387,10,132.27999877929688,-0.004762662570023224,16,140.94000244140625,-0.06144460676252861,,,
56,REGN,Regeneron Pharmaceuticals,Health Care,56,676.22998,,72,649.809998,0.04065801092829591,59,654.27002,-0.006816791024598867,75,624.719971,0.04730127156443986,92,623.539978,0.0018924095352872428,85,631.809998,-0.013089409832352739,79,632.900024,-0.0017222720155878335,87,620.140015,0.02057601298313272,84,623.4299926757812,-0.005277221238856877,91,618.030029296875,0.008737381270514266,109,612.5,0.0090286187755102,,,
57,WWD,"Woodward, Inc. - Common Stock",,57,404.839996,,31,423.480011,-0.044016280617315884,22,418.019989,0.013061628973919603,20,420.929993,-0.006913273105725204,21,425.440002,-0.010600810875325162,26,423.320007,0.0050080198548234645,20,431.619995,-0.01922985055407367,21,436.440002,-0.011043916638970197,16,432.79998779296875,0.008410383782173403,20,428.25,0.01062460712200819,30,426.82000732421875,0.003350342009623697,,,
58,EVRG,Evergy,Utilities,58,87.120003,,62,86.269997,0.009852857651078795,56,88.129997,-0.021105186239822493,57,86.190002,0.022508353115016755,59,86.43,-0.0027767904662733267,61,87.010002,-0.006665923303851851,62,87.209999,-0.0022932806133846295,69,86.660004,0.006346584059700566,72,85.81999969482422,0.009787974831041879,73,84.83999633789062,0.011551202807694505,88,83.25,0.01909905105105114,,,
59,KDP,Keurig Dr Pepper,Consumer Staples,59,31.49,,68,31.75,-0.008188976377952795,36,33.299999,-0.04654651791430986,30,33.369999,-0.002097692601069623,36,32.73,0.019553895508707786,23,33.5,-0.02298507462686572,29,33.400002,0.0029939519165298467,38,32.52,0.027060332103320928,45,31.399999618530273,0.03566878980891741,47,30.8700008392334,0.017168739320740478,49,30.8700008392334,0.0,,,
60,GILD,Gilead Sciences,Health Care,60,136.360001,,87,129.610001,0.052079314465864446,75,131.270004,-0.012645714553341403,95,125.970001,0.04207353304696726,115,126.339996,-0.002928565867613364,121,126.330002,7.911026550933009e-05,103,127.879997,-0.012120699377245137,125,123.839996,0.03262274814672961,122,125.16000366210938,-0.010546564060512464,101,125.05000305175781,0.0008796561164416961,108,124.87000274658203,0.0014414991244935393,,,
61,MDGL,"Madrigal Pharmaceuticals, Inc. - Common Stock",,61,545.359985,,73,529.47998,0.029991700536061927,15,528.099976,0.0026131491435628096,41,514.390015,0.02665285211650148,39,536.950012,-0.04201507867737986,57,527.280029,0.01833936896555577,74,512.650024,0.028537997298523354,92,513.789978,-0.0022187159127498024,96,509.760009765625,0.007905618175109597,87,513.4299926757812,-0.007147971583342905,91,512.8800048828125,0.0010723521966897742,,,
62,ABNB,Airbnb,Consumer Discretionary,62,148.800003,,66,147.649994,0.007788750739807115,62,148.929993,-0.008594635467417233,77,147.309998,0.010997182961064222,73,143.100006,0.02941992888525813,62,147.169998,-0.027655038766800755,56,145.559998,0.011060731122021439,72,141.880005,0.025937361645850032,61,144.39999389648438,-0.01745144809355037,88,138.85000610351562,0.03997110378230717,92,139.19000244140625,-0.0024426754444617504,,,
63,AMGN,Amgen,Health Care,63,368.100006,,59,366.440002,0.004530084027234649,39,374.149994,-0.020606687488013198,54,361.329987,0.035480052752997704,57,362.119995,-0.002181619382823685,59,360.549988,0.0043544780259430205,58,358.329987,0.0061954094843867935,63,352.820007,0.015616971517151024,64,351.42999267578125,0.003955308390539036,59,347.010009765625,0.012737335732764699,57,344.7200012207031,0.006643098727538099,,,
64,SBUX,Starbucks,Consumer Discretionary,64,103.610001,,80,102.110001,0.014690040008911609,70,104.269997,-0.020715412507396613,73,103.389999,0.00851144219471367,96,102.190002,0.011742802392742835,95,104.059998,-0.01797036359735449,100,104.599998,-0.005162523999283519,111,103.160004,0.013958840094655312,118,103.52999877929688,-0.0035737950697749543,137,101.05000305175781,0.024542265476231506,156,100.1500015258789,0.008986530025231643,,,
65,CASY,Casey's,Consumer Staples,65,801.98999,,70,807.179993,-0.006429796383716768,68,797.419983,0.012239485099535097,60,784.280029,0.016754161159444836,62,794.789978,-0.013223555015687394,81,780.23999,0.018648093133498467,91,778.630005,0.0020677150760457508,115,784.710022,-0.007748106726741866,117,801.3499755859375,-0.020764902350231096,98,831.8900146484375,-0.03671163068353456,123,831.6699829101562,0.00026456648009132167,,,
66,ARGX,argenx SE - American Depositary Shares,,66,919.940002,,56,916.799988,0.003424971685318301,41,939.679993,-0.024348719958327325,65,909.5,0.0331830599230345,51,927.77002,-0.01969240178724474,54,912.460022,0.016778815105172873,54,887.179993,0.028494814129560675,51,888.650024,-0.0016542294044883388,68,852.5,0.042404720234604065,77,853.4000244140625,-0.0010546332021195148,53,903.75,-0.05571228326417699,,,
67,MELI,"MercadoLibre, Inc. - Common Stock",,67,1813.609985,,71,1805.680054,0.004391658966622192,94,1763.359985,0.02399967639052436,117,1742.189941,0.012151398364663057,125,1697.390015,0.026393419075226632,126,1683.130005,0.008472316432859284,128,1675.099976,0.004793761038176969,128,1619.25,0.03449126200401409,125,1659.5699462890625,-0.024295418278200143,148,1583.6600341796875,0.047933211908030016,147,1589.449951171875,-0.003642717404443774,,,
68,BKNG,Booking Holdings,Consumer Discretionary,68,181.949997,,64,181.029999,0.005082019582842712,65,184.559998,-0.019126566093699227,68,182.639999,0.010512478156551097,68,178.240005,0.024685782521157273,63,182.410004,-0.022860582800052986,59,181.460007,0.005235296833202563,58,177.050003,0.0249082401879428,43,181.25,-0.023172397241379317,70,168.94000244140625,0.07286609360878304,67,167.77000427246094,0.0069738211367031955,,,
69,BIIB,Biogen,Health Care,69,205.699997,,63,208.460007,-0.01323999763657302,31,216.119995,-0.03544321755143476,47,209.740005,0.030418565118275787,42,216.059998,-0.02925110181663526,45,216.630005,-0.002631246765654627,44,216.029999,0.002777419815661819,65,201.960007,0.06966721881723847,70,199.58999633789062,0.011874397752881238,64,197.19000244140625,0.012170972035387528,60,199.7100067138672,-0.01261832112398853,,,
70,PEP,PepsiCo,Consumer Staples,70,144.979996,,76,143.289993,0.011794284894689033,79,144.220001,-0.0064485369127128545,81,141.160004,0.021677507178308186,121,135.399994,0.04254069612440303,118,138.679993,-0.02365156594722362,114,141.389999,-0.019166886053942123,100,139.520004,0.013403060108857057,107,142.27000427246094,-0.019329443471443164,99,142.0500030517578,0.0015487574470518517,107,140.7100067138672,0.009523103783229958,,,
71,PAYX,Paychex,Industrials,71,108.120003,,78,105.389999,0.025903824138000076,85,106.349998,-0.009026789074316643,99,102.709999,0.03543957779612095,99,98.330002,0.04454385142797013,75,99.809998,-0.014828133750689032,63,99.900002,-0.0009009409229041587,81,96.720001,0.032878421909859235,102,96.30000305175781,0.004361349812211257,75,97.98999786376953,-0.017246607148619364,105,95.93000030517578,0.02147397060356493,,,
72,MCHP,Microchip Technology,Information Technology,72,84.150002,,58,87.589996,-0.03927382300599713,67,84.639999,0.03485346213201157,14,88.690002,-0.04566470750558782,15,91.199997,-0.027521875905324733,46,89.059998,0.024028733977739414,51,87.93,0.012851108836574365,35,94.120003,-0.06576713560028247,26,92.4800033569336,0.017733563438573796,21,93.26000213623047,-0.008363703444913106,18,102.70999908447266,-0.09200659226956076,,,
73,ICLR,ICON plc - Ordinary Shares,,73,168.720001,,36,170.940002,-0.012987018685070573,18,173.059998,-0.012250063703340697,12,175.050003,-0.011368208888291154,10,173.710007,0.007713982764389726,10,172.990005,0.004162101735299739,6,169.860001,0.018426963273125097,7,160.960007,0.05529320087566858,7,158.1699981689453,0.017639306033246482,27,142.6699981689453,0.10864232296407539,34,140.72999572753906,0.013785277162943865,,,
74,XEL,Xcel Energy,Utilities,74,80.669998,,74,80.370003,0.003732673743959136,73,81.959999,-0.019399658606633174,67,79.699997,0.02835636242244788,83,80.300003,-0.007472054515365478,74,81.980003,-0.020492802372793162,82,82.230003,-0.0030402528381276994,78,81.75,0.0058715963302751195,75,81.47000122070312,0.0034368356028373626,74,80.33000183105469,0.014191447424587444,85,78.80999755859375,0.019286943770763676,,,
75,TEM,"Tempus AI, Inc. - Class A Common Stock",,75,60.09,,28,60.700001,-0.010049439702645047,46,60.27,0.007134577733532321,58,61.599998,-0.021590877324379032,66,57.93,0.06335228724322461,69,58.310001,-0.006516909509228119,52,56.139999,0.03865340289728181,62,54.869999,0.023145617334529245,86,51.939998626708984,0.05641124482886495,133,48.61000061035156,0.06850438040517637,131,47.849998474121094,0.015883030966897804,,,
76,LIN,Linde plc,Materials,76,538.22998,,79,540.52002,-0.0042367348391648685,63,546.640015,-0.011195658627369043,71,533.549988,0.024533834306823987,86,518.940002,0.028153516675709866,103,511.059998,0.015418941084878401,98,519.619995,-0.01647357122968296,95,522.280029,-0.005093118350883774,114,515.72998046875,0.012700539534273414,109,512.260009765625,0.0067738451806924616,93,516.7100219726562,-0.00861220377103511,,,
77,PYPL,PayPal,Financials,77,45.650002,,81,45.09,0.012419649589709314,96,45.470001,-0.008357180374814588,125,44.07,0.031767665078284546,132,43.18,0.020611394163964736,111,44.380001,-0.027039228773338753,106,44.290001,0.0020320613675308685,136,42.380001,0.04506842744057504,134,42.47999954223633,-0.002354025423728756,142,41.70000076293945,0.018705011541846117,135,42.34000015258789,-0.015115706188001954,,,
78,SMMT,Summit Therapeutics Inc.  - Common Stock,,78,15.88,,82,15.93,-0.003138731952291196,101,15.42,0.03307392996108938,161,14.38,0.07232267037552154,191,14.57,-0.013040494166094652,187,14.32,0.01745810055865915,189,14.01,0.022127052105638922,177,14.18,-0.011988716502115637,192,14.25,-0.0049122807017544234,199,14.25,0.0,196,14.279999732971191,-0.0021008403361344463,,,
79,ALNY,"Alnylam Pharmaceuticals, Inc. - Common Stock",,79,321.589996,,77,313.040009,0.027312761162104238,72,312.779999,0.0008312871693565427,93,301.670013,0.03682827434359548,112,301.029999,0.002126080464160074,132,293.519989,0.02558602576126412,121,291.369995,0.007378913535691867,114,293.170013,-0.006139843504389897,120,,-0.0030265422228562544,130,288.17999267578125,,134,286.4100036621094,0.006179913324535935,,,
80,TMUS,T-Mobile US,Communication Services,80,184.729996,,110,181.789993,0.01617252386384105,135,177.520004,0.02405356525341218,146,173.059998,0.02577144372785667,161,167.729996,0.03177727375609085,152,173.970001,-0.035868281681506686,138,182.679993,-0.04767895956729096,133,181.570007,0.006113267374605602,139,180.7899932861328,0.004314475525202255,123,184.57000732421875,-0.020480109750442788,140,180.05999755859375,0.02504725674827557,,,
81,ADP,Automatic Data Processing,Industrials,81,245.600006,,93,239.490005,0.025512551139660333,84,242.270004,-0.011474796524954867,94,235.729996,0.027743639379691043,105,223.949997,0.052601023254311485,96,224.970001,-0.0045339556183759955,94,223.550003,0.0063520374902432675,121,216.309998,0.03347050560279685,126,219.85499572753906,-0.016146652341732737,108,220.5,-0.002925188208616758,132,214.60000610351562,0.02749298152396129,,,
82,NBIX,"Neurocrine Biosciences, Inc. - Common Stock",,82,177.490005,,88,174.100006,0.019471561649457847,57,174.259995,-0.0009181051566080622,87,167.770004,0.03868385793207718,79,168.535004,-0.00456858331541532,66,170.0,-0.008617623529411866,66,168.520004,0.008782316430516968,80,164.179993,0.02643446939360028,73,166.05999755859375,-0.011321239447443676,90,161.44000244140625,0.028617417881350304,87,161.6199951171875,-0.0011136802720479455,,,
83,FTNT,Fortinet,Information Technology,83,158.669998,,67,162.350006,-0.02266712574066687,91,156.25,0.03904003840000003,72,158.979996,-0.017171946588802278,53,153.619995,0.03489129784179479,31,155.419998,-0.011581540491333753,36,151.350006,0.026891257605896612,50,149.929993,0.009471173656361076,62,145.27999877929688,0.03200711751106211,39,148.0,-0.018378385135135122,50,145.38999938964844,0.017951723075532833,,,
84,TRI,Thomson Reuters Corp - Common Shares,,84,90.760002,,95,87.860001,0.03300706768714923,111,89.209999,-0.015132810392700535,167,84.910004,0.050641794811362884,152,81.669998,0.03967192456647295,133,82.660004,-0.011976844327275749,108,83.870003,-0.014427077104074981,123,81.010002,0.035304294894351385,131,80.9800033569336,0.0003704494799785518,131,80.70999908447266,0.0033453599720649763,163,76.55000305175781,0.054343511913382825,,,
85,CSX,CSX Corporation,Industrials,85,48.509998,,91,48.810001,-0.0061463428365837736,89,48.889999,-0.0016362855724337821,83,48.330002,0.011586943447674747,87,47.529999,0.01683153833013984,89,48.009998,-0.00999789668810247,111,47.66,0.007343642467478206,108,47.439999,0.004637457939238088,106,46.060001373291016,0.029960876466329278,113,46.15999984741211,-0.002166356152512927,119,46.20000076293945,-0.0008658224920818913,,,
86,DKNG,DraftKings Inc. - Class A Common Stock,,86,26.91,,98,26.209999,0.02670740277403283,115,25.889999,0.012359985027423193,130,25.77,0.0046565386107877416,101,25.26,0.020190023752969077,124,25.799999,-0.02093019460969736,141,25.700001,0.0038909726112461573,160,23.1,0.11255415584415585,132,24.530000686645508,-0.05829600251545031,124,25.149999618530273,-0.02465204771371765,111,25.649999618530273,-0.01949317738791423,,,
87,BNTX,BioNTech SE - American Depositary Shares,,87,94.290001,,83,93.93,0.0038326519748748122,78,97.544998,-0.037059798801779675,106,93.919998,0.03859667884575546,138,93.050003,0.009349757893076127,114,94.260002,-0.01283682340681469,129,91.220001,0.033326035591690006,130,90.0,0.013555566666666685,130,90.20999908447266,-0.0023278905035792885,125,90.62000274658203,-0.004524431543000529,125,90.19000244140625,0.004767723588696482,,,
88,MDLZ,Mondelez International,Consumer Staples,88,60.220001,,102,59.169998,0.017745530429120526,88,60.91,-0.02856677064521418,90,59.349998,0.02628478605845941,110,57.84,0.02610646611341627,101,60.150002,-0.0384040219982037,90,60.790001,-0.010528030752952167,73,61.200001,-0.0066993462957624095,71,61.7400016784668,-0.008746371598756908,71,61.060001373291016,0.01113660315858822,98,59.5099983215332,0.026046093968949524,,,
89,DDOG,Datadog,Information Technology,89,256.809998,,116,255.369995,0.00563888878174601,131,260.359985,-0.01916573316748349,142,264.480011,-0.015577835105277549,95,260.359985,0.015824344128764656,68,248.570007,0.04743121723450727,77,239.770004,0.036701851162333154,131,220.940002,0.0852267666766835,128,222.64999389648438,-0.00768017986113223,117,220.57000732421875,0.009430053651854786,99,221.3699951171875,-0.003613805023576,,,
90,RPRX,Royalty Pharma plc - Class A Ordinary Shares,,90,57.799999,,105,56.919998,0.015460313262835923,87,57.77,-0.014713553747619956,107,55.779999,0.03567588805442612,114,56.07,-0.005172124130551126,84,57.09,-0.01786652653704679,81,56.23,0.015294326871776676,94,54.689999,0.028158731544317472,110,54.279998779296875,0.007553426815648967,83,55.349998474121094,-0.019331509280271386,112,53.56999969482422,0.03322751540041069,,,
91,SHOP,Shopify Inc. - Class A Subordinate Voting Shares,,91,121.879997,,89,120.139999,0.01448308651975272,119,119.459999,0.005692281983026071,134,121.629997,-0.01784097717276112,139,114.18,0.06524782799089146,115,114.209999,-0.00026266526803830903,57,116.860001,-0.02267672409141941,76,111.620003,0.04694497275725751,59,114.16999816894531,-0.02233507090015019,107,107.68000030517578,0.060271155274888466,116,107.9800033569336,-0.002778319982080335,,,
92,NWSA,News Corp (Class A),Communication Services,92,26.92,,90,26.639999,0.010510548442588252,97,26.639999,0.0,121,25.780001,0.033359114299491344,133,24.83,0.03826020942408381,134,25.26,-0.0170229612034839,132,25.41,-0.005903187721369441,104,25.030001,0.015181741303166518,90,25.229999542236328,-0.007927031311930288,100,24.979999542236328,0.010008006405124004,100,24.610000610351562,0.015034497560564963,,,
93,COST,Costco,Consumer Staples,93,947.5,,94,950.25,-0.0028939752696658383,80,951.669983,-0.001492096026317613,80,924.669983,0.029199606882880813,84,935.469971,-0.011544986300794924,100,946.679993,-0.011841405842407005,109,952.539978,-0.0061519570152887,124,942.23999,0.010931384901207597,127,961.0900268554688,-0.01961318551898772,140,957.6799926757812,0.003560723858621939,159,951.3499755859375,0.006653720670299457,,,
94,CMCSA,Comcast,Communication Services,94,23.41,,86,23.379999,0.0012831908162185268,114,23.790001,-0.017234215332735725,113,23.73,0.0025284871470712122,98,24.549999,-0.03340118262326608,112,24.219999,0.013625103783034831,154,23.17,0.04531717738454888,148,22.690001,0.02115464869305228,153,22.639999389648438,0.0022085690021451665,147,22.799999237060547,-0.007017544167436163,168,22.31999969482422,0.021505331541218586,,,
95,CHRW,C.H. Robinson,Industrials,95,190.949997,,100,188.570007,0.012621254237955126,86,189.850006,-0.006742159386605495,79,191.270004,-0.0074240496173147985,85,188.339996,0.015557014241414757,82,184.75,0.019431642760487255,107,179.330002,0.030223598614580904,119,180.339996,-0.005600499181557028,115,177.27999877929688,0.017260813499891725,121,178.83999633789062,-0.008722864207623915,114,187.07000732421875,-0.04399428391532578,,,
96,NWS,News Corp (Class B),Communication Services,96,30.469999,,96,30.02,0.014989973351099417,102,30.17,-0.004971826317534012,124,29.25,0.03145299145299152,135,28.059999,0.04240916045649179,137,28.555,-0.01750700341411071,135,28.73,-0.006091193873999368,99,28.34,0.013761467889908285,94,28.530000686645508,-0.006659691319323757,105,28.299999237060547,0.0081272794391265,113,27.920000076293945,0.013610279369627332,,,
97,EBAY,eBay Inc.,Consumer Discretionary,97,114.709999,,113,113.669998,0.009149300768000357,105,114.839996,-0.010188070713621378,127,111.279999,0.03199134644133128,124,111.75,-0.004205825503355687,140,110.800003,0.008573979912256835,144,107.870003,0.027162324265440185,153,108.0,-0.0012036759259259622,152,109.44999694824219,-0.013248031427538498,165,108.97000122070312,0.00440484532986285,177,104.94000244140625,0.03840288663230629,,,
98,TSCO,Tractor Supply,Consumer Discretionary,98,30.43,,104,30.219999,0.006949073691233432,83,31.76,-0.048488696473551696,91,32.259998,-0.015499009020397359,106,31.610001,0.020563017381745707,106,31.200001,0.013141025219838953,89,31.209999,-0.0003203460531991942,85,30.75,0.014959317073170775,138,30.059999465942383,0.022954125846777362,143,29.68000030517578,0.012803200808625403,142,29.809999465942383,-0.004360919300936628,,,
99,EA,Electronic Arts,Communication Services,99,205.440002,,112,205.210007,0.0011207786762563732,110,205.210007,0.0,97,205.449997,-0.0011681187807465188,104,205.039993,0.001999629408883097,98,205.050003,-4.881736090489586e-05,93,205.25,-0.0009744068209500689,82,204.729996,0.0025399502279088715,76,204.52000427246094,0.0010267553094709392,95,203.52000427246094,0.0049135219160079124,102,202.97000122070312,0.002709774830222278,,,
100,MPWR,Monolithic Power Systems,Information Technology,100,1272.810059,,97,1346.130005,-0.054467210245417674,82,1288.160034,0.04500214994249707,51,1331.72998,-0.03271680194509108,45,1382.359985,-0.036625774436027214,72,1312.77002,0.0530100199881165,65,1313.319946,-0.00041872964899003495,57,1438.300049,-0.08689431880843934,39,1434.949951171875,0.002334644492419491,35,1423.760009765625,0.007859429202538237,29,1537.8800048828125,-0.07420604639436745,,,
101,ORLY,O’Reilly Automotive,Consumer Discretionary,101,86.650002,,124,84.239998,0.02860878510467213,76,90.25,-0.06659281994459831,59,92.690002,-0.026324327838508466,64,92.089996,0.006515430840066561,91,90.160004,0.021406298961566206,92,89.550003,0.006811847901333934,120,86.900002,0.030494832439704744,123,87.81999969482422,-0.010475950808471746,129,87.54000091552734,0.003198526351398945,146,85.62999725341797,0.022305314339786886,,,
102,DPZ,Domino's,Consumer Discretionary,102,313.140015,,126,305.910004,0.02363443792442954,113,311.660004,-0.018449592267861248,131,304.179993,0.02459073960199598,140,296.040009,0.027496229403235928,135,294.049988,0.006767628230612388,131,298.179993,-0.01385071130510096,142,285.440002,0.04463281569063349,145,287.6199951171875,-0.007579420895268529,163,283.0299987792969,0.0162173480416119,149,295.1099853515625,-0.04093384369898567,,,
103,META,Meta Platforms,Communication Services,103,615.580017,,128,600.289978,0.025471088241289852,123,582.900024,0.02983351052323857,88,612.909973,-0.048963061986266654,168,563.289978,0.08808961092504997,170,562.599976,0.0012264522385974086,180,550.25,0.022444299863698225,164,542.869995,0.013594424204638411,161,557.6699829101562,-0.026538971885097795,159,562.2000122070312,-0.00805768214747038,157,563.8499755859375,-0.0029262464666663934,,,
104,CSCO,Cisco,Information Technology,104,111.790001,,85,113.980003,-0.01921391421616292,92,112.690002,0.011447342063229282,56,117.010002,-0.03691992074318562,49,117.459999,-0.003831065927388577,50,117.699997,-0.002039065472533519,55,113.769997,0.03454337789953521,40,118.970001,-0.04370853119518758,44,119.7300033569336,-0.0063476320133392106,34,121.1500015258789,-0.011720998568369834,32,121.52999877929688,-0.003126775307551899,,,
105,WMT,Walmart,Consumer Staples,105,111.540001,,114,110.650002,0.008043370844222908,90,111.839996,-0.010640147018603274,102,108.82,0.02775221466642175,102,113.260002,-0.039201853448669444,107,114.599998,-0.011692809977186913,101,115.690002,-0.009421764898923657,102,115.779999,-0.0007773104230204275,95,119.0,-0.02705883193277303,97,119.41999816894531,-0.003516982138954683,153,117.18000030517578,0.01911587301587292,,,
106,CTAS,Cintas,Industrials,106,181.830002,,111,178.240005,0.02014136500949948,93,181.369995,-0.01725748517553849,109,174.229996,0.04098030858015966,127,170.080002,0.024400246655688518,131,169.080002,0.005914359996281426,115,171.899994,-0.016404840595864,127,169.089996,0.01661835748106566,124,170.92999267578125,-0.010764623385902672,122,168.8000030517578,0.012618423946354929,124,169.4499969482422,-0.003835904464489226,,,
107,NDSN,Nordson Corporation,Industrials,107,286.029999,,103,293.660004,-0.02598244533157479,109,290.380005,0.011295540131972981,84,295.640015,-0.017791942000814798,89,301.690002,-0.020053654280528632,92,302.160004,-0.0015554739005100293,88,301.470001,0.0022887948973735472,68,304.640015,-0.010405770233434253,81,296.1099853515625,0.02880696508765146,86,291.07000732421875,0.01731534640736787,58,295.05999755859375,-0.01352264294396166,,,
108,FAST,Fastenal,Industrials,108,47.110001,,92,48.310001,-0.024839577213008224,71,48.599998,-0.005967016706461603,63,47.75,0.01780100523560213,61,48.029999,-0.005829669078277422,78,47.400002,0.013291075388562223,75,47.099998,0.0063695119477500395,79,46.919998,0.003836317299075853,79,46.2599983215332,0.014267186090237027,84,45.599998474121094,0.014473684845337065,82,46.119998931884766,-0.011274956879335551,,,
109,AAPL,Apple Inc.,Information Technology,109,310.660004,,106,312.660004,-0.0063967247950268424,98,308.630005,0.01305770318734889,92,294.380005,0.04840682029338228,120,289.359985,0.017348701479922957,130,281.73999,0.02704619603344205,140,283.779999,-0.007188699017508959,154,275.149994,0.03136472901395004,142,293.0799865722656,-0.06117781423267232,135,294.29998779296875,-0.00414543340042528,128,297.010009765625,-0.009124345674410228,,,
110,CHKP,Check Point Software Technologies Ltd. - Ordinary Shares,,110,138.75,,115,138.869995,-0.0008640815461971041,132,136.580002,0.01676667862400505,137,134.289993,0.017052715163966115,145,131.429993,0.021760634195575168,139,128.75,0.020815479611650423,123,130.050003,-0.009996178162333447,150,122.839996,0.058694295301018995,159,124.68000030517578,-0.01475781199871673,160,123.88999938964844,0.006376632548039662,164,120.30000305175781,0.029842027518486525,,,
111,ECHO,EchoStar,Communication Services,111,97.910004,,118,98.290001,-0.0038660799281099445,121,101.5,-0.03162560591133001,110,100.879997,0.0061459458608033035,117,101.5,-0.006108403940886631,116,100.839996,0.006545061743159941,116,97.300003,0.0363822496490569,122,97.190002,0.0011318139493401436,,,,,,,,,,,,
112,HONA,Honeywell Aerospace,Industrials,112,238.139999,,119,237.699997,0.0018510812181458114,122,247.149994,-0.03823587792601768,111,227.289993,0.0873773664113755,118,221.080002,0.028089338446812606,,,,,,,,,,,,,,,,,,,,,
113,GEN,Gen Digital,Information Technology,113,26.780001,,125,26.6,0.006766954887218013,129,26.67,-0.002624671916010457,147,26.110001,0.02144768205868708,144,24.889999,0.04901575126620128,110,25.040001,-0.005990494968430737,122,24.450001,0.02413087835865535,137,23.309999,0.048906136804210076,135,23.559999465942383,-0.010611205883327868,144,23.260000228881836,0.012897635425623388,160,23.010000228881836,0.010864841373315892,,,
114,BKR,Baker Hughes,Energy,114,54.470001,,121,53.25,0.022910816901408504,127,52.779999,0.008904907330521183,101,53.82,-0.019323690078038025,100,55.5,-0.030270270270270294,104,56.310001,-0.01438467386992237,86,56.560001,-0.004420084787480794,107,56.939999,-0.006673656597710909,109,56.380001068115234,0.009932564563097435,89,58.68000030517578,-0.03919562031356505,94,59.150001525878906,-0.007945933797263494,,,
115,MAR,Marriott International,Consumer Discretionary,115,380.75,,109,379.75,0.0026333113890717463,116,372.950012,0.018232974342953012,122,368.320007,0.012570604126862062,119,370.589996,-0.006125338040695594,127,374.880005,-0.011443685826882155,125,377.309998,-0.006440309063848404,97,378.910004,-0.004222654411626503,80,383.55999755859375,-0.012123250662859797,72,386.8299865722656,-0.008453297598151277,83,384.19000244140625,0.006871560910635122,,,
116,CRDO,Credo Technology Group Holding Ltd - Ordinary Shares,,116,246.399994,,65,265.549988,-0.07211446004659583,128,241.910004,0.09772222565876199,82,259.089996,-0.06630897473941832,81,271.950012,-0.04728816117868029,105,245.679993,0.10692779122636997,130,238.0,0.03226887815126056,70,268.029999,-0.11203969373592382,63,268.989990234375,-0.0035688725814666533,16,272.0050048828125,-0.011084410009293832,11,302.5199890136719,-0.10086931478765859,,,
117,TER,Teradyne,Information Technology,117,343.109985,,75,379.519989,-0.09593698633881442,64,369.089996,0.028258671633029087,5,427.339996,-0.13630832719902963,5,483.839996,-0.11677414117703488,6,463.209991,0.044537046697682214,7,436.859985,0.06031682210491307,6,471.959991,-0.07437072351329888,6,427.20001220703125,0.1047752287984487,6,420.1199951171875,0.016852368571507848,6,457.0,-0.08070022975929969,,,
118,FER,Ferrovial N.V. - Ordinary Shares,,118,65.849998,,99,68.220001,-0.034740588760765245,108,67.720001,0.007383343068763315,104,67.260002,0.006839116656582878,109,68.610001,-0.01967641714507473,113,68.389999,0.0032168738589979373,124,68.360001,0.0004388238671910738,106,70.199997,-0.02621077035088759,89,69.52999877929688,0.009636099663973718,96,70.01000213623047,-0.006856206060385395,79,70.76000213623047,-0.01059920829284322,,,
119,NTNX,"Nutanix, Inc. - Class A Common Stock",,119,53.759998,,123,52.419998,0.025562763279769696,142,51.279999,0.022230870168308714,148,51.200001,0.0015624609069830875,129,50.959999,0.004709615477033191,88,51.060001,-0.0019585193505968768,72,49.720001,0.02695092463895965,117,46.939999,0.05922458583776291,113,47.5,-0.011789494736842099,67,47.88999938964844,-0.008143641848896377,97,46.61000061035156,0.02746187454490734,,,
120,CDW,CDW Corporation,Information Technology,120,139.229996,,137,134.190002,0.03755864017350574,136,133.369995,0.00614836193103252,129,138.410004,-0.03641361790582709,52,140.639999,-0.015856051022867246,29,139.820007,0.005864625654038003,41,133.300003,0.04891225696371504,31,128.020004,0.041243546594483815,32,130.22000122070312,-0.016894463086358003,23,130.05999755859375,0.0012302245306814452,38,123.56999969482422,0.052520822206037154,,,
121,SNY,Sanofi - American Depositary Shares,,121,42.98,,107,42.610001,0.008683383978329351,106,43.16,-0.012743257645968509,120,41.630001,0.036752317157042524,108,42.66,-0.02414437412095627,86,43.43,-0.01772967994473873,83,42.950001,0.011175762254347799,105,41.799999,0.027512010227560113,101,41.33000183105469,0.011371811692629574,118,41.599998474121094,-0.006490288773571606,137,41.779998779296875,-0.004308305512405575,,,
122,GOOGL,Alphabet Inc. (Class A),Communication Services,122,367.029999,,108,366.459991,0.0015554440157150573,107,359.910004,0.018198957870590338,114,361.209991,-0.003598978523271179,126,357.369995,0.010745155031831821,142,353.649994,0.010518877599641652,161,337.390015,0.04819342089895562,157,343.709991,-0.01838752484794659,158,345.2900085449219,-0.0045759157775109305,171,346.1300048828125,-0.0024268222571457443,172,349.67999267578125,-0.010152104984742505,,,
123,FSLR,First Solar,Information Technology,123,227.720001,,129,233.059998,-0.022912542031344296,126,224.570007,0.03780554274997194,100,232.080002,-0.032359509372979045,107,235.960007,-0.01644348569628573,146,232.800003,0.013573900168721176,80,239.070007,-0.02622664414779563,60,248.639999,-0.038489350219149565,40,248.36000061035156,0.0011273876585302656,28,249.24000549316406,-0.0035307494075840218,25,263.1099853515625,-0.05271552122964851,,,
124,CPRT,Copart,Industrials,124,29.27,,120,29.24,0.0010259917920656392,103,30.01,-0.025658113962012785,144,28.790001,0.0423757887330396,162,28.190001,0.021284142558207098,173,28.1,0.0032028825622774093,153,30.549999,-0.08019636923719697,145,30.049999,0.016638935661861476,148,30.399999618530273,-0.01151319078947366,172,29.600000381469727,0.027027027027026973,155,29.479999542236328,0.004070556309362372,,,
125,EXE,Expand Energy,Energy,125,89.559998,,122,88.889999,0.007537394617362914,112,90.720001,-0.02017197949545868,112,89.57,0.012839131405604665,116,91.190002,-0.017765127365607647,148,87.540001,0.04169523598703173,136,88.470001,-0.010512037860155421,140,88.440002,0.00033920171100843,154,88.5999984741211,-0.0018058239685286859,153,88.7300033569336,-0.0014651752012224684,169,88.44000244140625,0.0032790704821556993,,,
126,TRMB,Trimble Inc.,Information Technology,126,53.73,,142,52.470001,0.024013702610754528,147,53.040001,-0.01074660613222822,150,52.580002,0.00874855425072063,154,51.18,0.027354474404064133,149,50.77,0.008075635217648092,152,50.700001,0.0013806508603422252,143,50.240002,0.009156030686463756,146,50.13999938964844,0.001994475508465765,154,49.189998626708984,0.019312868861818933,158,49.22999954223633,-0.0008125330083281757,,,
127,GOOG,Alphabet Inc. (Class C),Communication Services,127,363.619995,,101,364.899994,-0.0035078076762039556,104,356.179993,0.024482006770099485,108,357.890015,-0.004778065685906219,130,353.329987,0.012905861850893485,141,351.279999,0.005835766356854455,162,334.690002,0.04956824793350112,158,342.190002,-0.02191764796214002,157,345.0400085449219,-0.008259931966324574,167,346.0799865722656,-0.003005022073119812,171,348.7799987792969,-0.007741303996047,,,
128,ULTA,Ulta Beauty,Consumer Discretionary,128,453.779999,,139,452.48999,0.0028509116853612237,149,461.329987,-0.019161982201690297,159,454.779999,0.014402541920054857,165,450.980011,0.008426067469318399,164,459.119995,-0.017729534955235438,133,488.450012,-0.060047121055245234,139,485.519989,0.006034814356530971,144,478.92999267578125,0.013759831491697794,164,459.3299865722656,0.042670860938151645,148,465.05999755859375,-0.012321014545740416,,,
129,CEG,Constellation Energy,Utilities,129,239.710007,,132,245.869995,-0.02505384197042826,141,239.25,0.02766978056426317,140,236.5,0.011627906976744207,160,248.369995,-0.047791582070934036,147,259.320007,-0.042225866514032595,148,264.019989,-0.01780161425580562,144,268.690002,-0.017380672765040184,143,267.9700012207031,0.002686871654711709,119,270.260009765625,-0.008473354973974834,103,275.5299987792969,-0.019126734000387224,,,
130,AMZN,Amazon,Consumer Discretionary,130,245.979996,,131,244.160004,0.007454095552849038,120,242.669998,0.006140050324638713,118,241.699997,0.004013243740338179,147,238.339996,0.01409751219430233,144,240.139999,-0.007495640074521637,160,232.690002,0.03201683328018534,163,227.009995,0.025020955575105752,166,234.27000427246094,-0.03098992135587275,178,234.11000061035156,0.0006834522203944537,175,232.7899932861328,0.005670381200621355,,,
131,JBHT,J.B. Hunt,Industrials,131,275.0,,130,277.73999,-0.009865306036771937,95,285.829987,-0.02830352785902779,89,290.070007,-0.014617229970970258,93,289.429993,0.0022112912119649497,90,287.890015,0.005349188647616021,96,280.299988,0.02707822805900384,96,274.679993,0.02046015415472935,82,269.05999755859375,0.02088751595099625,76,269.239990234375,-0.0006685188184710755,76,273.4800109863281,-0.015503952133452348,,,
132,LECO,"Lincoln Electric Holdings, Inc. - Common Shares",,132,255.809998,,117,262.920013,-0.02704250208598602,99,258.429993,0.017374221729750783,86,257.970001,0.0017831220615454058,94,265.51001,-0.028398209920597717,97,264.149994,0.005148650504985586,102,266.559998,-0.009041131520416745,90,273.720001,-0.026158128649137358,97,268.9100036621094,0.017887013976616517,82,269.1099853515625,-0.0007431199552108136,71,274.75,-0.02052780709736124,,,
133,TSLA,"Tesla, Inc.",Consumer Discretionary,133,402.899994,,127,419.769989,-0.040188663892310794,152,393.450012,0.06689535188017737,105,425.299988,-0.07488825981344716,149,420.600006,0.011174469645632845,159,411.839996,0.02127042075825969,184,379.709991,0.08461722304273,178,375.119995,0.012236073952816007,174,375.5299987792969,-0.0010918009242717464,173,381.6099853515625,-0.015932460467458776,143,405.04998779296875,-0.05786940796057993,,,
134,WDAY,"Workday, Inc.",Information Technology,134,143.649994,,156,137.990005,0.04101738383153175,160,135.399994,0.019128590212492913,187,130.270004,0.03937967177770241,190,122.419998,0.06412355928971669,145,123.580002,-0.009386664356907715,119,124.209999,-0.0050720312782548405,151,113.769997,0.09176410543458124,150,118.08999633789062,-0.03658226053289049,139,115.12999725341797,0.025710058865023644,186,113.04000091552734,0.018488994882439824,,,
135,PLTR,Palantir Technologies,Information Technology,135,134.369995,,149,132.539993,0.013807168376717582,175,129.300003,0.02505792671946039,190,125.730003,0.028394177322973668,198,116.669998,0.07765496833213281,189,115.699997,0.008383759940806312,176,112.93,0.024528442397945494,191,107.269997,0.052764082765845544,187,113.5,-0.05488989427312774,188,116.69999694824219,-0.02742071193026674,178,119.5,-0.02343098744769878,,,
136,WBD,Warner Bros. Discovery,Communication Services,136,26.120001,,141,26.120001,0.0,130,26.48,-0.013595128398791623,128,26.809999,-0.012308803144677527,122,26.66,0.005626369092273098,108,27.129999,-0.017323959355840746,117,26.74,0.01458485415108468,103,26.98,-0.008895478131949686,99,27.200000762939453,-0.008088271761460541,111,26.8799991607666,0.01190483675241194,122,26.950000762939453,-0.0025974767125239717,,,
137,PDD,PDD Holdings Inc. - American Depositary Shares,,137,82.529999,,135,83.739998,-0.01444947490923032,151,82.389999,0.01638547173668492,138,82.519997,-0.0015753514872279828,159,76.279999,0.08180385529370549,153,76.540001,-0.003396942730638286,165,76.550003,-0.00013065969442227487,196,73.300003,0.04433833379242835,196,75.73999786376953,-0.032215408825334246,198,76.55999755859375,-0.010710554093797064,195,78.11000061035156,-0.01984384816484641,,,
138,QCOM,Qualcomm,Information Technology,138,182.970001,,146,186.479996,-0.01882236741360721,146,176.25,0.058042530496453804,103,181.919998,-0.03116753552295004,146,184.789993,-0.015531116990734506,120,188.720001,-0.020824544188085214,97,189.389999,-0.0035376630420701494,84,204.899994,-0.07569543901499576,93,197.41000366210938,0.037941288932854755,36,204.1300048828125,-0.03292020200557988,24,221.89999389648438,-0.08008107021399913,,,
139,FISV,Fiserv,Financials,139,52.709999,,148,51.779999,0.017960602896110567,138,52.330002,-0.0105102805079198,173,50.73,0.031539562389119036,172,49.049999,0.03425078561163675,165,48.830002,0.0045053653694300255,163,49.450001,-0.012537896611973798,172,47.529999,0.04039558258774645,176,48.189998626708984,-0.013695787791985659,177,47.29999923706055,0.018816068051079604,170,47.18000030517578,0.0025434294192454576,,,
140,NFLX,Netflix,Communication Services,140,76.18,,147,76.019997,0.0021047488333891806,137,77.650002,-0.020991692955783736,171,74.190002,0.046637011817306506,182,71.400002,0.03907562915754559,177,73.779999,-0.03225802429192226,173,73.809998,-0.00040643545336482845,182,70.900002,0.04104366597902209,180,71.83999633789062,-0.013084549726311234,184,72.81999969482422,-0.013457896182367368,179,72.87999725341797,-0.0008232300009564097,,,
141,SSNC,"SS&C Technologies Holdings, Inc. - Common Stock",,141,66.300003,,144,65.32,0.015003107777097568,134,65.519997,-0.003052457404721931,153,63.91,0.025191628853074688,158,62.049999,0.02997584254594421,150,62.939999,-0.014140451448052982,145,63.66,-0.01131010053408732,149,63.02,0.010155506188511465,137,65.97000122070312,-0.04471731022105019,132,66.18000030517578,-0.0031731489876096752,144,65.12999725341797,0.016121649752264045,,,
142,ALAB,"Astera Labs, Inc. - Common Stock",,142,382.890015,,84,432.73999,-0.11519613659925443,118,406.420013,0.06476053382735358,28,430.859985,-0.0567236987672457,8,483.019989,-0.107987257645356,18,455.959991,0.0593473079527278,76,391.73999,0.16393526992227692,46,398.0,-0.015728668341708607,28,399.9200134277344,-0.0048009925424762345,22,397.0199890136719,0.007304478566191319,12,439.6600036621094,-0.09698406635141643,,,
143,MDB,"MongoDB, Inc. - Class A Common Stock",,143,361.320007,,140,357.910004,0.009527543130646743,167,354.880005,0.00853809444688225,168,359.380005,-0.012521564743147029,123,335.899994,0.06990179047160083,136,338.179993,-0.006741968913578034,127,314.01001,0.0769720143634911,167,294.100006,0.06769807410340545,179,302.44000244140625,-0.027575704089566777,151,320.9700012207031,-0.05773124884652392,174,319.1600036621094,0.005671127263176867,,,
144,INTU,Intuit,Information Technology,144,281.170013,,174,272.140015,0.03318144154581604,174,275.350006,-0.01165785701853228,193,267.079987,0.030964577664143622,193,261.0,0.023294969348659045,178,266.399994,-0.020270248204284802,168,267.720001,-0.004930550556811131,175,255.070007,0.049594204151176546,182,262.2349853515625,-0.02734130290349679,181,258.04998779296875,0.016217776379047866,198,257.7699890136719,0.0010862358379508663,,,
145,WYNN,Wynn Resorts,Consumer Discretionary,145,96.349998,,157,95.885002,0.0047971530378261296,150,95.910004,-0.0002606818783992271,156,96.110001,-0.0020809176768190607,134,97.089996,-0.010093676386597084,123,99.419998,-0.023435948972761023,118,100.440002,-0.010155356229483159,112,99.379997,0.01066618063995306,77,103.75,-0.04212051084337343,85,104.1500015258789,-0.003840633627640311,84,103.62000274658203,0.00511483289572956,,,
146,NTAP,NetApp,Information Technology,146,165.779999,,170,163.550003,0.01363494930660436,172,154.169998,0.060841960963118114,179,156.380005,-0.014132286285577389,174,154.759995,0.010467886096791501,70,155.059998,-0.0019347543136173373,73,152.449997,0.01712037422998458,53,154.589996,-0.013843062651997307,48,155.55999755859375,-0.0062355490644837586,14,157.82000732421875,-0.014320167911283876,20,158.30999755859375,-0.0030951361644260267,,,
147,HTHT,H World Group Limited - American Depositary Shares,,147,42.139999,,153,42.07,0.0016638697409081527,145,42.139999,-0.0016611058771027754,139,42.439999,-0.007068803182582517,153,41.720001,0.017257861523061635,138,43.27,-0.035821562283337216,151,42.369999,0.021241468521158158,135,41.389999,0.023677217291065755,151,41.77000045776367,-0.009097462293512049,157,42.65999984741211,-0.020862634786685263,165,42.40999984741211,0.005894836123555791,,,
148,PSKY,Paramount Skydance Corporation,Communication Services,148,9.94,,138,10.09,-0.014866204162537255,133,10.39,-0.028873917228104062,157,10.17,0.021632251720747453,156,9.86,0.03144016227180524,167,9.82,0.004073319755600657,167,9.64,0.018672199170124415,155,9.43,0.022269353128314018,147,9.75,-0.032820512820512904,141,9.71500015258789,0.0030864197530864335,127,9.890000343322754,-0.01769464105156726,,,
149,ESLT,Elbit Systems Ltd. - Ordinary Shares,,149,777.929993,,134,811.01001,-0.04078866671448356,143,803.26001,0.00964818353150676,172,759.97998,0.05694890804886721,180,758.719971,0.0016607036168287959,191,732.659973,0.035569021047093585,183,715.719971,0.023668477458204107,176,732.710022,-0.023187960434366772,133,750.9000244140625,-0.024224266105496994,112,772.4500122070312,-0.02789822987277002,118,774.6199951171875,-0.0028013516485589918,,,
150,DOCU,"DocuSign, Inc. - Common Stock",,150,47.23,,171,46.900002,0.007036204390780121,181,45.77,0.02468870439152271,188,46.02,-0.005432420686657946,178,44.419998,0.03601985754254211,155,45.040001,-0.013765608042504152,143,45.209999,-0.0037601858827736034,162,42.459999,0.06476684090359974,156,44.2400016784668,-0.04023514736730782,175,42.66999816894531,0.036794095935978266,190,42.709999084472656,-0.0009365722532562737,,,
151,Z,"Zillow Group, Inc. - Class C Capital Stock",,151,32.779999,,151,32.959999,-0.005461165214234565,154,33.43,-0.014059258151360998,151,33.02,0.012416717141126465,163,31.52,0.04758883248730972,168,31.379999,0.0044614724175102705,177,31.15,0.007383595505618068,186,29.41,0.05916354981298877,181,30.540000915527344,-0.037000686411241435,190,30.5,0.0013115081967212117,183,30.309999465942383,0.006268591430834469,,,
152,HON,Honeywell Technologies,Industrials,152,225.050003,,155,231.179993,-0.026516092160276172,164,229.860001,0.005742591117451568,180,221.75,0.0365727215332583,179,223.899994,-0.009602474576216324,182,227.800003,-0.01712032023107568,99,232.210007,-0.5094957223559614,113,231.240005,0.0041947845486338675,112,227.4199981689453,0.016797146396949625,114,222.3699951171875,0.022709911919546633,75,228.11000061035156,-0.025163324601449766,,,
153,ZG,"Zillow Group, Inc. - Class A Common Stock",,153,32.689999,,152,32.950001,-0.0078908040093838,156,33.419998,-0.01406334614382676,163,32.650002,0.02358333699336379,164,31.370001,0.040803345846243344,163,31.389999,-0.0006370818935037548,169,31.18,0.006735054522129635,183,29.139999,0.07000690013750521,177,30.5,-0.04459019672131148,186,30.559999465942383,-0.0019633181270719557,185,30.459999084472656,0.003282994198391176,,,
154,TLN,Talen Energy Corporation - Common Stock,,154,366.660004,,145,377.790009,-0.02946082409500661,159,364.670013,0.035977721041735355,155,360.790009,0.010754189149400739,141,384.26001,-0.061078437488199744,71,399.339996,-0.037762273128284285,61,404.089996,-0.011754807213787077,59,416.799988,-0.030494223526705055,49,405.8900146484375,0.026879136211320542,31,411.9200134277344,-0.014638759491396591,22,438.1199951171875,-0.0598009273692246,,,
155,ROST,Ross Stores,Consumer Discretionary,155,214.669998,,164,211.360001,0.01566047021356698,125,213.429993,-0.009698693097928257,119,211.899994,0.0072203824602279365,137,212.850006,-0.0044632932732922015,129,208.830002,0.019250126713114657,149,213.259995,-0.020772733301433255,146,215.130005,-0.008692464819121892,129,228.58999633789062,-0.058882677437904984,79,229.0500030517578,-0.0020083256667758898,68,236.97000122070312,-0.03342194356491557,,,
156,LULU,Lululemon Athletica,Consumer Discretionary,156,115.07,,161,115.639999,-0.004929081675277502,148,118.43,-0.023558228489403032,169,116.400002,0.017439845061171022,173,114.18,0.01944300227710616,172,114.290001,-0.0009624726488539626,159,117.57,-0.027898264863485456,161,112.059998,0.0491701061782992,164,113.08999633789062,-0.009107772892661625,179,108.91999816894531,0.038284962142580925,181,105.43000030517578,0.03310251351607696,,,
157,MSFT,Microsoft,Information Technology,157,388.839996,,160,386.73999,0.005430020308993644,144,390.48999,-0.009603319152944212,166,384.279999,0.016160068221505286,166,373.019989,0.03018607670378759,154,368.570007,0.01207364114139664,146,372.970001,-0.011797179366176525,168,352.829987,0.05708135572955153,171,365.4599914550781,-0.03455919747997804,170,373.94000244140625,-0.022677464177796036,176,367.3399963378906,0.01796702257273397,,,
158,PTC,PTC Inc.,Information Technology,158,125.040001,,163,124.980003,0.0004800607982062832,166,124.550003,0.003452428660318807,184,119.779999,0.039823042576582424,187,113.610001,0.05430858151299556,186,113.889999,-0.002458495060659427,185,115.720001,-0.015814051021309505,187,112.550003,0.028165241363876214,190,112.93000030517578,-0.0033648897547153833,194,112.33000183105469,0.005341386889675448,187,115.0,-0.02321737391304357,,,
159,ADSK,Autodesk,Information Technology,159,212.380005,,168,207.539993,0.023320864234586347,161,207.479996,0.00028917004606077157,185,199.759995,0.038646381624108495,177,194.419998,0.027466294902441124,184,195.240005,-0.004199994770539006,179,196.259995,-0.005197136584050188,179,189.729996,0.03441732534480213,178,192.61000061035156,-0.014952520559926796,189,188.77999877929688,0.020288176821104953,189,187.72000122070312,0.005646697178528282,,,
160,TTD,Trade Desk (The),Communication Services,160,19.18,,150,19.309999,-0.0067322116381259844,158,19.1,0.010994712041884735,186,19.15,-0.0026109660574411553,186,18.08,0.05918141592920345,171,18.65,-0.030563002680965123,187,18.370001,0.015242187520839057,192,17.33,0.06001159838430459,194,17.700000762939453,-0.020904010118417582,196,17.93000030517578,-0.0128276073619632,194,18.020000457763672,-0.004994450610432799,,,
161,VRSN,Verisign,Information Technology,161,266.779999,,177,259.130005,0.029521837889826763,176,256.429993,0.010529236336250136,181,255.899994,0.002071117672632905,171,251.559998,0.017252329601306515,180,252.490005,-0.0036833418415909147,170,255.619995,-0.01224469940232964,180,250.850006,0.019015303511692894,184,252.0800018310547,-0.0048793874573199725,192,247.22000122070312,0.019658607638303627,188,247.69000244140625,-0.001897537228813917,,,
162,JD,"JD.com, Inc. - American Depositary Shares",,162,26.49,,166,26.780001,-0.010829013785324415,169,26.620001,0.0060105181814231745,160,26.309999,0.01178266863484101,167,25.48,0.032574529042386224,169,25.25,0.009108910891089117,175,25.389999,-0.0055139427142159025,181,25.190001,0.007939578882906861,186,25.479999542236328,-0.011381436420722202,193,26.1200008392334,-0.024502334437123463,191,27.020000457763672,-0.03330862324204298,,,
163,RGLD,"Royal Gold, Inc. - Common Stock",,163,196.610001,,154,201.910004,-0.026249333341600956,153,204.130005,-0.01087542715731582,162,198.789993,0.02686257954644633,169,199.610001,-0.004108050678282349,162,202.119995,-0.012418335949394677,150,207.949997,-0.028035595499431576,156,204.619995,0.016274079177843737,149,202.24000549316406,0.011768146465384044,146,206.61000061035156,-0.02115094128478323,130,214.64999389648438,-0.037456292684545756,,,
164,RIVN,"Rivian Automotive, Inc. - Class A Common Stock",,164,16.49,,55,20.139999,-0.18123133968378058,69,18.629999,0.08105207090993383,96,17.18,0.08440040745052402,77,17.35,-0.009798270893371819,94,16.809999,0.03212379727089809,120,15.63,0.07549577735124768,138,14.86,0.05181695827725452,141,14.640000343322754,0.015027322404371546,127,14.890000343322754,-0.016789791806581578,106,15.100000381469727,-0.013907284768211903,,,
165,CDNS,Cadence Design Systems,Information Technology,165,371.059998,,158,375.769989,-0.01253423939611098,162,373.140015,0.00704822290367324,158,377.730011,-0.012151525868565383,113,375.320007,0.006421197791355748,117,372.720001,0.006975761947371151,113,377.269989,-0.012060296691131733,126,368.230011,0.024549813241593776,108,372.3999938964844,-0.011197591480090141,68,379.05999755859375,-0.017569788516698104,52,389.0400085449219,-0.025652916844344342,,,
166,FANG,Diamondback Energy,Energy,166,180.559998,,183,173.729996,0.039313890273732666,177,172.039993,0.009823314745194045,178,171.960007,0.0004651430375901544,155,175.779999,-0.021731664704355835,156,180.539993,-0.026365316187865417,157,179.910004,0.0035016896559016963,147,182.550003,-0.014461785574443553,162,183.47999572753906,-0.005068634294062235,158,187.91000366210938,-0.023575157818633175,167,187.8000030517578,0.0005857348149242991,,,
167,APP,AppLovin,Information Technology,167,527.97998,,169,543.789978,-0.029073720810647297,185,527.059998,0.031742078821166864,154,564.609985,-0.06650606258761094,185,515.22998,0.09584070593097116,195,498.76001,0.03302183348660992,195,477.079987,0.04544316171451568,188,445.929993,0.06985400060318425,155,464.9599914550781,-0.04092824838341835,162,467.0199890136719,-0.004410941819451786,154,469.3900146484375,-0.005049161516569534,,,
168,MRVL,Marvell Technology,Information Technology,168,230.699997,,133,249.270004,-0.07449755968231142,124,245.289993,0.01622573734591759,6,272.049988,-0.0983642572334904,3,297.890015,-0.0867435150520236,4,277.75,0.07251130513051307,2,266.769989,0.04115909379896543,3,281.26001,-0.0515182410752244,1,276.70001220703125,0.016479934232890514,1,279.0400085449219,-0.008385883473792433,2,307.8599853515625,-0.09361390698437144,,,
169,FOXA,Fox Corporation (Class A),Communication Services,169,54.919998,,159,55.869999,-0.017003776928651848,157,56.48,-0.01080030099150131,176,54.130001,0.04341398404925201,175,52.16,0.03776842407975467,197,50.389999,0.0351260376091691,197,50.099998,0.005788443344848071,194,48.860001,0.025378570909157405,185,49.79999923706055,-0.018875462226415007,182,48.790000915527344,0.02070092189586137,150,49.38999938964844,-0.012148167891236628,,,
170,FOX,Fox Corporation (Class B),Communication Services,170,49.200001,,162,49.900002,-0.014028075590057143,155,50.560001,-0.013053777431689562,175,48.419998,0.044196676753270436,176,46.84,0.03373181041844564,190,45.709999,0.024721090017963077,186,45.91,-0.0043563711609669875,173,44.389999,0.034241969683306284,165,45.369998931884766,-0.021600176804059346,166,44.54999923706055,0.018406285486112006,173,44.93000030517578,-0.008457622969062939,,,
171,SNPS,Synopsys,Information Technology,171,436.630005,,172,442.269989,-0.01275235521350293,170,437.160004,0.011689049668871299,143,454.529999,-0.03821528840387933,142,446.070007,0.01896561496455873,143,447.26001,-0.002660651463116559,171,454.339996,-0.015583012858942702,171,455.019989,-0.001494424457031962,167,463.92999267578125,-0.019205492497658017,149,461.5,0.005265423618634912,152,464.5799865722656,-0.0066296161827564815,,,
172,SYM,Symbotic Inc. - Class A Common Stock,,172,41.32,,143,44.459999,-0.07062526024798166,171,42.740002,0.04024325969849052,145,44.959999,-0.04937715857155611,131,44.950001,0.00022242491162582922,175,42.139999,0.06668253599151708,194,41.240002,0.021823398553666662,195,40.77,0.011528133431444543,199,39.43000030517578,0.03398427593203146,201,38.56999969482422,0.02229712211563384,,,,,,
173,ODFL,Old Dominion,Industrials,173,215.509995,,165,216.440002,-0.004296835110914388,140,217.649994,-0.00555934772963973,141,217.960007,-0.0014223389155975097,148,216.600006,0.006278859475193022,125,219.690002,-0.014065255459372206,126,218.789993,0.004113574792243835,110,220.119995,-0.006042168045660601,85,219.0399932861328,0.004930615570280628,78,217.5800018310547,0.006710134141831636,81,219.52000427246094,-0.008837472506605826,,,
174,ADBE,Adobe Inc.,Information Technology,174,221.539993,,179,218.070007,0.015912257021205134,179,219.720001,-0.00750953027712753,192,210.979996,0.041425752041440056,194,205.020004,0.029070295013748915,179,206.429993,-0.006830349502555122,178,202.729996,0.018250861110854055,184,193.410004,0.048187745241968116,183,196.57000732421875,-0.01607571291382215,187,197.42999267578125,-0.0043559035125934065,192,194.89999389648438,0.012981011174376889,,,
175,ON,ON Semiconductor,Information Technology,175,91.099998,,176,94.690002,-0.037913231853137,163,91.220001,0.038039914075423065,135,94.629997,-0.03603504288391779,143,94.540001,0.0009519356785283595,166,88.57,0.06740432426329468,166,90.650002,-0.022945415930603175,45,118.739998,-0.23656726017462115,25,115.73999786376953,0.025920166336965034,15,117.05999755859375,-0.011276268772873133,15,131.5500030517578,-0.11014826810760325,,,
176,TCOM,Trip.com Group Limited - American Depositary Shares,,176,40.810001,,178,40.98,-0.004148340653977511,173,41.0,-0.00048780487804889194,152,41.080002,-0.0019474682596168913,157,39.84,0.031124548192771107,158,39.959999,-0.0030029780531275474,156,40.889999,-0.02274394773157118,152,40.490002,0.0098789078844701,105,46.29999923706055,-0.12548589903857243,136,45.5,0.017582395604395673,136,46.41999816894531,-0.019819001284748006,,,
177,FTAI,FTAI Aviation Ltd. - Common Stock,,177,227.550003,,167,241.539993,-0.05791997352587486,139,248.059998,-0.026283983925533994,123,261.829987,-0.05259133668291405,136,270.529999,-0.03215913958584671,151,263.619995,0.026211987448068852,137,260.079987,0.013611227995024455,129,268.399994,-0.030998536460473902,119,272.1400146484375,-0.013743002843591423,126,262.0899963378906,0.03834567955047019,54,272.04998779296875,-0.03661088931935552,,,
178,BIDU,"Baidu, Inc. - American Depositary Shares, each representing 8 ordinary share",,178,112.089996,,173,114.389999,-0.02010667908127184,180,113.300003,0.009620441051532813,165,117.940002,-0.039342029178531024,184,114.290001,0.03193631085890014,183,112.18,0.01880906578712782,193,104.220001,0.0763768847018147,189,103.989998,0.002211780021382337,189,107.81999969482422,-0.0355221851233537,191,110.13999938964844,-0.021064091347958058,193,111.73999786376953,-0.014318946023249457,,,
179,TEAM,Atlassian Corporation  - Class A Common Stock,,179,88.389999,,185,85.5,0.03380115789473681,192,83.839996,0.01979966697517499,198,83.169998,0.008055765493705902,200,77.790001,0.06916052102891745,196,79.260002,-0.018546567788378265,191,78.739998,0.00660406417587156,193,74.68,0.054365265131226526,175,81.55000305175781,-0.08424282951896389,169,81.3499984741211,0.0024585741231364366,,,,,,
180,STLD,Steel Dynamics,Materials,180,229.619995,,181,227.070007,0.011229963981989055,183,220.389999,0.030309941604927504,182,221.759995,-0.006177832029622854,170,229.460007,-0.0335570982528558,161,234.220001,-0.020322747757139714,139,245.490005,-0.04590819899164533,88,251.0,-0.02195217131474103,88,241.42999267578125,0.0396388488484114,60,243.69000244140625,-0.009274114577749515,48,250.97999572753906,-0.02904611569122828,,,
181,AVAV,"AeroVironment, Inc. - Common Stock",,181,162.529999,,136,176.839996,-0.08092059106357374,117,190.889999,-0.07360261445650684,164,172.440002,0.10699371831368909,183,165.070007,0.04464769302396632,199,139.0,0.18755400719424453,199,137.949997,0.007611475337690576,200,136.679993,0.009291806153370219,198,142.17999267578125,-0.03868336102675152,185,149.0800018310547,-0.046283934179179975,180,151.3300018310547,-0.014868168705898799,,,
182,LOGI,Logitech International S.A. - Registered Shares,,182,97.110001,,182,97.43,-0.003284399055732412,191,94.0,0.0364893617021278,194,94.639999,-0.0067624578060276885,196,94.040001,0.006380242382175272,176,98.629997,-0.0465375254954129,174,97.370003,0.012940268678024003,166,100.849998,-0.034506644214311266,172,102.37000274658203,-0.014848148436607866,138,104.38999938964844,-0.019350474368718062,121,106.83000183105469,-0.02284005386426924,,,
183,CTSH,Cognizant,Information Technology,183,43.939999,,190,41.369999,0.0621223123549024,189,41.990002,-0.01476549108047187,195,41.07,0.022400827854881733,199,38.73,0.06041828040278863,194,38.740002,-0.0002581827435115258,188,40.029999,-0.032225756488277746,165,39.150002,0.0224775722872248,160,41.439998626708984,-0.05526054670030278,168,40.95000076293945,0.01196576283355899,161,41.83000183105469,-0.021037555771572736,,,
184,ZM,"Zoom Communications, Inc. - Class A Common Stock",,184,85.68,,188,84.959999,0.008474588141179407,190,87.144997,-0.025073131851734543,191,90.129997,-0.03311882946140565,188,86.309998,0.04425905559631693,185,86.139999,0.001973519874315155,181,86.480003,-0.003931590982946598,185,82.879997,0.04343636740237811,191,85.47000122070312,-0.030303076748530722,174,86.44499969482422,-0.011278836254265734,182,84.33999633789062,0.024958549915036654,,,
185,WDC,Western Digital,Information Technology,185,532.099976,,180,577.460022,-0.07855097196667926,178,539.0,0.07135440074211497,116,598.369995,-0.09921953890752833,58,638.719971,-0.06317318673600703,53,651.880005,-0.020187816621250687,104,586.450012,0.11156959955864054,28,675.390015,-0.13168687872887774,18,643.8300170898438,0.049019146617390374,7,670.75,-0.04013415281401411,10,732.6199951171875,-0.08445032270788622,,,
186,SNDK,Sandisk,Information Technology,186,1617.699951,,184,1744.430054,-0.07264842904386226,168,1745.0,-0.00032661661891120186,98,2032.219971,-0.14133311112904123,32,2273.72998,-0.10621754171530962,58,2050.389893,0.10892566714383434,38,2090.709961,-0.019285347442796197,9,2335.0,-0.1046210017130621,46,1914.4599609375,0.2196651001154053,53,1963.5999755859375,-0.025025471379410913,8,2273.72998046875,-0.13639702459304337,,,
187,MTSI,"MACOM Technology Solutions Holdings, Inc. - Common Stock",,187,304.820007,,186,327.640015,-0.06964963665991786,182,322.26001,0.01669460942423484,133,350.630005,-0.08091148673941917,74,380.369995,-0.07818700315728122,157,372.589996,0.020880858540281544,172,369.179993,0.009236695012343032,159,390.190002,-0.0538455852079982,163,373.0799865722656,0.0458615192350158,161,372.1499938964844,0.0024989735724676443,78,396.260009765625,-0.060843929217081594,,,
188,STX,Seagate Technology,Information Technology,188,827.640015,,187,868.26001,-0.046783215318185634,188,820.159973,0.0586471402939337,170,915.190002,-0.10383639330885086,88,965.0,-0.05161657823834187,122,968.530029,-0.003644728500204364,155,899.900024,0.07626403285883221,36,1025.359985,-0.12235698957961583,35,993.25,0.0323282003523786,17,1038.5899658203125,-0.04365530910588444,9,1094.0400390625,-0.05068376935334451,,,
189,FLEX,Flex Ltd.,Information Technology,189,131.520004,,191,138.649994,-0.051424380155400407,187,136.854996,0.013079007649575924,132,153.529999,-0.1086107152257586,111,162.070007,-0.05269332776668545,93,159.559998,0.0157308161911609,147,146.699997,0.08766190363316784,26,161.279999,-0.09040179867560638,21,150.72000122070312,0.07006368053301704,18,151.85000610351562,-0.007441586798488609,26,155.80999755859375,-0.025415519227463212,,,
190,KTOS,"Kratos Defense & Security Solutions, Inc. - Common Stock",,190,50.34,,175,53.540001,-0.05976841502113517,165,55.349998,-0.032700940657667266,183,53.040001,0.04355197881689343,195,49.860001,0.0637785787449141,198,46.950001,0.061980829350781086,192,47.209999,-0.005507265526525473,197,46.32,0.019214140759930887,197,47.95000076293945,-0.033993763628910045,183,50.79999923706055,-0.05610232393902215,184,51.09000015258789,-0.0056762771579566,,,
191,LITE,Lumentum,Information Technology,191,698.909973,,189,731.25,-0.0442256779487179,194,728.320007,0.004022947292178447,136,801.159973,-0.09091812928102938,75,858.059998,-0.06631240837776464,119,851.400024,0.007822379389549994,158,816.97998,0.042130829203428144,141,861.969971,-0.052194383231014,168,842.530029296875,0.02307329273838854,180,827.9199829101562,0.01764668844815165,90,893.9299926757812,-0.07384248265177062,,,
192,AKAM,Akamai Technologies,Information Technology,192,114.370003,,197,112.730003,0.014548034741026283,197,113.169998,-0.0038879120595196603,197,112.809998,0.003191206509905342,197,118.209999,-0.04568142327790736,192,113.800003,0.03875216066558451,196,113.290001,0.00450173886043137,201,112.889999,0.0035432899596359313,195,119.4800033569336,-0.05515570668340197,195,119.87000274658203,-0.00325352457027972,197,120.73999786376953,-0.0072055243863761165,,,
193,GFS,GlobalFoundries Inc. - Ordinary Share,,193,65.839996,,194,68.910004,-0.04455097695249011,193,69.839996,-0.013316037417871573,174,77.230003,-0.09568829098711806,150,82.410004,-0.0628564585435526,160,81.0,0.017407456790123454,164,79.779999,0.015292065872299698,170,86.120003,-0.0736182510351282,173,83.69999694824219,0.028912856472384396,152,83.38999938964844,0.0037174481798469827,40,89.66999816894531,-0.07003456161558075,,,
194,NXT,Nextpower Inc. - Class A Common Stock,,194,108.849998,,192,115.029999,-0.053725124347779984,186,112.839996,0.019408038617796608,177,116.150002,-0.02849768353856763,192,119.139999,-0.025096500126712273,181,110.660004,0.07663107440335892,190,106.949997,0.03468917348356726,190,113.18,-0.05504508747128478,188,116.66999816894531,-0.029913414415246642,155,120.63999938964844,-0.03290783349558879,139,129.07000732421875,-0.0653134542713707,,,
195,TSEM,Tower Semiconductor Ltd. - Ordinary Shares,,195,211.929993,,199,218.949997,-0.032062133346363986,199,219.050003,-0.00045654416174556456,189,245.460007,-0.10759391854820566,151,260.640015,-0.058241279643879706,193,255.589996,0.019758281149626855,198,249.910004,0.022728149770266937,174,269.880005,-0.07399585234185835,170,275.32000732421875,-0.019758832855179986,150,282.6499938964844,-0.02593308740703537,,,,,,
196,MSTR,Strategy Inc - Class A Common Stock,,196,97.360001,,195,100.769997,-0.033839397653251946,198,100.769997,0.0,204,93.389999,0.07902342947878171,204,86.93,0.07431265385942698,202,92.68,-0.06204143288735431,202,82.309998,0.12598714921606513,203,85.330002,-0.03539205354759045,202,94.12999725341797,-0.0934876795969728,203,103.83999633789062,-0.09350923896414631,200,109.45999908447266,-0.051342984207408904,,,
197,CRWV,"CoreWeave, Inc. - Class A Common Stock",,197,83.529999,,200,86.459999,-0.03388850374610797,201,81.745003,0.057679317719273815,202,85.684998,-0.0459823200322651,189,99.540001,-0.1391903040065271,188,95.510002,0.04219452325003625,182,96.580002,-0.011078898093209721,169,98.760002,-0.02207371360725574,169,100.87999725341797,-0.021015018467932745,156,105.72000122070312,-0.04578134652117527,89,111.29000091552734,-0.05004941998338208,,,
198,NBIS,Nebius Group N.V. - Class A Ordinary Shares,,198,195.190002,,193,213.020004,-0.08370106875033201,195,215.619995,-0.012058209165620282,196,229.179993,-0.05916745970055082,91,276.170013,-0.17014888578797294,109,261.149994,0.05751491229212902,112,240.300003,0.08676650328631075,64,256.630005,-0.06363247352935208,66,259.6600036621094,-0.011669101722728281,49,275.25,-0.056639404178019936,19,283.6099853515625,-0.0294770475024001,,,
199,ARM,Arm Holdings plc - American Depositary Shares,,199,300.429993,,201,322.23999,-0.06768246548170498,200,315.279999,0.022075586850023976,200,337.470001,-0.06575399867913012,181,354.570007,-0.04822744637845233,174,343.579987,0.03198678740272487,142,334.269989,0.027851731553441894,134,347.709991,-0.03865290715790792,78,359.0799865722656,-0.031664243098014855,54,366.3900146484375,-0.01995149349252867,13,407.7200012207031,-0.101368551698792,,,
200,CRWD,CrowdStrike,Information Technology,200,194.619995,,202,199.380005,-0.023874058986005253,202,193.979996,0.02783796840577324,126,772.73999,0.0041152160272817095,97,763.140015,0.012579572308235143,64,742.909973,0.027230812258862924,71,701.090027,0.05964989429239176,118,678.650024,0.03306564828177172,116,673.02001953125,0.008365284586927979,92,680.9199829101562,-0.011601896253939037,104,675.4400024414062,0.008113201740751919,,,
201,SMCI,Supermicro,Information Technology,201,26.25,,203,27.190001,-0.0345715691588242,203,27.219999,-0.0011020573512879883,201,27.65,-0.015551573236889604,202,29.33,-0.05727923627684961,200,28.15,0.0419182948490231,200,30.629999,-0.0809663428327243,198,31.68,-0.03314397095959587,193,32.45000076293945,-0.023728843644719833,176,33.31999969482422,-0.026110414165666285,141,35.459999084472656,-0.06034966329243274,,,
202,IREN,IREN Limited - Ordinary Shares,,202,39.814999,,204,43.91,-0.09325896151218394,204,38.82,0.13111798042246248,203,43.32,-0.10387811634349031,203,45.73,-0.05270063415700843,201,45.91,-0.0039207144412981565,201,47.209999,-0.027536518270208088,202,47.740002,-0.011101863799670375,200,50.29999923706055,-0.0508945735764329,197,54.720001220703125,-0.08077488887472795,162,56.869998931884766,-0.03780548686135898,,,
203,RKLB,Rocket Lab Corporation - Common Stock,,203,83.410004,,198,93.089996,-0.10398530901215208,196,100.459999,-0.07336256294408283,199,100.07,0.003897261916658401,201,101.650002,-0.015543551096044328,203,97.949997,0.037139066684235056,203,84.540001,0.15862308778539047,204,80.690002,0.04771345773420599,203,85.41000366210938,-0.055262870611737624,202,95.12000274658203,-0.10208156742804131,,,,,,
204,STRL,"Sterling Infrastructure, Inc. - Common Stock",,204,674.390015,,196,717.109985,-0.05957240994210966,184,700.75,0.023346393150196265,149,776.549988,-0.0976112152100117,128,839.359985,-0.07483082124769158,128,813.77002,0.03144618795369247,110,804.76001,0.011195896774244707,77,881.919983,-0.08749089995390213,52,867.22998046875,0.01693899350665906,40,892.25,-0.02804149061361727,,,,,,
