current_rank,ticker,name,sector,2026-06-24__predicted_rank,2026-06-24__close,2026-06-24__next_snapshot_return,2026-06-23__predicted_rank,2026-06-23__close,2026-06-23__next_snapshot_return,2026-06-22__predicted_rank,2026-06-22__close,2026-06-22__next_snapshot_return,2026-06-19__predicted_rank,2026-06-19__close,2026-06-19__next_snapshot_return
1,MRVL,Marvell Technology,Information Technology,1,276.70001220703125,,1,279.0400085449219,,2,307.8599853515625,-0.09361398,,,
2,MU,Micron Technology,Information Technology,2,1048.510009765625,,3,1051.77001953125,,1,1211.3800048828125,-0.13175882,,,
3,AMAT,Applied Materials,Information Technology,3,588.969970703125,,2,585.8800048828125,,3,640.1799926757812,-0.08481989,,,
4,KLAC,KLA Corporation,Information Technology,4,240.47999572753906,,4,244.49000549316406,,4,269.1600036621094,-0.09165552,,,
5,LRCX,Lam Research,Information Technology,5,374.79998779296875,,5,371.3299865722656,,5,409.5400085449219,-0.0932998,,,
6,ABSI,ABSCI CORP,Health Care,6,10.074999809265137,,,,,,,,,,
7,ADPT,ADAPTIVE BIOTECHNOLOGIES CORP,Health Care,7,19.34000015258789,,43,17.229999542236328,,59,17.3700008392334,-0.00805987,,,
8,APGE,APOGEE THERAPEUTICS INC,Health Care,8,132.69000244140625,,6,132.8800048828125,,7,132.5500030517578,0.00248963,,,
9,DFTX,DEFINIUM THERAPEUTICS INC,Health Care,9,42.130001068115234,,7,36.18000030517578,,8,36.66999816894531,-0.01336242,,,
10,TGTX,TG THERAPEUTICS INC,Health Care,10,53.599998474121094,,250,,,10,54.400001525878906,-0.00845588,,,
11,TWST,TWIST BIOSCIENCE CORP,Health Care,11,91.3499984741211,,8,85.0,,11,85.16999816894531,-0.00199601,,,
12,TXG,10X GENOMICS INC CLASS A,Health Care,12,34.599998474121094,,53,31.8700008392334,,48,32.939998626708984,-0.0324833,,,
13,TER,Teradyne,Information Technology,13,427.20001220703125,,9,420.1199951171875,,6,457.0,-0.08070022,,,
14,ALKS,ALKERMES,Health Care,14,50.45000076293945,,27,48.06999969482422,,70,46.02000045776367,0.04454585,,,
15,LGND,LIGAND PHARMACEUTICALS INC,Health Care,15,284.9100036621094,,10,279.44000244140625,,75,262.1700134277344,0.06587329,,,
16,CBRL,CRACKER BARREL OLD COUNTRY STORE I,Consumer Discretionary,16,48.380001068115234,,26,46.459999084472656,,16,46.119998931884766,0.00737207,,,
17,MGNI,MAGNITE INC,Communication,17,18.290000915527344,,11,18.0,,,,,,,
18,PAYO,PAYONEER GLOBAL INC,Financials,18,7.090000152587891,,12,7.059999942779541,,21,7.019999980926514,0.00569801,,,
19,RXT,RACKSPACE TECHNOLOGY INC,Information Technology,19,6.820000171661377,,13,7.269999980926514,,22,6.835000038146973,0.06364301,,,
20,SEZL,SEZZLE INC,Financials,20,159.27000427246094,,25,151.61000061035156,,23,156.47000122070312,-0.03106027,,,
21,CAST,"FreeCast, Inc. - Class A common stock",,21,8.579999923706055,,15,8.260000228881836,,29,9.84000015258789,-0.16056911,,,
22,CUPR,Cuprina Holdings (Cayman) Limited - Class A Ordinary shares,,22,5.739999771118164,,,,,,,,,,
23,EHGO,Eshallgo Inc. - Class A Ordinary Shares,,23,3.700000047683716,,17,4.0,,31,4.059999942779541,-0.01477833,,,
24,ICCM,IceCure Medical Ltd. - Ordinary Shares,,24,9.300000190734863,,19,6.119999885559082,,34,5.929999828338623,0.03204047,,,
25,INHD,Inno Holdings Inc. - Common Stock,,25,39.4900016784668,,20,39.4900016784668,,35,39.4900016784668,,,,
26,QURE,uniQure N.V. - Ordinary Shares,,26,48.849998474121094,,21,49.040000915527344,,38,44.38999938964844,0.10475332,,,
27,KYMR,KYMERA THERAPEUTICS INC,Health Care,27,99.87000274658203,,33,98.25,,54,99.44999694824219,-0.01206637,,,
28,TNGX,TANGO THERAPEUTICS INC,Health Care,28,29.1200008392334,,65,28.389999389648438,,80,28.5,-0.00385965,,,
29,DAVE,DAVE INC CLASS A,Financials,29,323.2200012207031,,67,317.9700012207031,,105,309.7200012207031,0.02663696,,,
30,ICLR,ICON plc - Ordinary Shares,,30,158.1699981689453,,89,142.6699981689453,,117,140.72999572753906,0.01378526,,,
31,ALHC,ALIGNMENT HEALTHCARE INC,Health Care,31,21.690000534057617,,30,21.65999984741211,,61,21.290000915527344,0.01737905,,,
32,CORT,Corcept Therapeutics Incorporated - Common Stock,,32,81.55999755859375,,36,79.8499984741211,,55,79.70999908447266,0.00175637,,,
33,TVTX,TRAVERE THERAPEUTICS INC,Health Care,33,57.689998626708984,,48,55.95000076293945,,64,55.11000061035156,0.01524224,,,
34,ORKA,ORUKA THERAPEUTICS INC,Health Care,34,82.08999633789062,,24,83.4000015258789,,46,85.37999725341797,-0.02319044,,,
35,ADI,Analog Devices,Information Technology,35,413.1600036621094,,29,407.260009765625,,42,445.4800109863281,-0.0857951,,,
36,ATRO,ASTRONICS CORP,Industrials,36,84.86000061035156,,45,82.69999694824219,,102,81.8499984741211,0.01038485,,,
37,VCYT,VERACYTE INC,Health Care,37,56.7599983215332,,57,53.790000915527344,,86,53.189998626708984,0.01128032,,,
38,PTCT,PTC THERAPEUTICS INC,Health Care,38,84.41000366210938,,46,82.12999725341797,,82,80.95999908447266,0.01445158,,,
39,AAL,"American Airlines Group, Inc. - Common Stock",,39,17.434999465942383,,69,16.139999389648438,,68,16.079999923706055,0.00373134,,,
40,RYTM,RHYTHM PHARMACEUTICALS INC,Health Care,40,107.55000305175781,,62,106.19000244140625,,106,101.38999938964844,0.04734195,,,
41,WSBC,WESBANCO INC,Financials,41,37.86000061035156,,47,37.279998779296875,,66,36.70000076293945,0.01580381,,,
42,PTGX,PROTAGONIST THERAPEUTICS INC,Health Care,42,122.1500015258789,,76,118.95999908447266,,114,115.02999877929688,0.034165,,,
43,NTRA,"Natera, Inc. - Common Stock",,43,259.9700012207031,,119,234.75999450683594,,174,228.8000030517578,0.02604895,,,
44,ERAS,ERASCA INC,Health Care,44,15.050000190734863,,61,15.069999694824219,,60,15.079999923706055,-0.00066313,,,
45,INTC,Intel,Information Technology,45,131.64999389648438,,39,132.27999877929688,,45,140.94000244140625,-0.06144459,,,
46,MRNA,Moderna,Health Care,46,60.41999816894531,,41,61.0,,89,59.345001220703125,0.02788777,,,
47,AMD,Advanced Micro Devices,Information Technology,47,519.739990234375,,32,519.8499755859375,,12,551.6300048828125,-0.05761108,,,
48,LQDA,LIQUIDIA CORP,Health Care,48,75.54000091552734,,63,74.04000091552734,,79,75.48999786376953,-0.01920784,,,
49,COHU,COHU INC,Information Technology,49,63.65999984741211,,34,64.37000274658203,,17,70.06999969482422,-0.08134722,,,
50,DLTR,Dollar Tree,Consumer Staples,50,119.3499984741211,,84,113.41000366210938,,93,113.93000030517578,-0.00456421,,,
51,OKTA,"Okta, Inc. - Class A Common Stock",,51,118.58000183105469,,42,118.16000366210938,,72,115.94000244140625,0.01914784,,,
52,EWTX,EDGEWISE THERAPEUTICS INC,Health Care,52,42.29999923706055,,80,38.83000183105469,,,,,,,
53,NUVL,NUVALENT INC CLASS A,Health Care,53,123.58000183105469,,52,123.44000244140625,,81,123.41999816894531,0.00016205,,,
54,TXN,Texas Instruments,Information Technology,54,303.1099853515625,,44,304.3599853515625,,47,332.2799987792969,-0.08402552,,,
55,CAKE,CHEESECAKE FACTORY INC,Consumer Discretionary,55,78.16999816894531,,56,77.05000305175781,,78,76.91000366210938,0.00182031,,,
56,VKTX,"Viking Therapeutics, Inc. - Common Stock",,56,37.869998931884766,,124,34.810001373291016,,,,,,,
57,ACMR,ACM RESEARCH CLASS A INC,Information Technology,57,101.5999984741211,,58,99.12000274658203,,57,103.16999816894531,-0.0392556,,,
58,BRKR,Bruker Corporation - Common Stock,,58,58.439998626708984,,86,55.11000061035156,,84,56.529998779296875,-0.02511941,,,
59,VSEC,VSE CORP,Industrials,59,217.67999267578125,,82,213.67999267578125,,87,215.5500030517578,-0.00867548,,,
60,TECH,Bio-Techne,Health Care,60,58.875,,83,56.2599983215332,,103,55.61000061035156,0.01168855,,,
61,WYFI,WHITEFIBER INC,Information Technology,61,38.709999084472656,,14,44.7599983215332,,25,44.77000045776367,-0.00022336,,,
62,WWD,"Woodward, Inc. - Common Stock",,62,432.79998779296875,,72,428.25,,98,426.82000732421875,0.00335036,,,
63,EBC,EASTERN BANKSHARES INC,Financials,63,21.43000030517578,,77,20.979999542236328,,100,20.739999771118164,0.01157184,,,
64,PCAR,Paccar,Industrials,64,117.02999877929688,,71,116.77999877929688,,92,120.12000274658203,-0.02780553,,,
65,SNEX,STONEX GROUP INC,Financials,65,136.1300048828125,,60,137.94000244140625,,76,138.7899932861328,-0.00612436,,,
66,VRNS,VARONIS SYSTEMS INC,Information Technology,66,37.290000915527344,,118,35.029998779296875,,,,,,,
67,KRYS,KRYSTAL BIOTECH INC,Health Care,67,347.6300048828125,,91,340.2099914550781,,109,343.42999267578125,-0.009376,,,
68,WDC,Western Digital,Information Technology,68,643.8300170898438,,28,670.75,,15,732.6199951171875,-0.08445033,,,
69,EXPE,Expedia Group,Consumer Discretionary,69,262.1499938964844,,147,245.07000732421875,,198,238.02000427246094,0.02961936,,,
70,COGT,COGENT BIOSCIENCES INC,Health Care,70,37.529998779296875,,102,36.310001373291016,,155,35.84000015258789,0.01311384,,,
71,MIRM,MIRUM PHARMACEUTICALS INC,Health Care,71,114.97000122070312,,114,111.06999969482422,,130,107.7699966430664,0.03062077,,,
72,CVLT,COMMVAULT SYSTEMS INC,Information Technology,72,130.75999450683594,,94,125.2300033569336,,107,126.01000213623047,-0.00618998,,,
73,ILMN,"Illumina, Inc. - Common Stock",,73,175.08999633789062,,133,164.92999267578125,,154,161.3800048828125,0.02199777,,,
74,ENTG,"Entegris, Inc. - Common Stock",,74,171.4600067138672,,74,168.22000122070312,,44,184.0,-0.08576087,,,
75,FRMI,Fermi Inc. - Common Stock,,75,7.989999771118164,,37,8.6899995803833,,32,8.970000267028809,-0.03121516,,,
76,FLEX,Flex Ltd.,Information Technology,76,150.72000122070312,,70,151.85000610351562,,88,155.80999755859375,-0.02541557,,,
77,NXPI,NXP Semiconductors,Information Technology,77,294.05999755859375,,49,299.94000244140625,,58,323.239990234375,-0.07208266,,,
78,GEHC,GE HealthCare,Health Care,78,64.87999725341797,,93,63.720001220703125,,167,60.63999938964844,0.05079156,,,
79,AVGO,Broadcom,Information Technology,79,382.07000732421875,,87,380.1499938964844,,101,392.1300048828125,-0.03055109,,,
80,SHAZ,"SharonAI Holdings, Inc. - Class A Common Stock",,80,83.69000244140625,,22,84.36000061035156,,39,91.91000366210938,-0.08214558,,,
81,BLLN,"BillionToOne, Inc. - Class A common stock",,81,107.73999786376953,,122,104.27999877929688,,142,100.72000122070312,0.03534551,,,
82,ON,ON Semiconductor,Information Technology,82,115.73999786376953,,54,117.05999755859375,,43,131.5500030517578,-0.11014823,,,
83,BTSG,BRIGHTSPRING HEALTH SERVICES INC,Health Care,83,67.61000061035156,,88,66.83999633789062,,119,67.19999694824219,-0.00535714,,,
84,SYRE,SPYRE THERAPEUTICS INC,Health Care,84,86.23999786376953,,40,97.05000305175781,,9,100.31999969482422,-0.03259569,,,
85,MCHP,Microchip Technology,Information Technology,85,92.4800033569336,,73,93.26000213623047,,49,102.70999908447266,-0.09200662,,,
86,MMYT,MakeMyTrip Limited - Ordinary Shares,,86,51.68000030517578,,,,,,,,,,
87,RGEN,Repligen Corporation - Common Stock,,87,138.39999389648438,,167,126.37000274658203,,178,126.56999969482422,-0.00158015,,,
88,ROKU,"Roku, Inc. - Class A Common Stock",,88,135.92999267578125,,75,135.05499267578125,,65,135.1999969482422,-0.00107249,,,
89,CVCO,CAVCO INDUSTRIES INC,Consumer Discretionary,89,611.5999755859375,,97,585.0,,128,587.1599731445312,-0.00367872,,,
90,ARCB,ARCBEST CORP,Industrials,90,145.17999267578125,,95,143.74000549316406,,111,145.60000610351562,-0.01277473,,,
91,POOL,Pool Corporation - Common Stock,,91,205.36000061035156,,125,194.83999633789062,,134,195.61000061035156,-0.0039364,,,
92,GH,GUARDANT HEALTH INC,Health Care,92,136.9600067138672,,129,130.8300018310547,,141,128.8300018310547,0.01552433,,,
93,ALAB,"Astera Labs, Inc. - Common Stock",,93,399.9200134277344,,79,397.0199890136719,,26,439.6600036621094,-0.09698403,,,
94,NVDA,Nvidia,Information Technology,94,199.0,,106,200.0399932861328,,118,208.64999389648438,-0.04126528,,,
95,ROP,Roper Technologies,Information Technology,95,331.6000061035156,,96,329.5400085449219,,126,325.0899963378906,0.01368852,,,
96,PCVX,VAXCYTE INC,Health Care,96,53.869998931884766,,136,51.959999084472656,,149,52.11000061035156,-0.00287853,,,
97,HOOD,Robinhood Markets,Financials,97,97.19000244140625,,78,103.25,,85,105.70999908447266,-0.02327121,,,
98,KEEL,Keel Infrastructure Corp. - Common Stock,,98,6.119999885559082,,35,6.599999904632568,,36,6.659999847412109,-0.00900901,,,
99,MIDD,The Middleby Corporation - Common Stock,,99,168.91000366210938,,109,163.77000427246094,,115,166.64999389648438,-0.01728173,,,
100,INCY,Incyte,Health Care,100,108.45999908447266,,143,104.4000015258789,,159,103.66000366210938,0.00713872,,,
101,CDW,CDW Corporation,Information Technology,101,130.22000122070312,,81,130.05999755859375,,131,123.56999969482422,0.05252084,,,
102,IDXX,Idexx Laboratories,Health Care,102,549.1599731445312,,105,541.3099975585938,,125,545.72998046875,-0.00809924,,,
103,MEDP,"Medpace Holdings, Inc. - Common Stock",,103,512.7899780273438,,186,473.4800109863281,,232,455.6600036621094,0.03910811,,,
104,BEAM,BEAM THERAPEUTICS INC,Health Care,104,33.900001525878906,,100,33.20000076293945,,,,,,,
105,STX,Seagate Technology,Information Technology,105,993.25,,68,1038.5899658203125,,14,1094.0400390625,-0.0506837,,,
106,KLIC,KULICKE AND SOFFA INDUSTRIES INC,Information Technology,106,123.27999877929688,,66,127.0999984741211,,113,124.22000122070312,0.02318467,,,
107,DUOL,"Duolingo, Inc. - Class A Common Stock",,107,132.14999389648438,,110,132.17999267578125,,191,127.25,0.03874263,,,
108,CACC,Credit Acceptance Corporation - Common Stock,,108,602.1400146484375,,138,589.969970703125,,199,577.530029296875,0.02154001,,,
109,ICHR,ICHOR HOLDINGS LTD,Information Technology,109,89.37999725341797,,31,92.19999694824219,,19,99.61000061035156,-0.07439012,,,
110,ALGM,"Allegro MicroSystems, Inc. - Common Stock",,110,55.41999816894531,,85,55.52000045776367,,51,61.58000183105469,-0.09840857,,,
111,ELVN,ENLIVEN THERAPEUTICS INC,Health Care,111,47.77000045776367,,101,48.599998474121094,,168,45.959999084472656,0.05744125,,,
112,PODD,Insulet Corporation,Health Care,112,148.8800048828125,,159,143.89999389648438,,216,138.97000122070312,0.03547528,,,
113,CECO,CECO ENVIRONMENTAL CORP,Industrials,113,95.4000015258789,,98,96.66999816894531,,104,99.66999816894531,-0.03009933,,,
114,EQIX,Equinix,Real Estate,114,1095.0,,104,1115.9300537109375,,122,1115.93994140625,-8.96e-06,,,
115,VRTX,Vertex Pharmaceuticals,Health Care,115,475.20001220703125,,130,468.4200134277344,,147,466.7900085449219,0.00349193,,,
116,CPB,The Campbell's Company - Common Stock,,116,22.239999771118164,,137,21.209999084472656,,203,20.399999618530273,0.03970588,,,
117,SRRK,SCHOLAR ROCK HOLDING CORP,Health Care,117,52.33000183105469,,140,51.27000045776367,,,,,,,
118,ROIV,Roivant Sciences Ltd. - Common Shares,,118,34.0099983215332,,228,32.209999084472656,,353,31.25,0.03072,,,
119,UCTT,ULTRA CLEAN HOLDINGS INC,Information Technology,119,108.41999816894531,,38,111.62999725341797,,24,123.13999938964844,-0.09347085,,,
120,MPWR,Monolithic Power Systems,Information Technology,120,1434.949951171875,,111,1423.760009765625,,96,1537.8800048828125,-0.07420605,,,
121,FSLR,First Solar,Information Technology,121,248.36000061035156,,90,249.24000549316406,,74,263.1099853515625,-0.05271559,,,
122,DXCM,Dexcom,Health Care,122,69.75,,135,68.91999816894531,,153,69.06999969482422,-0.00217171,,,
123,COO,Cooper Companies (The),Health Care,123,68.83000183105469,,170,66.1500015258789,,186,65.41999816894531,0.01115867,,,
124,TMDX,TRANSMEDICS GROUP INC,Health Care,124,77.61499786376953,,176,73.83000183105469,,166,75.51000213623047,-0.02224871,,,
125,CRVO,CervoMed Inc. - Common Stock,,125,3.259999990463257,,16,3.7200000286102295,,30,4.130000114440918,-0.09927361,,,
126,VRSK,Verisk Analytics,Industrials,126,180.05999755859375,,152,174.75999450683594,,200,168.99000549316406,0.03414403,,,
127,BKNG,Booking Holdings,Consumer Discretionary,127,181.25,,207,168.94000244140625,,213,167.77000427246094,0.00697383,,,
128,HSIC,Henry Schein,Health Care,128,82.81999969482422,,156,80.0999984741211,,194,78.66999816894531,0.0181772,,,
129,CSCO,Cisco,Information Technology,129,119.7300033569336,,108,121.1500015258789,,110,121.52999877929688,-0.0031268,,,
130,MKSI,MKS Inc. - Common Stock,,130,381.6199951171875,,92,389.1700134277344,,50,420.55999755859375,-0.07463858,,,
131,KDP,Keurig Dr Pepper,Consumer Staples,131,31.399999618530273,,142,30.8700008392334,,162,30.8700008392334,0.0,,,
132,SNDK,Sandisk,Information Technology,132,1914.4599609375,,155,1963.5999755859375,,13,2273.72998046875,-0.13639702,,,
133,JBLU,JETBLUE AIRWAYS CORP,Industrials,133,5.789999961853027,,174,5.53000020980835,,136,5.489999771118164,0.00728597,,,
134,IBKR,Interactive Brokers,Financials,134,92.79000091552734,,144,94.69999694824219,,148,96.81999969482422,-0.0218963,,,
135,MNST,Monster Beverage,Consumer Staples,135,94.69999694824219,,139,93.69000244140625,,177,93.0199966430664,0.00720275,,,
136,NTLA,INTELLIA THERAPEUTICS INC,Health Care,136,15.5,,127,15.25,,77,15.75,-0.03174603,,,
137,AMKR,"Amkor Technology, Inc. - Common Stock",,137,82.76000213623047,,50,86.72000122070312,,56,93.55000305175781,-0.07300909,,,
138,CART,Maplebear Inc. - Common Stock,,138,46.599998474121094,,121,46.09000015258789,,209,44.27000045776367,0.04111136,,,
139,NTAP,NetApp,Information Technology,139,155.55999755859375,,51,157.82000732421875,,53,158.30999755859375,-0.00309519,,,
140,TLN,Talen Energy Corporation - Common Stock,,140,405.8900146484375,,99,411.9200134277344,,62,438.1199951171875,-0.05980097,,,
141,DASH,DoorDash,Consumer Discretionary,141,177.92999267578125,,181,171.52000427246094,,212,172.0800018310547,-0.0032543,,,
142,SOFI,"SoFi Technologies, Inc.  - Common Stock",,142,17.309999465942383,,148,17.290000915527344,,187,17.100000381469727,0.01111111,,,
143,GGAL,"Grupo Financiero Galicia S.A. - American Depositary Shares, Class B Shares underlying",,143,49.099998474121094,,112,51.349998474121094,,83,53.33000183105469,-0.03712732,,,
144,KMB,Kimberly-Clark,Consumer Staples,144,106.7300033569336,,183,103.94999694824219,,222,100.5,0.03432836,,,
145,ARWR,ARROWHEAD PHARMACEUTICALS INC,Health Care,145,79.80999755859375,,162,79.9000015258789,,182,82.0,-0.02560976,,,
146,STRL,STERLING INFRASTRUCTURE INC,Industrials,146,867.22998046875,,126,892.25,,127,932.75,-0.04341999,,,
147,FFIV,"F5, Inc.",Information Technology,147,384.7799987792969,,117,389.5299987792969,,133,391.2699890136719,-0.00444706,,,
148,CGON,CG ONCOLOGY INC,Health Care,148,68.72000122070312,,,,,,,,,,
149,SAIC,Science Applications International Corporation - Common Stock,,149,108.47000122070312,,,,,,,,,,
150,ZION,Zions Bancorporation N.A. - Common Stock,,150,68.30000305175781,,146,68.48999786376953,,195,67.12000274658203,0.0204112,,,
151,QLYS,QUALYS INC,Information Technology,151,115.33999633789062,,164,112.33000183105469,,215,108.51000213623047,0.03520413,,,
152,AEP,American Electric Power,Utilities,152,134.9600067138672,,150,133.74000549316406,,206,130.3000030517578,0.02640061,,,
153,WEN,Wendy's Company (The) - Common Stock,,153,7.860000133514404,,,,,,,,,,
154,ISRG,Intuitive Surgical,Health Care,154,401.8299865722656,,161,403.17999267578125,,202,402.95001220703125,0.00057079,,,
155,RVMD,"Revolution Medicines, Inc. - Common Stock",,155,169.77000427246094,,175,169.50999450683594,,207,165.80999755859375,0.0223147,,,
156,BPOP,"Popular, Inc. - Common Stock",,156,165.64999389648438,,149,165.05999755859375,,190,162.72999572753906,0.0143182,,,
157,AXON,Axon Enterprise,Industrials,157,456.7300109863281,,251,433.0400085449219,,365,410.0299987792969,0.05611785,,,
158,FRSH,FRESHWORKS INC CLASS A,Information Technology,158,9.369999885559082,,192,9.1899995803833,,270,8.930000305175781,0.02911534,,,
159,IBRX,IMMUNITYBIO INC,Health Care,159,7.800000190734863,,327,7.320000171661377,,399,7.21999979019165,0.01385042,,,
160,AFRM,"Affirm Holdings, Inc. - Class A Common Stock",,160,77.66000366210938,,310,71.83000183105469,,312,72.19999694824219,-0.00512465,,,
161,SHOP,Shopify Inc. - Class A Subordinate Voting Shares,,161,114.16999816894531,,279,107.68000030517578,,311,107.9800033569336,-0.00277829,,,
162,HST,Host Hotels & Resorts,Real Estate,162,24.579999923706055,,154,24.81999969482422,,156,25.1299991607666,-0.01233585,,,
163,ZBRA,Zebra Technologies,Information Technology,163,247.77999877929688,,153,237.72000122070312,,144,245.69000244140625,-0.03243925,,,
164,CINF,Cincinnati Financial,Financials,164,178.4499969482422,,188,175.80999755859375,,229,172.4600067138672,0.01942479,,,
165,COCO,THE VITA COCO COMPANY INC,Consumer Staples,165,82.79000091552734,,208,82.73999786376953,,210,82.87999725341797,-0.00168919,,,
166,ROAD,CONSTRUCTION PARTNERS INC CLASS A,Industrials,166,125.1500015258789,,169,123.05000305175781,,161,127.05000305175781,-0.03148367,,,
167,EWBC,"East West Bancorp, Inc. - Common Stock",,167,130.69000244140625,,163,130.88999938964844,,201,129.1300048828125,0.01362968,,,
168,WULF,TERAWULF INC,Information Technology,168,26.969999313354492,,107,28.780000686645508,,99,28.309999465942383,0.01660191,,,
169,HBAN,Huntington Bancshares,Financials,169,17.579999923706055,,179,17.399999618530273,,217,17.049999237060547,0.02052786,,,
170,SWKS,Skyworks Solutions,Information Technology,170,71.4000015258789,,59,,,91,76.18000030517578,-0.03596745,,,
171,CYTK,CYTOKINETICS INC,Health Care,171,81.19999694824219,,194,80.01000213623047,,245,79.16999816894531,0.01061008,,,
172,ABNB,Airbnb,Consumer Discretionary,172,144.39999389648438,,242,138.85000610351562,,265,139.19000244140625,-0.0024427,,,
173,ALGN,Align Technology,Health Care,173,170.89999389648438,,196,168.49000549316406,,184,173.75999450683594,-0.03032919,,,
174,PENG,PENGUIN SOLUTIONS INC,Information Technology,174,64.72000122070312,,64,66.95999908447266,,71,67.94000244140625,-0.01442449,,,
175,FTNT,Fortinet,Information Technology,175,145.27999877929688,,120,148.0,,163,145.38999938964844,0.01795172,,,
176,CRDO,CREDO TECHNOLOGY GROUP HOLDING LTD,Information Technology,176,268.989990234375,,55,272.0050048828125,,18,302.5199890136719,-0.10086936,,,
177,CRSP,CRISPR THERAPEUTICS AG,Health Care,177,53.54999923706055,,160,53.9900016784668,,145,54.36000061035156,-0.00680648,,,
178,SIMO,"Silicon Motion Technology Corporation - American Depositary Shares, each representing four ordinary shares",,178,321.6600036621094,,132,319.0,,95,336.8999938964844,-0.05313149,,,
179,AMGN,Amgen,Health Care,179,351.42999267578125,,177,347.010009765625,,179,344.7200012207031,0.00664307,,,
180,CROX,"Crocs, Inc. - Common Stock",,180,121.4000015258789,,166,121.13999938964844,,120,123.80000305175781,-0.02148627,,,
181,CBSH,"Commerce Bancshares, Inc. - Common Stock",,181,56.619998931884766,,193,55.959999084472656,,226,55.08000183105469,0.01597676,,,
182,ONB,OLD NATIONAL BANCORP,Financials,182,25.649999618530273,,200,25.31999969482422,,227,25.010000228881836,0.01239504,,,
183,TTWO,Take-Two Interactive,Communication Services,183,235.77000427246094,,206,242.63999938964844,,240,239.57000732421875,0.01281463,,,
184,UMBF,UMB FINANCIAL CORP,Financials,184,141.47000122070312,,209,139.47999572753906,,250,136.94000244140625,0.01854827,,,
185,BELFB,BEL FUSE INC CLASS B,Information Technology,185,294.1499938964844,,168,288.6400146484375,,124,304.3299865722656,-0.05155588,,,
186,XENE,XENON PHARMACEUTICALS INC,Health Care,186,55.58000183105469,,216,54.61000061035156,,,,,,,
187,WTFC,Wintrust Financial Corporation - Common Stock,,187,159.80999755859375,,210,157.47000122070312,,248,155.77000427246094,0.01091353,,,
188,NBIS,Nebius Group N.V. - Class A Ordinary Shares,,188,259.6600036621094,,145,275.25,,52,283.6099853515625,-0.0294771,,,
189,VLY,VALLEY NATIONAL,Financials,189,14.609999656677246,,197,14.380000114440918,,218,14.239999771118164,0.00983146,,,
190,ASML,ASML Holding N.V. - New York Registry Shares,,190,1762.77001953125,,151,1778.4599609375,,90,1929.25,-0.07815991,,,
191,FCNCA,"First Citizens BancShares, Inc. - Class A Common Stock",,191,2117.2900390625,,185,2111.139892578125,,204,2084.989990234375,0.01254203,,,
192,LNT,Alliant Energy,Utilities,192,75.58999633789062,,201,74.56999969482422,,236,73.20999908447266,0.0185767,,,
193,ARGX,argenx SE - American Depositary Shares,,193,852.5,,224,853.4000244140625,,172,903.75,-0.05571231,,,
194,POWI,POWER INTEGRATIONS INC,Information Technology,194,81.86000061035156,,214,80.56999969482422,,123,87.3499984741211,-0.07761878,,,
195,PANW,Palo Alto Networks,Information Technology,195,285.260009765625,,141,290.9150085449219,,150,286.3999938964844,0.01576466,,,
196,PLXS,PLEXUS CORP,Information Technology,196,286.5899963378906,,158,288.5899963378906,,138,303.82000732421875,-0.05012837,,,
197,BIIB,Biogen,Health Care,197,199.58999633789062,,190,197.19000244140625,,193,199.7100067138672,-0.0126183,,,
198,IDCC,INTERDIGITAL INC,Information Technology,198,274.04998779296875,,204,279.1700134277344,,152,297.8399963378906,-0.06268466,,,
199,MDLZ,Mondelez International,Consumer Staples,199,61.7400016784668,,212,61.060001373291016,,277,59.5099983215332,0.02604604,,,
200,IESC,IES INC,Industrials,200,747.489990234375,,263,710.5399780273438,,219,754.739990234375,-0.05856321,,,
201,GNTX,Gentex Corporation - Common Stock,,201,25.040000915527344,,,,,,,,,,
202,EVRG,Evergy,Utilities,202,85.81999969482422,,220,84.83999633789062,,256,83.25,0.0190991,,,
203,SLM,SLM Corporation - Common Stock,,203,23.84000015258789,,226,23.239999771118164,,267,22.84000015258789,0.01751313,,,
204,UPST,UPSTART HOLDINGS INC,Financials,204,32.650001525878906,,273,31.459999084472656,,287,31.31999969482422,0.00446999,,,
205,TTEK,"Tetra Tech, Inc. - Common Stock",,205,28.579999923706055,,218,28.040000915527344,,292,27.149999618530273,0.03278085,,,
206,EXEL,"Exelixis, Inc. - Common Stock",,206,52.869998931884766,,238,51.34000015258789,,262,51.349998474121094,-0.00019474,,,
207,COLB,"Columbia Banking System, Inc. - Common Stock",,207,31.530000686645508,,211,31.270000457763672,,243,30.8700008392334,0.01295756,,,
208,DNTH,DIANTHUS THERAPEUTICS INC,Health Care,208,90.80000305175781,,316,87.52999877929688,,332,87.37000274658203,0.00183129,,,
209,BTDR,BITDEER TECHNOLOGIES GROUP CLASS A,Information Technology,209,17.520000457763672,,270,17.229999542236328,,132,17.43000030517578,-0.01147447,,,
210,LSTR,"Landstar System, Inc. - Common Stock",,210,207.67999267578125,,195,207.5,,197,209.02000427246094,-0.00727203,,,
211,NBIX,"Neurocrine Biosciences, Inc. - Common Stock",,211,166.05999755859375,,246,161.44000244140625,,255,161.6199951171875,-0.00111372,,,
212,BMRN,BioMarin Pharmaceutical Inc. - Common Stock,,212,57.33000183105469,,230,56.5,,180,55.900001525878906,0.01073345,,,
213,EXC,Exelon,Utilities,213,46.900001525878906,,199,46.619998931884766,,228,45.939998626708984,0.01480192,,,
214,SKYQ,Sky Quarry Inc. - Common Stock,,214,2.619999885559082,,,,,,,,,,
215,CNTA,Centessa Pharmaceuticals plc - American Depositary Shares,,215,40.5,,217,40.5,,297,40.18000030517578,0.00796416,,,
216,VICR,VICOR CORP,Industrials,216,322.2799987792969,,103,336.1199951171875,,69,365.5299987792969,-0.08045851,,,
217,XEL,Xcel Energy,Utilities,217,81.47000122070312,,221,80.33000183105469,,252,78.80999755859375,0.01928689,,,
218,MYRG,MYR GROUP INC,Industrials,218,470.0799865722656,,202,468.0,,211,483.0799865722656,-0.03121636,,,
219,EA,Electronic Arts,Communication Services,219,204.52000427246094,,252,203.52000427246094,,280,202.97000122070312,0.00270976,,,
220,SANM,SANMINA CORP,Information Technology,220,248.80999755859375,,172,247.0399932861328,,157,253.4499969482422,-0.02529098,,,
221,WYNN,Wynn Resorts,Consumer Discretionary,221,103.75,,237,104.1500015258789,,251,103.62000274658203,0.00511484,,,
222,TXRH,"Texas Roadhouse, Inc. - Common Stock",,222,187.02000427246094,,272,179.99000549316406,,291,179.77000427246094,0.00122379,,,
223,HALO,"Halozyme Therapeutics, Inc. - Common Stock",,223,71.1500015258789,,267,69.62000274658203,,309,68.98999786376953,0.00913176,,,
224,FUTU,Futu Holdings Limited - American Depositary Shares,,224,98.30000305175781,,474,97.9000015258789,,477,99.97000122070312,-0.02070621,,,
225,ARM,Arm Holdings plc - American Depositary Shares,,225,359.0799865722656,,157,366.3900146484375,,27,407.7200012207031,-0.10136859,,,
226,FAST,Fastenal,Industrials,226,46.2599983215332,,236,45.599998474121094,,244,46.119998931884766,-0.01127493,,,
227,PFG,Principal Financial Group,Financials,227,106.69999694824219,,184,112.36000061035156,,208,111.2300033569336,0.01015913,,,
228,MAR,Marriott International,Consumer Discretionary,228,383.55999755859375,,219,386.8299865722656,,246,384.19000244140625,0.0068716,,,
229,AXSM,AXSOME THERAPEUTICS INC,Health Care,229,237.9199981689453,,198,241.97000122070312,,189,247.85000610351562,-0.02372403,,,
230,NAVN,NAVAN INC CLASS A,Consumer Discretionary,230,21.780000686645508,,165,21.280000686645508,,170,21.65999984741211,-0.01754386,,,
231,NDSN,Nordson Corporation,Industrials,231,296.1099853515625,,239,291.07000732421875,,183,295.05999755859375,-0.01352267,,,
232,CIFR,CIPHER DIGITAL INC,Information Technology,232,26.219999313354492,,134,27.639999389648438,,67,28.139999389648438,-0.0177683,,,
233,JBHT,J.B. Hunt,Industrials,233,269.05999755859375,,223,269.239990234375,,235,273.4800109863281,-0.01550388,,,
234,CCEP,Coca-Cola Europacific Partners plc - Ordinary Shares,,234,98.80000305175781,,249,97.7699966430664,,271,96.9800033569336,0.00814601,,,
235,LNTH,LANTHEUS HOLDINGS INC,Health Care,235,104.8499984741211,,116,106.02999877929688,,151,106.19999694824219,-0.00160075,,,
236,VECO,VEECO INSTRUMENTS INC,Information Technology,236,71.16000366210938,,123,74.83999633789062,,63,77.45999908447266,-0.03382391,,,
237,REGN,Regeneron Pharmaceuticals,Health Care,237,623.4299926757812,,247,618.030029296875,,298,612.5,0.00902857,,,
238,ODFL,Old Dominion,Industrials,238,219.0399932861328,,225,217.5800018310547,,241,219.52000427246094,-0.00883746,,,
239,TEM,"Tempus AI, Inc. - Class A Common Stock",,239,51.939998626708984,,331,48.61000061035156,,339,47.849998474121094,0.01588297,,,
240,ENSG,ENSIGN GROUP INC,Health Care,240,164.07000732421875,,268,158.88999938964844,,347,156.77999877929688,0.01345835,,,
241,NTRS,Northern Trust,Financials,241,173.92999267578125,,215,176.25999450683594,,230,175.55999755859375,0.00398724,,,
242,BBIO,BRIDGEBIO PHARMA INC,Health Care,242,69.36000061035156,,278,68.62999725341797,,253,68.91999816894531,-0.00420778,,,
243,STLD,Steel Dynamics,Materials,243,241.42999267578125,,180,243.69000244140625,,160,250.97999572753906,-0.02904614,,,
244,AVT,"Avnet, Inc. - Common Stock",,244,88.23999786376953,,189,89.5999984741211,,196,92.44999694824219,-0.03082747,,,
245,GTLB,GitLab Inc. - Class A Common Stock,,245,28.270000457763672,,335,27.0,,431,25.829999923706055,0.04529617,,,
246,SOLS,Solstice Advanced Materials Inc. - Common Stock,,246,86.66000366210938,,233,84.66999816894531,,307,86.94999694824219,-0.02622197,,,
247,FER,Ferrovial N.V. - Ordinary Shares,,247,69.52999877929688,,253,70.01000213623047,,239,70.76000213623047,-0.01059921,,,
248,NWSA,News Corp (Class A),Communication Services,248,25.229999542236328,,262,24.979999542236328,,279,24.610000610351562,0.01503454,,,
249,INSM,Insmed Incorporated - Common Stock,,249,103.45999908447266,,294,102.1500015258789,,337,98.6050033569336,0.03595152,,,
250,LYFT,"Lyft, Inc. - Class A Common Stock",,250,14.399999618530273,,259,13.819999694824219,,225,14.220000267028809,-0.0281294,,,
251,QCOM,Qualcomm,Information Technology,251,197.41000366210938,,115,204.1300048828125,,73,221.89999389648438,-0.08008112,,,
252,NWS,News Corp (Class B),Communication Services,252,28.530000686645508,,276,28.299999237060547,,,,,,,
253,WMT,Walmart,Consumer Staples,253,119.0,,254,119.41999816894531,,377,117.18000030517578,0.01911589,,,
254,MDGL,MADRIGAL PHARMACEUTICALS INC,Health Care,254,509.760009765625,,240,513.4299926757812,,261,512.8800048828125,0.00107238,,,
255,RIOT,RIOT PLATFORMS INC,Information Technology,255,27.420000076293945,,191,28.690000534057617,,175,28.6299991607666,0.0020957,,,
256,LECO,"Lincoln Electric Holdings, Inc. - Common Shares",,256,268.9100036621094,,234,269.1099853515625,,220,274.75,-0.02052775,,,
257,TROW,T. Rowe Price,Financials,257,105.19999694824219,,232,106.0,,224,107.98999786376953,-0.01842763,,,
258,WBD,Warner Bros. Discovery,Communication Services,258,27.200000762939453,,286,26.8799991607666,,320,26.950000762939453,-0.0025974,,,
259,TTMI,TTM TECHNOLOGIES INC,Information Technology,259,209.74000549316406,,131,213.1699981689453,,97,221.47000122070312,-0.03747686,,,
260,AEIS,ADVANCED ENERGY INDUSTRIES INC,Information Technology,260,359.6099853515625,,229,364.9599914550781,,94,388.2300109863281,-0.0599387,,,
261,SLAB,SILICON LABORATORIES INC,Information Technology,261,218.0,,266,218.72000122070312,,284,219.77999877929688,-0.004823,,,
262,SNY,Sanofi - American Depositary Shares,,262,41.33000183105469,,308,41.599998474121094,,350,41.779998779296875,-0.00430828,,,
263,WING,Wingstop Inc. - Common Stock,,263,155.7899932861328,,241,150.41000366210938,,165,156.74000549316406,-0.04038535,,,
264,PAYX,Paychex,Industrials,264,96.30000305175781,,222,97.98999786376953,,285,95.93000030517578,0.02147399,,,
265,CZR,"Caesars Entertainment, Inc. - Common Stock",,265,29.600000381469727,,255,29.43000030517578,,263,29.290000915527344,0.00477979,,,
266,AGNC,AGNC Investment Corp. - Common Stock,,266,10.489999771118164,,281,10.4399995803833,,316,10.380000114440918,0.00578035,,,
267,CORZ,CORE SCIENTIFIC INC,Information Technology,267,27.790000915527344,,182,29.15999984741211,,129,29.079999923706055,0.00275103,,,
268,WTW,Willis Towers Watson,Financials,268,261.5,,291,257.54998779296875,,324,252.97000122070312,0.01810491,,,
269,IONS,"Ionis Pharmaceuticals, Inc. - Common Stock",,269,76.5199966430664,,285,75.98999786376953,,301,75.88999938964844,0.0013177,,,
270,FWONK,Liberty Media Corporation - Series C Liberty Formula One Common Stock,,270,90.02999877929688,,305,89.19000244140625,,330,89.3499984741211,-0.00179071,,,
271,REG,Regency Centers,Real Estate,271,79.87000274658203,,293,78.66999816894531,,319,77.36000061035156,0.01693382,,,
272,TCOM,Trip.com Group Limited - American Depositary Shares,,272,46.29999923706055,,336,45.5,,349,46.41999816894531,-0.01981904,,,
273,CSX,CSX Corporation,Industrials,273,46.060001373291016,,288,46.15999984741211,,315,46.20000076293945,-0.0008658,,,
274,PEP,PepsiCo,Consumer Staples,274,142.27000427246094,,258,142.0500030517578,,294,140.7100067138672,0.00952313,,,
275,CDNS,Cadence Design Systems,Information Technology,275,372.3999938964844,,205,379.05999755859375,,171,389.0400085449219,-0.02565289,,,
276,MRCY,MERCURY SYSTEMS INC,Industrials,276,105.0,,173,110.87000274658203,,164,111.76000213623047,-0.00796349,,,
277,BKR,Baker Hughes,Energy,277,56.380001068115234,,243,58.68000030517578,,269,59.150001525878906,-0.0079459,,,
278,RPRX,Royalty Pharma plc - Class A Ordinary Shares,,278,54.279998779296875,,235,55.349998474121094,,303,53.56999969482422,0.03322755,,,
279,LAMR,Lamar Advertising Company - Class A Common Stock,,279,153.72999572753906,,284,152.3800048828125,,313,151.75,0.00415157,,,
280,NTES,"NetEase, Inc. - American Depositary Shares, each representing 5 ordinary shares",,280,117.63999938964844,,213,119.25,,231,121.56999969482422,-0.01908366,,,
281,KHC,Kraft Heinz,Consumer Staples,281,22.940000534057617,,299,22.469999313354492,,341,22.030000686645508,0.01997276,,,
282,HON,Honeywell,Industrials,282,227.4199981689453,,290,222.3699951171875,,233,228.11000061035156,-0.0251633,,,
283,NTNX,"Nutanix, Inc. - Class A Common Stock",,283,47.5,,203,47.88999938964844,,276,46.61000061035156,0.02746192,,,
284,COKE,"Coca-Cola Consolidated, Inc. - Common Stock",,284,177.5399932861328,,261,183.00999450683594,,321,178.89999389648438,0.02297373,,,
285,LIN,Linde plc,Materials,285,515.72998046875,,283,512.260009765625,,268,516.7100219726562,-0.00861218,,,
286,FORM,FORMFACTOR INC,Information Technology,286,141.4199981689453,,260,142.7899932861328,,137,156.66000366210938,-0.08853568,,,
287,TIGO,Millicom International Cellular S.A. - Common Stock,,287,87.5199966430664,,289,87.86000061035156,,308,85.3499984741211,0.02940832,,,
288,VTRS,Viatris,Health Care,288,15.930000305175781,,292,15.75,,346,15.380000114440918,0.02405722,,,
289,CHRW,C.H. Robinson,Industrials,289,177.27999877929688,,311,178.83999633789062,,304,187.07000732421875,-0.04399423,,,
290,CRWD,CrowdStrike,Information Technology,290,673.02001953125,,248,680.9199829101562,,283,675.4400024414062,0.00811323,,,
291,HQY,HEALTHEQUITY INC,Health Care,291,85.0,,256,84.91999816894531,,295,84.61000061035156,0.00366387,,,
292,LFUS,"Littelfuse, Inc. - Common Stock",,292,463.69000244140625,,231,466.9599914550781,,185,489.1000061035156,-0.04526682,,,
293,MTCH,"Match Group, Inc. - Common Stock",,293,35.34000015258789,,298,35.310001373291016,,334,35.2400016784668,0.00198638,,,
294,CASY,Casey's,Consumer Staples,294,801.3499755859375,,257,831.8900146484375,,323,831.6699829101562,0.00026453,,,
295,BULL,WEBULL CORP CLASS A,Financials,295,6.710000038146973,,389,6.639999866485596,,419,6.860000133514404,-0.03206997,,,
296,POWL,POWELL INDUSTRIES INC,Industrials,296,294.489990234375,,264,291.5,,223,307.79998779296875,-0.05295647,,,
297,SBUX,Starbucks,Consumer Discretionary,297,103.52999877929688,,339,101.05000305175781,,385,100.1500015258789,0.00898652,,,
298,CHYM,"Chime Financial, Inc. - Class A Common Stock",,298,17.3799991607666,,426,16.670000076293945,,348,16.920000076293945,-0.01477541,,,
299,FTAI,FTAI Aviation Ltd. - Common Stock,,299,272.1400146484375,,322,262.0899963378906,,173,272.04998779296875,-0.03661092,,,
300,ACGL,Arch Capital Group,Financials,300,94.91999816894531,,318,93.70999908447266,,358,92.04000091552734,0.01814429,,,
301,ALNY,"Alnylam Pharmaceuticals, Inc. - Common Stock",,301,,,328,288.17999267578125,,343,286.4100036621094,0.00617995,,,
302,INIO,INNIO N.V. - Ordinary Shares,,302,36.47999954223633,,301,38.310001373291016,,325,41.130001068115234,-0.06856309,,,
303,QNT,Quantinuum Inc. - Class A Common Stock,,303,71.0999984741211,,302,77.45999908447266,,326,68.2699966430664,0.13461257,,,
304,CHDN,"Churchill Downs, Incorporated - Common Stock",,304,84.61000061035156,,269,86.31999969482422,,273,86.3499984741211,-0.00034742,,,
305,GRAB,Grab Holdings Limited - Class A Ordinary Shares,,305,3.490000009536743,,325,3.4600000381469727,,317,3.490000009536743,-0.00859599,,,
306,RELY,REMITLY GLOBAL INC,Financials,306,21.450000762939453,,348,20.399999618530273,,342,20.65999984741211,-0.0125847,,,
307,ACLS,AXCELIS TECHNOLOGIES INC,Information Technology,307,168.91000366210938,,245,171.05999755859375,,143,183.9199981689453,-0.06992171,,,
308,CAR,"Avis Budget Group, Inc. - Common Stock",,308,175.2899932861328,,128,190.4600067138672,,140,186.27999877929688,0.02243934,,,
309,SFM,"Sprouts Farmers Market, Inc. - Common Stock",,309,85.38500213623047,,295,84.51000213623047,,400,80.83999633789062,0.04539832,,,
310,GILD,Gilead Sciences,Health Care,310,125.16000366210938,,265,125.05000305175781,,296,124.87000274658203,0.0014415,,,
311,GTX,GARRETT MOTION INC,Consumer Discretionary,311,33.31999969482422,,296,33.75,,188,34.4900016784668,-0.02145549,,,
312,ORLY,O’Reilly Automotive,Consumer Discretionary,312,87.81999969482422,,326,87.54000091552734,,366,85.62999725341797,0.02230527,,,
313,CTAS,Cintas,Industrials,313,170.92999267578125,,314,168.8000030517578,,327,169.4499969482422,-0.00383594,,,
314,MELI,"MercadoLibre, Inc. - Common Stock",,314,1659.5699462890625,,367,1583.6600341796875,,367,1589.449951171875,-0.00364277,,,
315,URBN,URBAN OUTFITTERS INC,Consumer Discretionary,315,72.31999969482422,,346,71.0,,299,72.75,-0.02405498,,,
316,OUST,OUSTER INC,Information Technology,316,40.709999084472656,,113,45.15999984741211,,20,47.68000030517578,-0.05285235,,,
317,ADP,Automatic Data Processing,Industrials,317,219.85499572753906,,282,220.5,,340,214.60000610351562,0.02749301,,,
318,FCFS,FIRSTCASH HOLDINGS INC,Financials,318,218.8800048828125,,297,223.50999450683594,,293,228.88999938964844,-0.02350474,,,
319,ASO,ACADEMY SPORTS AND OUTDOORS INC,Consumer Discretionary,319,51.209999084472656,,320,49.70000076293945,,275,51.880001068115234,-0.04202005,,,
320,COST,Costco,Consumer Staples,320,961.0900268554688,,347,957.6799926757812,,393,951.3499755859375,0.0066537,,,
321,DBX,"Dropbox, Inc. - Class A Common Stock",,321,26.329999923706055,,304,26.559999465942383,,360,25.799999237060547,0.02945736,,,
322,DDOG,Datadog,Information Technology,322,222.64999389648438,,306,220.57000732421875,,278,221.3699951171875,-0.00361386,,,
323,ROST,Ross Stores,Consumer Discretionary,323,228.58999633789062,,227,229.0500030517578,,214,236.97000122070312,-0.03342195,,,
324,NVMI,Nova Ltd. - Ordinary Shares,,324,521.9299926757812,,275,527.8800048828125,,169,583.0999755859375,-0.09470074,,,
325,LPLA,LPL Financial Holdings Inc. - Common Stock,,325,282.1499938964844,,280,295.1000061035156,,274,297.6199951171875,-0.00846717,,,
326,BNTX,BioNTech SE - American Depositary Shares,,326,90.20999908447266,,319,90.62000274658203,,328,90.19000244140625,0.00476771,,,
327,RUN,SUNRUN INC,Industrials,327,14.420000076293945,,459,12.8100004196167,,401,13.619999885559082,-0.05947137,,,
328,LEGN,Legend Biotech Corporation - American Depositary Shares,,328,29.3799991607666,,271,29.299999237060547,,374,29.34000015258789,-0.00136333,,,
329,TRI,Thomson Reuters Corp - Common Shares,,329,80.9800033569336,,329,80.70999908447266,,398,76.55000305175781,0.05434357,,,
330,DKNG,DraftKings Inc. - Class A Common Stock,,330,24.530000686645508,,317,25.149999618530273,,302,25.649999618530273,-0.01949318,,,
331,LKQ,LKQ Corporation - Common Stock,,331,26.229999542236328,,342,25.729999542236328,,333,25.40999984741211,0.01259347,,,
332,ESLT,Elbit Systems Ltd. - Ordinary Shares,,332,750.9000244140625,,287,772.4500122070312,,314,774.6199951171875,-0.00280137,,,
333,PYPL,PayPal,Financials,333,42.47999954223633,,351,41.70000076293945,,345,42.34000015258789,-0.01511573,,,
334,GEN,Gen Digital,Information Technology,334,23.559999465942383,,356,23.260000228881836,,394,23.010000228881836,0.01086484,,,
335,MDLN,Medline Inc. - Class A common stock,,335,36.04999923706055,,357,35.29999923706055,,352,34.709999084472656,0.01699798,,,
336,SSNC,"SS&C Technologies Holdings, Inc. - Common Stock",,336,65.97000122070312,,330,66.18000030517578,,364,65.12999725341797,0.0161216,,,
337,GLPI,"Gaming and Leisure Properties, Inc. - Common Stock",,337,45.369998931884766,,355,44.709999084472656,,378,44.189998626708984,0.01176737,,,
338,TSCO,Tractor Supply,Consumer Discretionary,338,30.059999465942383,,352,29.68000030517578,,362,29.809999465942383,-0.00436095,,,
339,TMUS,T-Mobile US,Communication Services,339,180.7899932861328,,315,184.57000732421875,,357,180.05999755859375,0.02504721,,,
340,NOVT,NOVANTA INC,Information Technology,340,152.0,,312,151.33999633789062,,282,155.66000366210938,-0.02775279,,,
341,ASND,Ascendis Pharma A/S - Ordinary Share,,341,238.00999450683594,,333,238.58999633789062,,372,228.0,0.04644737,,,
342,JAZZ,Jazz Pharmaceuticals plc - Ordinary Shares,,342,229.85000610351562,,337,230.25,,376,225.9199981689453,0.01916608,,,
343,TTAN,"ServiceTitan, Inc. - Class A Common Stock",,343,65.02999877929688,,321,64.19000244140625,,392,62.56999969482422,0.025891,,,
344,HAS,Hasbro,Consumer Discretionary,344,83.27999877929688,,366,82.87000274658203,,351,84.38999938964844,-0.01801161,,,
345,SIRI,SiriusXM Holdings Inc. - Common Stock,,345,27.899999618530273,,344,28.079999923706055,,288,27.940000534057617,0.00501074,,,
346,CGNX,Cognex Corporation - Common Stock,,346,63.63999938964844,,307,63.959999084472656,,234,67.5999984741211,-0.05384615,,,
347,RIVN,"Rivian Automotive, Inc. - Class A Common Stock",,347,14.640000343322754,,323,14.890000343322754,,286,15.100000381469727,-0.01390728,,,
348,PRAX,PRAXIS PRECISION MEDICINES INC,Health Care,348,308.94000244140625,,431,305.3699951171875,,423,303.3900146484375,0.00652625,,,
349,CHTR,Charter Communications,Communication Services,349,131.4199981689453,,364,131.75,,404,125.54000091552734,0.04946631,,,
350,FROG,JFrog Ltd. - Ordinary shares,,350,76.66000366210938,,187,78.70999908447266,,310,79.88999938964844,-0.01477031,,,
351,AAPL,Apple Inc.,Information Technology,351,293.0799865722656,,334,294.29998779296875,,335,297.010009765625,-0.00912427,,,
352,CEG,Constellation Energy,Utilities,352,267.9700012207031,,309,270.260009765625,,281,275.5299987792969,-0.01912677,,,
353,JKHY,Jack Henry & Associates,Financials,353,128.05999755859375,,361,125.25,,386,123.41999816894531,0.01482742,,,
354,QRVO,"Qorvo, Inc. - Common Stock",,354,97.18000030517578,,244,99.5999984741211,,257,101.9800033569336,-0.02333791,,,
355,HUT,HUT CORP,Information Technology,355,116.0999984741211,,300,120.51000213623047,,192,121.04000091552734,-0.00437872,,,
356,GSAT,GLOBALSTAR VOTING INC,Communication,356,80.13999938964844,,332,79.91000366210938,,344,79.80999755859375,0.00125298,,,
357,NDAQ,"Nasdaq, Inc.",Financials,357,81.61000061035156,,340,82.48999786376953,,355,82.61000061035156,-0.00145261,,,
358,CELH,"Celsius Holdings, Inc. - Common Stock",,358,28.520000457763672,,353,28.15999984741211,,290,29.1200008392334,-0.03296703,,,
359,ULTA,Ulta Beauty,Consumer Discretionary,359,478.92999267578125,,388,459.3299865722656,,368,465.05999755859375,-0.01232099,,,
360,VNOM,"Viper Energy, Inc.  - Class A Common Stock",,360,43.31999969482422,,303,,,390,43.560001373291016,0.00275482,,,
361,DPZ,Domino's,Consumer Discretionary,361,287.6199951171875,,387,283.0299987792969,,369,295.1099853515625,-0.04093389,,,
362,TRMB,Trimble Inc.,Information Technology,362,50.13999938964844,,374,49.189998626708984,,391,49.22999954223633,-0.00081251,,,
363,PSKY,Paramount Skydance Corporation,Communication Services,363,9.75,,350,9.71500015258789,,331,9.890000343322754,-0.01769464,,,
364,MANH,"Manhattan Associates, Inc. - Common Stock",,364,130.8699951171875,,338,130.17999267578125,,383,128.77000427246094,0.01094976,,,
365,CPRT,Copart,Industrials,365,30.399999618530273,,406,29.600000381469727,,384,29.479999542236328,0.00407056,,,
366,TPG,TPG Inc. - Class A Common Stock,,366,38.7400016784668,,358,39.58000183105469,,322,41.189998626708984,-0.03908716,,,
367,VIAV,VIAVI SOLUTIONS INC,Information Technology,367,49.40999984741211,,349,49.970001220703125,,264,52.939998626708984,-0.05610125,,,
368,RGLD,"Royal Gold, Inc. - Common Stock",,368,202.24000549316406,,359,206.61000061035156,,338,214.64999389648438,-0.03745632,,,
369,SAIA,"Saia, Inc. - Common Stock",,369,428.44000244140625,,365,430.8699951171875,,381,436.04998779296875,-0.01187937,,,
370,WDAY,"Workday, Inc.",Information Technology,370,118.08999633789062,,345,115.12999725341797,,452,113.04000091552734,0.01848903,,,
371,HTHT,H World Group Limited - American Depositary Shares,,371,41.77000045776367,,377,42.65999984741211,,403,42.40999984741211,0.00589484,,,
372,LSCC,Lattice Semiconductor Corporation - Common Stock,,372,143.92999267578125,,341,144.60499572753906,,258,155.27000427246094,-0.0686868,,,
373,PCTY,Paylocity Holding Corporation - Common Stock,,373,103.79000091552734,,396,100.88999938964844,,425,99.51000213623047,0.01386795,,,
374,OLLI,"Ollie's Bargain Outlet Holdings, Inc. - Common Stock",,374,74.08999633789062,,417,72.79000091552734,,411,73.41999816894531,-0.00858077,,,
375,EBAY,eBay Inc.,Consumer Discretionary,375,109.44999694824219,,390,108.97000122070312,,437,104.94000244140625,0.0384029,,,
376,CMCSA,Comcast,Communication Services,376,22.639999389648438,,363,22.799999237060547,,406,22.31999969482422,0.02150538,,,
377,SMTC,SEMTECH CORP,Information Technology,377,158.47999572753906,,178,163.27999877929688,,108,174.72999572753906,-0.06552967,,,
378,EXE,Expand Energy,Energy,378,88.5999984741211,,373,88.7300033569336,,408,88.44000244140625,0.00327906,,,
379,CAMT,Camtek Ltd. - Ordinary Shares,,379,166.89999389648438,,324,169.38999938964844,,146,195.72000122070312,-0.13452892,,,
380,APP,AppLovin,Information Technology,380,464.9599914550781,,386,467.0199890136719,,382,469.3900146484375,-0.00504911,,,
381,DOCU,"DocuSign, Inc. - Common Stock",,381,44.2400016784668,,414,42.66999816894531,,461,42.709999084472656,-0.00093655,,,
382,GOOG,Alphabet Inc. (Class C),Communication Services,382,345.0400085449219,,398,346.0799865722656,,413,348.7799987792969,-0.00774127,,,
383,GOOGL,Alphabet Inc. (Class A),Communication Services,383,345.2900085449219,,405,346.1300048828125,,414,349.67999267578125,-0.01015214,,,
384,XP,XP Inc. - Class A Common Stock,,384,15.5600004196167,,428,15.720000267028809,,420,15.989999771118164,-0.01688555,,,
385,CG,The Carlyle Group Inc. - Common Stock,,385,41.060001373291016,,360,42.90999984741211,,354,44.56999969482422,-0.03724478,,,
386,HIVE,HIVE Digital Technologies Ltd - Common Shares,,386,4.139999866485596,,171,4.630000114440918,,139,4.900000095367432,-0.05510204,,,
387,CHKP,Check Point Software Technologies Ltd. - Ordinary Shares,,387,124.68000030517578,,383,123.88999938964844,,402,120.30000305175781,0.02984206,,,
388,VSNT,"Versant Media Group, Inc. - Class A Common Stock",,388,38.15999984741211,,381,37.880001068115234,,375,38.529998779296875,-0.01686997,,,
389,PURR,Hyperliquid Strategies Inc - Common Stock,,389,7.900000095367432,,430,8.140000343322754,,272,9.199999809265137,-0.11521739,,,
390,CTSH,Cognizant,Information Technology,390,41.439998626708984,,401,40.95000076293945,,395,41.83000183105469,-0.02103753,,,
391,META,Meta Platforms,Communication Services,391,557.6699829101562,,382,562.2000122070312,,388,563.8499755859375,-0.00292631,,,
392,NXST,"Nexstar Media Group, Inc. - Common Stock",,392,167.97000122070312,,408,167.00999450683594,,,,,,,
393,CRUS,"Cirrus Logic, Inc. - Common Stock",,393,157.6699981689453,,362,157.77999877929688,,336,165.41000366210938,-0.0461278,,,
394,FANG,Diamondback Energy,Energy,394,183.47999572753906,,378,187.91000366210938,,405,187.8000030517578,0.00058573,,,
395,MTSI,"MACOM Technology Solutions Holdings, Inc. - Common Stock",,395,373.0799865722656,,384,372.1499938964844,,238,396.260009765625,-0.06084389,,,
396,LULU,Lululemon Athletica,Consumer Discretionary,396,113.08999633789062,,425,108.91999816894531,,444,105.43000030517578,0.03310253,,,
397,BSY,"Bentley Systems, Incorporated - Class B Common Stock",,397,28.65999984741211,,418,28.420000076293945,,412,28.8700008392334,-0.01558711,,,
398,ONC,BeOne Medicines Ltd. - American Depositary Shares,,398,277.1199951171875,,399,276.1300048828125,,421,271.79998779296875,0.01593083,,,
399,PEGA,Pegasystems Inc. - Common Stock,,399,29.920000076293945,,404,29.84000015258789,,432,29.3799991607666,0.01565691,,,
400,FOX,Fox Corporation (Class B),Communication Services,400,45.369998931884766,,395,44.54999923706055,,422,44.93000030517578,-0.0084576,,,
401,FSLY,FASTLY INC CLASS A,Information Technology,401,16.3799991607666,,391,16.65999984741211,,453,17.170000076293945,-0.02970297,,,
402,AMZN,Amazon,Consumer Discretionary,402,234.27000427246094,,423,234.11000061035156,,427,232.7899932861328,0.00567035,,,
403,SNPS,Synopsys,Information Technology,403,463.92999267578125,,368,461.5,,373,464.5799865722656,-0.00662964,,,
404,LITE,Lumentum,Information Technology,404,842.530029296875,,429,827.9199829101562,,260,893.9299926757812,-0.07384247,,,
405,SSRM,SSR MINING INC,Materials,405,28.350000381469727,,393,29.260000228881836,,305,30.719999313354492,-0.04752604,,,
406,AAON,"AAON, Inc. - Common Stock",,406,131.60000610351562,,420,129.4499969482422,,387,136.16000366210938,-0.04928026,,,
407,CSGP,CoStar Group,Real Estate,407,29.809999465942383,,400,30.260000228881836,,436,29.219999313354492,0.03559206,,,
408,SBAC,SBA Communications,Real Estate,408,185.4600067138672,,409,189.58999633789062,,410,187.58999633789062,0.01066155,,,
409,CRWV,"CoreWeave, Inc. - Class A Common Stock",,409,100.87999725341797,,376,105.72000122070312,,259,111.29000091552734,-0.05004942,,,
410,TW,Tradeweb Markets Inc. - Class A Common Stock,,410,96.05000305175781,,380,99.18000030517578,,417,98.19999694824219,0.00997963,,,
411,TSEM,Tower Semiconductor Ltd. - Ordinary Shares,,411,275.32000732421875,,369,282.6499938964844,,181,316.8500061035156,-0.10793751,,,
412,SITM,SITIME CORP,Information Technology,412,692.469970703125,,370,706.9000244140625,,289,753.1199951171875,-0.06137136,,,
413,DOX,Amdocs Limited - Ordinary Shares,,413,51.650001525878906,,410,52.349998474121094,,433,51.689998626708984,0.01276843,,,
414,LGN,LEGENCE CORP CLASS A,Industrials,414,79.79000091552734,,413,81.0199966430664,,266,88.19999694824219,-0.0814059,,,
415,MSFT,Microsoft,Information Technology,415,365.4599914550781,,403,373.94000244140625,,430,367.3399963378906,0.01796701,,,
416,LOGI,Logitech International S.A. - Registered Shares,,416,102.37000274658203,,343,104.38999938964844,,318,106.83000183105469,-0.02284003,,,
417,AUR,"Aurora Innovation, Inc.  - Class A Common Stock",,417,6.230000019073486,,451,6.420000076293945,,443,6.559999942779541,-0.02134146,,,
418,GFS,GlobalFoundries Inc. - Ordinary Share,,418,83.69999694824219,,372,83.38999938964844,,135,89.66999816894531,-0.07003457,,,
419,MARA,MARA HOLDINGS INC,Information Technology,419,14.0,,277,14.699999809265137,,247,14.850000381469727,-0.01010101,,,
420,CLSK,CLEANSPARK INC,Information Technology,420,16.229999542236328,,274,17.190000534057617,,242,17.450000762939453,-0.01489971,,,
421,OPEN,Opendoor Technologies Inc  - Common Stock,,421,4.28000020980835,,437,4.199999809265137,,407,4.28000020980835,-0.01869159,,,
422,TSLA,"Tesla, Inc.",Consumer Discretionary,422,375.5299987792969,,407,381.6099853515625,,363,405.04998779296875,-0.0578694,,,
423,MNDY,monday.com Ltd. - Ordinary Shares,,423,70.91999816894531,,456,70.01000213623047,,472,70.36000061035156,-0.00497442,,,
424,TEAM,Atlassian Corporation  - Class A Common Stock,,424,81.55000305175781,,402,81.3499984741211,,451,79.95999908447266,0.01738369,,,
425,GLXY,Galaxy Digital Inc. - Class A common stock,,425,28.579999923706055,,385,31.350000381469727,,249,33.119998931884766,-0.05344203,,,
426,FISV,Fiserv,Financials,426,48.189998626708984,,422,47.29999923706055,,409,47.18000030517578,0.00254345,,,
427,MKTX,"MarketAxess Holdings, Inc. - Common Stock",,427,113.45999908447266,,397,118.16999816894531,,424,117.12000274658203,0.00896516,,,
428,APA,APA Corporation,Energy,428,33.32500076293945,,416,34.220001220703125,,435,34.20000076293945,0.0005848,,,
429,CHRD,Chord Energy Corporation - Common Stock,,429,119.93000030517578,,421,124.44000244140625,,428,124.44999694824219,-8.035e-05,,,
430,ADSK,Autodesk,Information Technology,430,192.61000061035156,,445,188.77999877929688,,459,187.72000122070312,0.00564671,,,
431,RCAT,RED CAT HOLDINGS INC,Industrials,431,9.34000015258789,,313,10.180000305175781,,254,10.630000114440918,-0.04233302,,,
432,MDB,"MongoDB, Inc. - Class A Common Stock",,432,302.44000244140625,,371,320.9700012207031,,426,319.1600036621094,0.00567114,,,
433,NFLX,Netflix,Communication Services,433,71.83999633789062,,436,72.81999969482422,,441,72.87999725341797,-0.00082327,,,
434,FIVE,"Five Below, Inc. - Common Stock",,434,187.75,,450,185.9499969482422,,438,193.4499969482422,-0.03876971,,,
435,Z,"Zillow Group, Inc. - Class C Capital Stock",,435,30.540000915527344,,446,30.5,,447,30.309999465942383,0.00626856,,,
436,INTU,Intuit,Information Technology,436,262.2349853515625,,432,258.04998779296875,,488,257.7699890136719,0.00108624,,,
437,CME,CME Group,Financials,437,231.67999267578125,,424,242.25999450683594,,429,245.1999969482422,-0.01199021,,,
438,ADBE,Adobe Inc.,Information Technology,438,196.57000732421875,,440,197.42999267578125,,464,194.89999389648438,0.01298102,,,
439,VRSN,Verisign,Information Technology,439,252.0800018310547,,453,247.22000122070312,,458,247.69000244140625,-0.00189753,,,
440,FOXA,Fox Corporation (Class A),Communication Services,440,49.79999923706055,,433,48.790000915527344,,371,49.38999938964844,-0.01214821,,,
441,QS,QuantumScape Corporation - Common Stock,,441,7.119999885559082,,441,7.420000076293945,,370,7.610000133514404,-0.02496715,,,
442,AEHR,AEHR TEST SYSTEMS,Information Technology,442,95.19999694824219,,354,102.38999938964844,,112,113.33000183105469,-0.09653225,,,
443,JD,"JD.com, Inc. - American Depositary Shares",,443,25.479999542236328,,454,26.1200008392334,,462,27.020000457763672,-0.03330866,,,
444,PLTR,Palantir Technologies,Information Technology,444,113.5,,442,116.69999694824219,,440,119.5,-0.02343096,,,
445,NXT,NEXTPOWER INC CLASS A,Industrials,445,116.66999816894531,,375,120.63999938964844,,356,129.07000732421875,-0.0653134,,,
446,BIDU,"Baidu, Inc. - American Depositary Shares, each representing 8 ordinary share",,446,107.81999969482422,,452,110.13999938964844,,467,111.73999786376953,-0.01431895,,,
447,ERIC,Ericsson - American Depositary Shares each representing 1 underlying Class B share,,447,11.15999984741211,,427,11.380000114440918,,415,11.720000267028809,-0.02901024,,,
448,SYNA,SYNAPTICS INC,Information Technology,448,130.11000061035156,,379,134.41000366210938,,300,143.7899932861328,-0.06523402,,,
449,WFRD,Weatherford International plc - Ordinary shares,,449,84.48999786376953,,448,89.38999938964844,,449,91.77999877929688,-0.02604053,,,
450,NTSK,"Netskope, Inc. - Class A Common Stock",,450,9.5,,449,9.529999732971191,,486,8.949999809265137,0.06480447,,,
451,PTC,PTC Inc.,Information Technology,451,112.93000030517578,,457,112.33000183105469,,454,115.0,-0.02321739,,,
452,ZM,"Zoom Communications, Inc. - Class A Common Stock",,452,85.47000122070312,,412,86.44499969482422,,445,84.33999633789062,0.0249585,,,
453,SMMT,Summit Therapeutics Inc.  - Common Stock,,453,14.25,,471,14.25,,478,14.279999732971191,-0.00210084,,,
454,SMCI,Supermicro,Information Technology,454,32.45000076293945,,419,33.31999969482422,,361,35.459999084472656,-0.06034969,,,
455,TTD,Trade Desk (The),Communication Services,455,17.700000762939453,,463,17.93000030517578,,469,18.020000457763672,-0.00499445,,,
456,AKAM,Akamai Technologies,Information Technology,456,119.4800033569336,,461,119.87000274658203,,479,120.73999786376953,-0.00720557,,,
457,PDD,PDD Holdings Inc. - American Depositary Shares,,457,75.73999786376953,,468,76.55999755859375,,473,78.11000061035156,-0.01984381,,,
458,KTOS,KRATOS DEFENSE AND SECURITY SOLUTI,Industrials,458,47.95000076293945,,435,50.79999923706055,,448,51.09000015258789,-0.00567626,,,
459,FLNC,FLUENCE ENERGY INC CLASS A,Industrials,459,19.75,,394,21.209999084472656,,121,25.190000534057617,-0.15799921,,,
460,FIGR,"Figure Technology Solutions, Inc. - Class A Common Stock",,460,27.399999618530273,,470,27.979999542236328,,480,29.09000015258789,-0.03815744,,,
461,APLD,APPLIED DIGITAL CORP,Information Technology,461,41.97999954223633,,462,45.27000045776367,,237,45.20000076293945,0.00154867,,,
462,FCEL,"FuelCell Energy, Inc. - Common Stock",,462,21.559999465942383,,483,21.81999969482422,,205,24.389999389648438,-0.10537105,,,
463,AVAV,AEROVIRONMENT INC,Industrials,463,142.17999267578125,,439,149.0800018310547,,442,151.3300018310547,-0.01486817,,,
464,RMBS,RAMBUS INC,Information Technology,464,124.5199966430664,,466,128.2100067138672,,396,140.35000610351562,-0.08649804,,,
465,BAND,BANDWIDTH INC CLASS A,Communication,465,52.279998779296875,,444,52.72999954223633,,450,50.81999969482422,0.03758363,,,
466,ALM,Almonty Industries Inc. - Common Shares,,466,16.459999084472656,,415,18.190000534057617,,329,18.65999984741211,-0.02518757,,,
467,SYM,Symbotic Inc. - Class A Common Stock,,467,39.43000030517578,,485,38.56999969482422,,468,40.20000076293945,-0.04054726,,,
468,IRDM,Iridium Communications Inc - Common Stock,,468,42.279998779296875,,443,44.15999984741211,,455,43.29999923706055,0.01986143,,,
469,COIN,Coinbase,Financials,469,150.11000061035156,,477,158.17999267578125,,474,164.83999633789062,-0.04040281,,,
470,IREN,IREN Limited - Ordinary Shares,,470,50.29999923706055,,464,54.720001220703125,,397,56.869998931884766,-0.03780552,,,
471,CELC,CELCUITY INC,Health Care,471,96.37999725341797,,492,90.20999908447266,,495,89.93000030517578,0.00311353,,,
472,WIX,Wix.com Ltd. - Ordinary Shares,,472,42.599998474121094,,,,,490,41.86000061035156,,,,
473,PTEN,PATTERSON UTI ENERGY INC,Energy,473,9.520000457763672,,455,10.069999694824219,,476,10.199999809265137,-0.0127451,,,
474,VSAT,VIASAT INC,Information Technology,474,62.22999954223633,,465,63.880001068115234,,481,64.2300033569336,-0.00544917,,,
475,ZS,"Zscaler, Inc. - Common Stock",,475,127.2699966430664,,473,126.16999816894531,,491,124.05999755859375,0.0170079,,,
476,USAR,USA RARE EARTH INC CLASS A,Materials,476,21.420000076293945,,460,22.889999389648438,,389,24.1200008392334,-0.05099502,,,
477,ONDS,Ondas Inc - Common Stock,,477,7.679999828338623,,467,8.529999732971191,,470,8.890000343322754,-0.04049494,,,
478,MXL,MAXLINEAR INC,Information Technology,478,84.98999786376953,,478,89.08000183105469,,456,96.44000244140625,-0.07631688,,,
479,SOUN,SOUNDHOUND AI INC CLASS A,Information Technology,479,6.340000152587891,,486,6.440000057220459,,483,6.880000114440918,-0.06395349,,,
480,INOD,INNODATA INC,Industrials,480,81.55000305175781,,480,87.02999877929688,,465,90.68000030517578,-0.04025143,,,
481,AAOI,APPLIED OPTOELECTRONICS INC,Information Technology,481,146.97000122070312,,484,147.44000244140625,,416,171.22999572753906,-0.13893593,,,
482,ABVX,Abivax SA - American Depositary Shares,,482,92.51000213623047,,479,98.43000030517578,,485,101.66000366210938,-0.03177258,,,
483,VELO,"Velo3D, Inc. - Common stock",,483,18.049999237060547,,411,20.65999984741211,,116,24.309999465942383,-0.15014397,,,
484,SEDG,"SolarEdge Technologies, Inc. - Common Stock",,484,49.7400016784668,,487,52.36000061035156,,439,57.54999923706055,-0.09018245,,,
485,QUBT,QUANTUM COMPUTING INC,Information Technology,485,9.699999809265137,,469,10.489999771118164,,359,10.539999961853027,-0.00474383,,,
486,EOSE,EOS ENERGY ENTERPRISES INC CLASS A,Industrials,486,6.059999942779541,,488,6.489999771118164,,418,7.340000152587891,-0.11580381,,,
487,ENPH,"Enphase Energy, Inc. - Common Stock",,487,47.81999969482422,,493,47.220001220703125,,446,52.40999984741211,-0.0990269,,,
488,PLUG,PLUG POWER INC,Industrials,488,2.609999895095825,,491,2.7100000381469727,,489,2.7899999618530273,-0.02867384,,,
489,RGTI,RIGETTI COMPUTING INC,Information Technology,489,19.530000686645508,,458,21.280000686645508,,176,21.3799991607666,-0.00467727,,,
490,CENX,CENTURY ALUMINUM,Materials,490,44.5,,475,47.33000183105469,,463,49.529998779296875,-0.04441752,,,
491,FLY,FIREFLY AEROSPACE INC,Industrials,491,24.979999542236328,,496,27.209999084472656,,497,28.959999084472656,-0.06042818,,,
492,LUNR,INTUITIVE MACHINES INC CLASS A,Industrials,492,19.1299991607666,,497,20.950000762939453,,498,21.989999771118164,-0.04729422,,,
493,NVTS,NAVITAS SEMICONDUCTOR CORP,Information Technology,493,18.31999969482422,,481,21.399999618530273,,434,23.700000762939453,-0.09704641,,,
494,PCT,PURECYCLE TECHNOLOGIES INC,Materials,494,8.0,,494,8.289999961853027,,496,8.34000015258789,-0.0059952,,,
495,MSTR,Strategy Inc - Class A Common Stock,,495,94.12999725341797,,498,103.83999633789062,,499,109.45999908447266,-0.05134296,,,
496,RKLB,Rocket Lab Corporation - Common Stock,,496,85.41000366210938,,490,95.12000274658203,,494,100.29000091552734,-0.0515505,,,
497,AXTI,AXT Inc - Common Stock,,497,70.13999938964844,,499,77.91000366210938,,482,92.44000244140625,-0.15718304,,,
498,CBRS,Cerebras Systems Inc. - Class A Common Stock,,498,182.25999450683594,,489,226.72000122070312,,493,224.42999267578125,0.01020363,,,
499,POET,POET Technologies Inc. - Common Shares,,499,10.65999984741211,,500,10.729999542236328,,492,12.09000015258789,-0.11248966,,,
500,XE,"X-Energy, Inc. - Class A Common Stock",,500,19.100000381469727,,495,21.09000015258789,,500,20.155000686645508,0.04639047,,,
