current_rank,ticker,name,sector,2026-06-22__predicted_rank,2026-06-22__close,2026-06-22__next_snapshot_return,2026-06-19__predicted_rank,2026-06-19__close,2026-06-19__next_snapshot_return,2026-06-18__predicted_rank,2026-06-18__close,2026-06-18__next_snapshot_return
1,MU,Micron Technology,Information Technology,1,1211.3800048828125,,1,1043.18994140625,0.16122669209198603,2,155.0,
2,MRVL,Marvell Technology,Information Technology,2,307.8599853515625,,,,,,,
3,AMAT,Applied Materials,Information Technology,3,640.1799926757812,,2,592.9199829101562,0.0797072305333082,,,
4,KLAC,KLA Corporation,Information Technology,4,269.1600036621094,,3,238.72999572753906,0.12746621069477948,,,
5,LRCX,Lam Research,Information Technology,5,409.5400085449219,,4,374.17999267578125,0.09450001753508852,,,
6,TER,Teradyne,Information Technology,6,457.0,,5,408.55999755859375,0.11856276368432095,,,
7,VRT,Vertiv,Industrials,7,357.9599914550781,,50,317.5799865722656,0.12714908555367677,1,118.0,
8,GNRC,Generac,Industrials,8,295.5400085449219,,21,268.20001220703125,0.10193883330917264,,,
9,Q,Qnity Electronics,Information Technology,9,175.63999938964844,,17,156.72000122070312,0.1207248469983162,,,
10,AMD,Advanced Micro Devices,Information Technology,10,551.6300048828125,,8,512.47998046875,0.0763932756519643,,,
11,SNDK,Sandisk,Information Technology,11,2273.72998046875,,9,1958.800048828125,0.16077696742402847,,,
12,STX,Seagate Technology,Information Technology,12,1094.0400390625,,10,1066.0699462890625,0.026236639416391094,,,
13,WDC,Western Digital,Information Technology,13,732.6199951171875,,6,712.1300048828125,0.028772822509770313,,,
14,DELL,Dell Technologies,Information Technology,14,418.7099914550781,,7,419.32000732421875,-0.001454774059156616,5,135.0,
15,ADI,Analog Devices,Information Technology,15,445.4800109863281,,33,414.45001220703125,0.07487030489890878,,,
16,ON,ON Semiconductor,Information Technology,16,131.5500030517578,,44,112.91999816894531,0.16498410542780206,,,
17,ETN,Eaton Corporation,Industrials,17,435.7799987792969,,19,409.6400146484375,0.06381208670079097,,,
18,INTC,Intel,Information Technology,18,140.94000244140625,,14,121.0999984741211,0.16383157900307443,,,
19,EMR,Emerson Electric,Industrials,19,150.2100067138672,,11,149.0,0.008120850428638748,,,
20,HPE,Hewlett Packard Enterprise,Information Technology,20,48.400001525878906,,13,48.20000076293945,0.0041493933563012675,,,
21,TXN,Texas Instruments,Information Technology,21,332.2799987792969,,32,301.8800048828125,0.10070224395380345,,,
22,ANET,Arista Networks,Information Technology,22,174.55999755859375,,24,164.92999267578125,0.0583884394013352,,,
23,GEV,GE Vernova,Industrials,23,1127.5899658203125,,20,1048.8599853515625,0.07506243118080325,,,
24,MCHP,Microchip Technology,Information Technology,24,102.70999908447266,,25,94.11000061035156,0.09138240801557429,,,
25,NTAP,NetApp,Information Technology,25,158.30999755859375,,53,154.80999755859375,0.022608358989704813,,,
26,APH,Amphenol,Information Technology,26,165.9600067138672,,16,161.11000061035156,0.030103693657387964,,,
27,ROK,Rockwell Automation,Industrials,27,478.0799865722656,,26,458.69000244140625,0.04227252398712622,,,
28,CAT,Caterpillar Inc.,Industrials,28,1022.280029296875,,34,955.9199829101562,0.06942008491620344,,,
29,AME,Ametek,Industrials,29,241.5500030517578,,28,231.27000427246094,0.044450203612163675,,,
30,NXPI,NXP Semiconductors,Information Technology,30,323.239990234375,,23,298.20001220703125,0.08397041248260995,,,
31,APTV,Aptiv,Consumer Discretionary,31,63.56999969482422,,18,62.869998931884766,0.011134098533990056,,,
32,QCOM,Qualcomm,Information Technology,32,221.89999389648438,,42,212.97000122070312,0.041930753742763116,,,
33,FSLR,First Solar,Information Technology,33,263.1099853515625,,27,254.8000030517578,0.03261374489904023,,,
34,WSM,"Williams-Sonoma, Inc.",Consumer Discretionary,34,226.05999755859375,,15,221.14999389648438,0.022202142426500204,,,
35,HOOD,Robinhood Markets,Financials,35,105.70999908447266,,41,105.19999694824219,0.004847929192254519,,,
36,FLEX,Flex Ltd.,Information Technology,36,155.80999755859375,,,,,,,
37,MRNA,Moderna,Health Care,37,59.345001220703125,,12,61.79999923706055,-0.03972488748649039,,,
38,RL,Ralph Lauren Corporation,Consumer Discretionary,38,410.9200134277344,,37,403.8500061035156,0.017506517809502187,,,
39,MGM,MGM Resorts,Consumer Discretionary,39,46.56999969482422,,36,46.939998626708984,-0.007882380543450584,,,
40,CMI,Cummins,Industrials,40,724.9299926757812,,48,717.780029296875,0.009961218043235576,,,
41,SWKS,Skyworks Solutions,Information Technology,41,76.18000030517578,,63,69.37999725341797,0.09801100203160962,,,
42,PCAR,Paccar,Industrials,42,120.12000274658203,,51,117.33999633789062,0.02369189104698921,,,
43,DLTR,Dollar Tree,Consumer Staples,43,113.93000030517578,,69,106.41000366210938,0.07067001582807131,,,
44,BBY,Best Buy,Consumer Discretionary,44,76.01000213623047,,35,73.0999984741211,0.03980853246036076,,,
45,NCLH,Norwegian Cruise Line Holdings,Consumer Discretionary,45,20.040000915527344,,22,19.829999923706055,0.01059006518553951,,,
46,MPWR,Monolithic Power Systems,Information Technology,46,1537.8800048828125,,58,1448.2099609375,0.061917847801063575,,,
47,KEYS,Keysight Technologies,Information Technology,47,373.3399963378906,,77,350.70001220703125,0.06455655358658552,,,
48,SW,Smurfit Westrock,Materials,48,45.38999938964844,,70,43.41999816894531,0.04537082689496974,,,
49,HUM,Humana,Health Care,49,360.7200012207031,,49,362.0,-0.0035359082301018585,,,
50,LUV,Southwest Airlines,Industrials,50,48.56999969482422,,47,46.65999984741211,0.04093441606639958,,,
51,BAX,Baxter International,Health Care,51,19.65999984741211,,31,19.389999389648438,0.013924727501941847,,,
52,AVGO,Broadcom,Information Technology,52,392.1300048828125,,45,392.8999938964844,-0.0019597582734367514,4,392.8999938964844,
53,TECH,Bio-Techne,Health Care,53,55.61000061035156,,29,55.0,0.011090920188210118,,,
54,RVTY,Revvity,Health Care,54,99.04000091552734,,54,97.81999969482422,0.012471899657628738,,,
55,CSCO,Cisco,Information Technology,55,121.52999877929688,,97,117.33000183105469,0.035796444921988746,,,
56,EW,Edwards Lifesciences,Health Care,56,85.87999725341797,,43,86.68000030517578,-0.009229384505551774,,,
57,VST,Vistra Corp.,Utilities,57,167.25999450683594,,55,158.8300018310547,0.0530755687124409,,,
58,RCL,Royal Caribbean Group,Consumer Discretionary,58,309.3599853515625,,64,301.4700012207031,0.026171705638741827,,,
59,ZBH,Zimmer Biomet,Health Care,59,87.08999633789062,,57,87.16000366210938,-0.0008032046957012762,,,
60,MDT,Medtronic,Health Care,60,79.2699966430664,,62,78.13999938964844,0.014461188408553483,,,
61,UAL,United Airlines Holdings,Industrials,61,118.68000030517578,,38,115.83000183105469,0.024605011042631242,,,
62,ABT,Abbott Laboratories,Health Care,62,87.83000183105469,,59,88.5,-0.007570600779043035,,,
63,WAB,Wabtec,Industrials,63,276.75,,72,271.8599853515625,0.017987254145231724,,,
64,CRL,Charles River Laboratories,Health Care,64,181.55999755859375,,39,182.33999633789062,-0.004277716326436032,,,
65,NVDA,Nvidia,Information Technology,65,208.64999389648438,,68,204.64999389648438,0.01954556618273484,3,204.64999389648438,
66,IP,International Paper,Materials,66,36.88999938964844,,60,36.15999984741211,0.020188040523140938,,,
67,EQIX,Equinix,Real Estate,67,1115.93994140625,,79,1088.52001953125,0.025190094240809424,,,
68,DLR,Digital Realty,Real Estate,68,195.5399932861328,,86,187.0800018310547,0.04522124958453899,,,
69,C,Citigroup,Financials,69,145.6699981689453,,71,143.77999877929688,0.01314507863190073,,,
70,IDXX,Idexx Laboratories,Health Care,70,545.72998046875,,65,546.0900268554688,-0.0006593169056611226,,,
71,HRL,Hormel Foods,Consumer Staples,71,24.110000610351562,,52,24.329999923706055,-0.009042306372559206,,,
72,ROP,Roper Technologies,Information Technology,72,325.0899963378906,,85,329.9700012207031,-0.014789238005755823,,,
73,CAH,Cardinal Health,Health Care,73,222.74000549316406,,61,226.27999877929688,-0.015644304866669012,,,
74,GE,GE Aerospace,Industrials,74,355.1199951171875,,40,357.0299987792969,-0.005349700777637079,,,
75,CDW,CDW Corporation,Information Technology,75,123.56999969482422,,46,126.69999694824219,-0.02470400417370644,,,
76,FFIV,"F5, Inc.",Information Technology,76,391.2699890136719,,89,384.8800048828125,0.016602535984702627,,,
77,NRG,NRG Energy,Utilities,77,138.91000366210938,,66,132.1300048828125,0.05131308959921799,,,
78,HUBB,Hubbell Incorporated,Industrials,78,539.3900146484375,,162,508.8699951171875,0.05997606426808777,,,
79,STT,State Street Corporation,Financials,79,173.7100067138672,,100,171.10000610351562,0.01525424031120437,,,
80,MS,Morgan Stanley,Financials,80,227.08999633789062,,76,224.9600067138672,0.009468303522646382,,,
81,DAL,Delta Air Lines,Industrials,81,85.91999816894531,,73,82.25,0.044620038528210504,,,
82,URI,United Rentals,Industrials,82,1092.6800537109375,,114,1048.969970703125,0.04166952746846864,,,
83,A,Agilent Technologies,Health Care,83,126.48999786376953,,82,124.33000183105469,0.01737308775761104,,,
84,MSI,Motorola Solutions,Information Technology,84,392.2300109863281,,103,400.70001220703125,-0.02113801088762357,,,
85,CCL,Carnival Corporation,Consumer Discretionary,85,30.190000534057617,,56,29.90999984741211,0.00936144059090438,,,
86,VMC,Vulcan Materials Company,Materials,86,304.3900146484375,,113,294.82000732421875,0.032460508399941856,,,
87,ZBRA,Zebra Technologies,Information Technology,87,245.69000244140625,,272,232.97999572753906,0.054554068791086374,,,
88,VRTX,Vertex Pharmaceuticals,Health Care,88,466.7900085449219,,133,458.989990234375,0.016993874543024257,,,
89,IBKR,Interactive Brokers,Financials,89,96.81999969482422,,140,95.08999633789062,0.018193326570191903,,,
90,TDY,Teledyne Technologies,Information Technology,90,616.6500244140625,,90,615.3499755859375,0.0021126982687975637,,,
91,BDX,Becton Dickinson,Health Care,91,140.7100067138672,,78,141.61000061035156,-0.006355440241545995,,,
92,SWK,Stanley Black & Decker,Industrials,92,86.30999755859375,,156,82.47000122070312,0.04656234122774139,,,
93,PANW,Palo Alto Networks,Information Technology,93,286.3999938964844,,93,282.1300048828125,0.015134827702730558,,,
94,DXCM,Dexcom,Health Care,94,69.06999969482422,,30,71.2300033569336,-0.030324351541661354,,,
95,HST,Host Hotels & Resorts,Real Estate,95,25.1299991607666,,84,24.6200008392334,0.02071479708158619,,,
96,CNC,Centene Corporation,Health Care,96,63.68000030517578,,167,60.63999938964844,0.05013194172370472,,,
97,INCY,Incyte,Health Care,97,103.66000366210938,,127,98.98999786376953,0.047176542066065474,,,
98,GL,Globe Life,Financials,98,172.0500030517578,,145,171.25,0.0046715506671988205,,,
99,STLD,Steel Dynamics,Materials,99,250.97999572753906,,67,270.1300048828125,-0.07089182545116035,,,
100,MLM,Martin Marietta Materials,Materials,100,609.8800048828125,,186,591.0800170898438,0.031806163716258995,,,
101,PPG,PPG Industries,Materials,101,118.91999816894531,,105,117.13999938964844,0.015195482231274315,,,
102,GS,Goldman Sachs,Financials,102,1106.3699951171875,,75,1099.1400146484375,0.006577852113829774,,,
103,KDP,Keurig Dr Pepper,Consumer Staples,103,30.8700008392334,,98,30.889999389648438,-0.000647411809976961,,,
104,FTNT,Fortinet,Information Technology,104,145.38999938964844,,87,144.13999938964844,0.008672124360295852,,,
105,CVS,CVS Health,Health Care,105,101.30000305175781,,169,99.16000366210938,0.021581275823068236,,,
106,JBL,Jabil,Information Technology,106,377.239990234375,,92,374.9800109863281,0.006026932587959388,,,
107,FIX,Comfort Systems USA,Industrials,107,2066.510009765625,,237,1931.77001953125,0.06974949858010016,,,
108,GPC,Genuine Parts Company,Consumer Discretionary,108,105.11000061035156,,81,106.12000274658203,-0.009517547211550514,,,
109,GEHC,GE HealthCare,Health Care,109,60.63999938964844,,74,61.150001525878906,-0.008340181905222566,,,
110,STE,Steris,Health Care,110,200.39999389648438,,94,199.39999389648438,0.005015045288913722,,,
111,IR,Ingersoll Rand,Industrials,111,77.87000274658203,,95,77.06999969482422,0.010380213506235858,,,
112,SYK,Stryker Corporation,Health Care,112,304.69000244140625,,83,301.1400146484375,0.011788495783641162,,,
113,FCX,Freeport-McMoRan,Materials,113,69.20999908447266,,88,69.05999755859375,0.0021720464984325005,,,
114,ABBV,AbbVie,Health Care,114,230.00999450683594,,158,221.22999572753906,0.03968719861166603,,,
115,BAC,Bank of America,Financials,115,57.369998931884766,,111,56.529998779296875,0.014859369728051908,,,
116,TPR,"Tapestry, Inc.",Consumer Discretionary,116,149.1999969482422,,106,145.8699951171875,0.02282855928239025,,,
117,CDNS,Cadence Design Systems,Information Technology,117,389.0400085449219,,112,389.6000061035156,-0.0014373653742832948,,,
118,EL,Estée Lauder Companies (The),Consumer Staples,118,84.52999877929688,,218,82.45999908447266,0.025103076859165352,,,
119,JPM,JPMorgan Chase,Financials,119,331.4800109863281,,110,333.4599914550781,-0.0059376852380707,,,
120,NUE,Nucor,Materials,120,244.92999267578125,,101,252.60000610351562,-0.030364264617599446,,,
121,MNST,Monster Beverage,Consumer Staples,121,93.0199966430664,,189,91.66000366210938,0.014837365553360016,,,
122,MTD,Mettler Toledo,Health Care,122,1164.0699462890625,,170,1129.530029296875,0.03057901613619629,,,
123,PNC,PNC Financial Services,Financials,123,234.7100067138672,,109,233.1300048828125,0.006777342246652829,,,
124,DG,Dollar General,Consumer Staples,124,112.45999908447266,,214,108.69000244140625,0.034685771997279735,,,
125,WFC,Wells Fargo,Financials,125,83.83999633789062,,107,83.80999755859375,0.00035793795693539465,,,
126,AMGN,Amgen,Health Care,126,344.7200012207031,,102,341.6600036621094,0.008956265075791503,,,
127,LLY,Lilly (Eli),Health Care,127,1102.0799560546875,,80,1112.0,-0.008920902828518429,,,
128,IBM,IBM,Information Technology,128,252.22000122070312,,138,262.3500061035156,-0.03861255821284604,,,
129,PH,Parker Hannifin,Industrials,129,962.1400146484375,,141,945.969970703125,0.017093612319737383,,,
130,AES,AES Corporation,Utilities,130,14.649999618530273,,96,14.609999656677246,0.0027378482404512017,,,
131,WST,West Pharmaceutical Services,Health Care,131,329.7099914550781,,161,323.5899963378906,0.018912806905183377,,,
132,NDSN,Nordson Corporation,Industrials,132,295.05999755859375,,205,290.2200012207031,0.016676990963865324,,,
133,CARR,Carrier Global,Industrials,133,71.8499984741211,,209,69.48999786376953,0.03396173093828825,,,
134,HPQ,HP Inc.,Information Technology,134,23.540000915527344,,287,23.18000030517578,0.015530655979809405,,,
135,ALGN,Align Technology,Health Care,135,173.75999450683594,,99,173.52999877929688,0.0013253946243125814,,,
136,GWW,W. W. Grainger,Industrials,136,1341.4200439453125,,255,1311.0999755859375,0.02312567227821427,,,
137,COO,Cooper Companies (The),Health Care,137,65.41999816894531,,108,65.05000305175781,0.005687857030431065,,,
138,FITB,Fifth Third Bancorp,Financials,138,53.61000061035156,,122,52.58000183105469,0.019589173515177416,,,
139,CRH,CRH plc,Materials,139,111.25,,199,109.41000366210938,0.016817441516345122,,,
140,RMD,ResMed,Health Care,140,188.4499969482422,,130,186.2899932861328,0.01159484534841182,,,
141,BIIB,Biogen,Health Care,141,199.7100067138672,,203,198.6699981689453,0.005234854555328905,,,
142,DOV,Dover Corporation,Industrials,142,229.39999389648438,,225,220.7899932861328,0.03899633530580093,,,
143,DVA,DaVita,Health Care,143,209.67999267578125,,137,210.5800018310547,-0.004273953592210056,,,
144,HSIC,Henry Schein,Health Care,144,78.66999816894531,,91,79.97000122070312,-0.016256133949154705,,,
145,IEX,IDEX Corporation,Industrials,145,225.36000061035156,,210,223.69000244140625,0.0074656808561783805,,,
146,ECL,Ecolab,Materials,146,269.3399963378906,,153,269.05999755859375,0.0010406555483444269,,,
147,AXP,American Express,Financials,147,338.07000732421875,,144,340.5400085449219,-0.007253189518779513,,,
148,MTB,M&T Bank,Financials,148,227.72999572753906,,128,225.85000610351562,0.008324062755002748,,,
149,DHI,D. R. Horton,Consumer Discretionary,149,155.94000244140625,,120,152.47999572753906,0.02269154519160499,,,
150,EXPE,Expedia Group,Consumer Discretionary,150,238.02000427246094,,123,239.47000122070312,-0.006055025434713368,,,
151,GLW,Corning Inc.,Information Technology,151,209.8300018310547,,456,175.39999389648438,0.19629423678822833,,,
152,SPG,Simon Property Group,Real Estate,152,214.57000732421875,,159,209.86000061035156,0.02244356571127759,,,
153,VRSK,Verisk Analytics,Industrials,153,168.99000549316406,,240,175.35000610351562,-0.036270318728115813,,,
154,MRK,Merck & Co.,Health Care,154,115.4800033569336,,164,115.44000244140625,0.00034650826993565254,,,
155,TGT,Target Corporation,Consumer Staples,155,129.72999572753906,,185,127.80999755859375,0.01502228468524236,,,
156,AWK,American Water Works,Utilities,156,124.91999816894531,,200,125.41000366210938,-0.003907228122600803,,,
157,ISRG,Intuitive Surgical,Health Care,157,402.95001220703125,,134,402.17999267578125,0.0019146142157069335,,,
158,USB,U.S. Bancorp,Financials,158,58.68000030517578,,155,57.90999984741211,0.01329650250030312,,,
159,BEN,Franklin Resources,Financials,159,33.93000030517578,,273,33.290000915527344,0.01922497362713882,,,
160,MAS,Masco,Industrials,160,73.58000183105469,,149,72.62000274658203,0.013219485653597651,,,
161,UNH,UnitedHealth Group,Health Care,161,406.67999267578125,,239,399.5299987792969,0.017896012610642664,,,
162,UPS,United Parcel Service,Industrials,162,107.23999786376953,,154,105.12999725341797,0.020070395372173033,,,
163,JCI,Johnson Controls,Industrials,163,148.2100067138672,,238,143.6199951171875,0.031959418971811315,,,
164,MMM,3M,Industrials,164,163.22000122070312,,227,159.22999572753906,0.025058127238736017,,,
165,AEP,American Electric Power,Utilities,165,130.3000030517578,,198,128.27000427246094,0.015825982004217476,,,
166,COF,Capital One,Financials,166,200.6999969482422,,143,200.8699951171875,-0.0008463094194139931,,,
167,PFG,Principal Financial Group,Financials,167,111.2300033569336,,207,110.22000122070312,0.00916351047944608,,,
168,PHM,PulteGroup,Consumer Discretionary,168,125.62000274658203,,171,121.87999725341797,0.03068596633939591,,,
169,TDG,TransDigm Group,Industrials,169,1295.9000244140625,,118,1316.75,-0.015834422317021035,,,
170,SJM,J.M. Smucker Company (The),Consumer Staples,170,107.19000244140625,,115,112.95999908447266,-0.05107999902471261,,,
171,DASH,DoorDash,Consumer Discretionary,171,172.0800018310547,,286,165.66000366210938,0.03875406270085535,,,
172,BF-B,Brown–Forman,Consumer Staples,172,27.260000228881836,,366,25.510000228881836,0.06860054818888983,,,
173,PKG,Packaging Corporation of America,Materials,173,234.02999877929688,,166,229.25999450683594,0.020806090843375147,,,
174,CFG,Citizens Financial Group,Financials,174,67.98999786376953,,151,66.77999877929688,0.018119183986085696,,,
175,HWM,Howmet Aerospace,Industrials,175,280.3599853515625,,124,283.2300109863281,-0.010133197484161305,,,
176,DRI,Darden Restaurants,Consumer Discretionary,176,212.0,,142,211.3300018310547,0.003170388317513595,,,
177,GM,General Motors,Consumer Discretionary,177,80.43000030517578,,146,79.58000183105469,0.010681056227236585,,,
178,PG,Procter & Gamble,Consumer Staples,178,147.67999267578125,,147,150.55999755859375,-0.019128619351177156,,,
179,WAT,Waters Corporation,Health Care,179,358.25,,119,357.0,0.003501400560224077,,,
180,BKNG,Booking Holdings,Consumer Discretionary,180,167.77000427246094,,121,171.6300048828125,-0.022490243550287947,,,
181,ROST,Ross Stores,Consumer Discretionary,181,236.97000122070312,,131,233.25,0.015948558288116255,,,
182,SNA,Snap-on,Industrials,182,390.70001220703125,,259,381.260009765625,0.024760012064232395,,,
183,TT,Trane Technologies,Industrials,183,491.5899963378906,,292,472.510009765625,0.040380068523267365,,,
184,MET,MetLife,Financials,184,87.55999755859375,,196,85.8499984741211,0.019918452124237707,,,
185,PODD,Insulet Corporation,Health Care,185,138.97000122070312,,104,143.52000427246094,-0.03170291887059873,,,
186,BXP,"BXP, Inc.",Real Estate,186,64.91000366210938,,256,63.060001373291016,0.02933717488946841,,,
187,BLDR,Builders FirstSource,Industrials,187,77.33000183105469,,179,76.13999938964844,0.01562913647157238,,,
188,HBAN,Huntington Bancshares,Financials,188,17.049999237060547,,152,16.850000381469727,0.011869368015609227,,,
189,DECK,Deckers Brands,Consumer Discretionary,189,105.56999969482422,,116,105.72000122070312,-0.0014188566415711534,,,
190,PEG,Public Service Enterprise Group,Utilities,190,80.61000061035156,,197,79.4000015258789,0.01523928288689369,,,
191,WEC,WEC Energy Group,Utilities,191,113.04000091552734,,173,112.54000091552734,0.004442864723053441,,,
192,EIX,Edison International,Utilities,192,72.19999694824219,,212,70.9000015258789,0.018335619102755274,,,
193,SO,Southern Company,Utilities,193,93.43000030517578,,244,92.52999877929688,0.009726591783769445,,,
194,DTE,DTE Energy,Utilities,194,146.8300018310547,,188,147.19000244140625,-0.002445822436173084,,,
195,TFC,Truist Financial,Financials,195,48.7599983215332,,182,48.16999816894531,0.012248290949038454,,,
196,DHR,Danaher Corporation,Health Care,196,178.19000244140625,,117,177.75999450683594,0.002419036610364911,,,
197,NVR,"NVR, Inc.",Consumer Discretionary,197,6352.5498046875,,126,6275.93994140625,0.012206914660831458,,,
198,SRE,Sempra,Utilities,198,91.62000274658203,,213,90.25,0.015180085834703982,,,
199,ED,Consolidated Edison,Utilities,199,106.91999816894531,,246,107.04000091552734,-0.0011211018829935249,,,
200,KMB,Kimberly-Clark,Consumer Staples,200,100.5,,172,101.47000122070312,-0.009559487622290641,,,
201,ITW,Illinois Tool Works,Industrials,201,265.30999755859375,,223,262.1099853515625,0.012208661958220013,,,
202,J,Jacobs Solutions,Industrials,202,118.69999694824219,,148,122.8499984741211,-0.03378104662128367,,,
203,TROW,T. Rowe Price,Financials,203,107.98999786376953,,229,108.12000274658203,-0.0012024128700515169,,,
204,ES,Eversource Energy,Utilities,204,70.12000274658203,,201,69.05000305175781,0.015496012274209159,,,
205,CNP,CenterPoint Energy,Utilities,205,43.119998931884766,,208,42.630001068115234,0.011494202474604753,,,
206,EXC,Exelon,Utilities,206,45.939998626708984,,183,45.560001373291016,0.008340589156363265,,,
207,JNJ,Johnson & Johnson,Health Care,207,231.2899932861328,,204,234.1999969482422,-0.012425293339147547,,,
208,CINF,Cincinnati Financial,Financials,208,172.4600067138672,,262,171.47000122070312,0.005773636706806862,,,
209,NTRS,Northern Trust,Financials,209,175.55999755859375,,224,174.9499969482422,0.003486714038251959,,,
210,HD,Home Depot (The),Consumer Discretionary,210,326.6199951171875,,136,327.4800109863281,-0.002626162942130028,,,
211,TRV,Travelers Companies (The),Financials,211,310.6099853515625,,275,306.07000732421875,0.014833135945053755,,,
212,D,Dominion Energy,Utilities,212,68.04000091552734,,232,68.0199966430664,0.00029409399365176725,,,
213,COR,Cencora,Health Care,213,271.2799987792969,,168,277.0899963378906,-0.020967908027646365,,,
214,BNY,BNY Mellon,Financials,214,146.44000244140625,,221,146.07000732421875,0.002532998552990051,,,
215,FE,FirstEnergy,Utilities,215,46.7599983215332,,174,46.13999938964844,0.013437341571007178,,,
216,PPL,PPL Corporation,Utilities,216,35.59000015258789,,191,35.33000183105469,0.007359136939094846,,,
217,HON,Honeywell,Industrials,217,228.11000061035156,,175,228.61000061035156,-0.002187130915817681,,,
218,F,Ford Motor Company,Consumer Discretionary,218,14.109999656677246,,216,13.960000038146973,0.0107449583180792,,,
219,TKO,TKO Group Holdings,Communication Services,219,197.25999450683594,,305,194.52999877929688,0.014033803242020193,,,
220,JBHT,J.B. Hunt,Industrials,220,273.4800109863281,,283,267.239990234375,0.023349876440575068,,,
221,LII,Lennox International,Industrials,221,536.0399780273438,,320,516.1099853515625,0.03861578586239789,,,
222,LNT,Alliant Energy,Utilities,222,73.20999908447266,,231,72.81999969482422,0.0053556631596107795,,,
223,KEY,KeyCorp,Financials,223,22.829999923706055,,192,22.600000381469727,0.01017697072363366,,,
224,IVZ,Invesco,Financials,224,28.780000686645508,,265,28.790000915527344,-0.00034735076637115725,,,
225,DUK,Duke Energy,Utilities,225,123.5199966430664,,234,123.7300033569336,-0.0016972982152224647,,,
226,PCG,PG&E Corporation,Utilities,226,16.6299991607666,,194,16.440000534057617,0.011557093706619836,,,
227,KVUE,Kenvue,Consumer Staples,227,17.860000610351562,,184,18.010000228881836,-0.008328684987450763,,,
228,HLT,Hilton Worldwide,Consumer Discretionary,228,342.92999267578125,,150,349.29998779296875,-0.01823645960435305,,,
229,TMO,Thermo Fisher Scientific,Health Care,229,464.010009765625,,176,461.69000244140625,0.005025032623514836,,,
230,AMCR,Amcor,Materials,230,40.68000030517578,,180,40.77000045776367,-0.002207509236629268,,,
231,SYY,Sysco,Consumer Staples,231,77.9800033569336,,135,79.0,-0.012911349912232972,,,
232,TTWO,Take-Two Interactive,Communication Services,232,239.57000732421875,,412,228.02999877929688,0.050607413966138326,,,
233,KIM,Kimco Realty,Real Estate,233,24.690000534057617,,129,24.489999771118164,0.008166629841104278,,,
234,DE,Deere & Company,Industrials,234,598.5900268554688,,257,588.469970703125,0.017197234618874235,,,
235,ODFL,Old Dominion,Industrials,235,219.52000427246094,,193,218.36000061035156,0.0053123450213727885,,,
236,AOS,A. O. Smith,Industrials,236,58.689998626708984,,295,57.880001068115234,0.013994428881238585,,,
237,FAST,Fastenal,Industrials,237,46.119998931884766,,318,44.880001068115234,0.02762918525531144,,,
238,OMC,Omnicom Group,Communication Services,238,72.55000305175781,,261,76.30999755859375,-0.04927263303800877,,,
239,MAR,Marriott International,Consumer Discretionary,239,384.19000244140625,,125,394.6099853515625,-0.026405776075009824,,,
240,PSA,Public Storage,Real Estate,240,320.2200012207031,,226,312.5799865722656,0.02444179082678155,,,
241,RF,Regions Financial Corporation,Financials,241,28.75,,206,28.649999618530273,0.0034904147574594813,,,
242,COHR,Coherent Corp.,Information Technology,242,425.4800109863281,,454,378.8500061035156,0.12308302529120585,,,
243,PWR,Quanta Services,Industrials,243,740.1400146484375,,368,714.8499755859375,0.03537810719203094,,,
244,RTX,RTX Corporation,Industrials,244,181.8300018310547,,132,192.5800018310547,-0.05582095699339895,,,
245,PGR,Progressive Corporation,Financials,245,207.3800048828125,,348,204.4199981689453,0.01448002514617408,,,
246,WYNN,Wynn Resorts,Consumer Discretionary,246,103.62000274658203,,181,102.30999755859375,0.012804273475209849,,,
247,FRT,Federal Realty Investment Trust,Real Estate,247,121.72000122070312,,217,120.4800033569336,0.010292146656868173,,,
248,XEL,Xcel Energy,Utilities,248,78.80999755859375,,242,77.45999908447266,0.01742833062325344,,,
249,KO,Coca-Cola Company (The),Consumer Staples,249,79.52999877929688,,274,79.93000030517578,-0.005004397902560798,,,
250,EXPD,Expeditors International,Industrials,250,163.14999389648438,,266,160.61000061035156,0.015814664569331338,,,
251,NI,NiSource,Utilities,251,47.630001068115234,,264,46.77000045776367,0.018387868332996993,,,
252,BX,Blackstone Inc.,Financials,252,123.26000213623047,,220,125.01000213623047,-0.013998879850373291,,,
253,EVRG,Evergy,Utilities,253,83.25,,230,82.8499984741211,0.004828020920288223,,,
254,SYF,Synchrony Financial,Financials,254,75.70999908447266,,267,74.11000061035156,0.02158950831121187,,,
255,MKC,McCormick & Company,Consumer Staples,255,45.72999954223633,,280,46.4900016784668,-0.01634764699486957,,,
256,EXR,Extra Space Storage,Real Estate,256,146.0800018310547,,251,143.9199981689453,0.015008363601935137,,,
257,FDX,FedEx,Industrials,257,328.7799987792969,,165,325.92999267578125,0.008744227802166993,,,
258,ETR,Entergy,Utilities,258,112.19999694824219,,247,110.86000061035156,0.0120872842369939,,,
259,PRU,Prudential Financial,Financials,259,108.26000213623047,,263,107.01000213623047,0.011681151061081918,,,
260,CMS,CMS Energy,Utilities,260,73.80000305175781,,222,73.30999755859375,0.006684020044775307,,,
261,IRM,Iron Mountain,Real Estate,261,131.86000061035156,,330,125.44000244140625,0.051179831345619764,,,
262,LYV,Live Nation Entertainment,Communication Services,262,170.55999755859375,,313,171.52000427246094,-0.005597053929302653,,,
263,EME,Emcor,Industrials,263,868.8800048828125,,421,827.5,0.05000604819675236,,,
264,TEL,TE Connectivity,Information Technology,264,212.69000244140625,,236,212.1999969482422,0.002309168238506576,,,
265,FTV,Fortive,Industrials,265,61.66999816894531,,293,60.68000030517578,0.016315060296482775,,,
266,RJF,Raymond James Financial,Financials,266,156.64999389648438,,285,158.77000427246094,-0.013352713478160916,,,
267,DGX,Quest Diagnostics,Health Care,267,193.5800018310547,,157,197.75999450683594,-0.021136694942802348,,,
268,AEE,Ameren,Utilities,268,109.69999694824219,,235,108.91999816894531,0.007161208156531762,,,
269,XYZ,"Block, Inc.",Financials,269,73.06999969482422,,253,72.83999633789062,0.0031576519563050187,,,
270,SHW,Sherwin-Williams,Materials,270,316.8999938964844,,233,313.79998779296875,0.009878923594990319,,,
271,LITE,Lumentum,Information Technology,271,893.9299926757812,,360,869.97998046875,0.027529383140663555,,,
272,WY,Weyerhaeuser,Real Estate,272,24.25,,177,24.329999923706055,-0.0032881185350150943,,,
273,OTIS,Otis Worldwide,Industrials,273,72.4800033569336,,276,72.72000122070312,-0.003300300601496775,,,
274,PNW,Pinnacle West Capital,Utilities,274,102.43000030517578,,219,102.37999725341797,0.0004884064573087432,,,
275,ABNB,Airbnb,Consumer Discretionary,275,139.19000244140625,,243,140.5399932861328,-0.009605741491520048,,,
276,PFE,Pfizer,Health Care,276,25.079999923706055,,195,25.920000076293945,-0.03240741319889662,,,
277,SCHW,Charles Schwab Corporation,Financials,277,92.02999877929688,,282,94.51000213623047,-0.026240644385541523,,,
278,CPT,Camden Property Trust,Real Estate,278,108.9800033569336,,241,109.3499984741211,-0.0033835859382757016,,,
279,LIN,Linde plc,Materials,279,516.7100219726562,,308,515.8499755859375,0.0016672413054625856,,,
280,BKR,Baker Hughes,Energy,280,59.150001525878906,,249,60.06999969482422,-0.015315434886286172,,,
281,GIS,General Mills,Consumer Staples,281,33.34000015258789,,278,33.36000061035156,-0.0005995340946566285,,,
282,ARE,Alexandria Real Estate Equities,Real Estate,282,50.72999954223633,,268,49.209999084472656,0.030888040764936342,,,
283,CTVA,Corteva,Materials,283,78.86000061035156,,399,77.37000274658203,0.019258082084472328,,,
284,TJX,TJX Companies,Consumer Discretionary,284,164.1699981689453,,139,164.1300048828125,0.00024366834182076857,,,
285,MDLZ,Mondelez International,Consumer Staples,285,59.5099983215332,,260,60.86000061035156,-0.022182094565880384,,,
286,DD,DuPont,Materials,286,48.189998626708984,,355,47.95000076293945,0.0050051691334909165,,,
287,MCK,McKesson Corporation,Health Care,287,744.8499755859375,,271,779.7999877929688,-0.044819200761914146,,,
288,DDOG,Datadog,Information Technology,288,221.3699951171875,,321,226.6300048828125,-0.023209679443570996,,,
289,AMP,Ameriprise Financial,Financials,289,471.4100036621094,,351,471.9700012207031,-0.0011865109162561005,,,
290,CHD,Church & Dwight,Consumer Staples,290,93.73999786376953,,250,97.41000366210938,-0.03767586141429746,,,
291,GD,General Dynamics,Industrials,291,343.3599853515625,,215,362.8299865722656,-0.05366149971406853,,,
292,ELV,Elevance Health,Health Care,292,394.82000732421875,,290,391.2699890136719,0.00907306568412225,,,
293,NWSA,News Corp (Class A),Communication Services,293,24.610000610351562,,310,25.979999542236328,-0.052732831255732915,,,
294,XYL,Xylem Inc.,Industrials,294,111.7699966430664,,335,110.29000091552734,0.013419128799106783,,,
295,MOS,Mosaic Company (The),Materials,295,22.0,,187,22.510000228881836,-0.022656607005604235,,,
296,IQV,IQVIA,Health Care,296,167.80999755859375,,291,170.6699981689453,-0.016757488961360756,,,
297,CL,Colgate-Palmolive,Consumer Staples,297,88.66999816894531,,248,90.58000183105469,-0.02108637252703771,,,
298,BALL,Ball Corporation,Materials,298,58.20000076293945,,269,57.720001220703125,0.008316000209372065,,,
299,EA,Electronic Arts,Communication Services,299,202.97000122070312,,326,203.02000427246094,-0.000246296181191652,,,
300,CEG,Constellation Energy,Utilities,300,275.5299987792969,,190,267.1700134277344,0.03129088195305174,,,
301,CRWD,CrowdStrike,Information Technology,301,675.4400024414062,,160,682.9600219726562,-0.01101092200027931,,,
302,BRK-B,Berkshire Hathaway,Financials,302,488.69000244140625,,315,491.2799987792969,-0.005271935239224201,,,
303,ADM,Archer Daniels Midland,Consumer Staples,303,76.29000091552734,,380,76.5,-0.0027450860715380054,,,
304,PAYX,Paychex,Industrials,304,95.93000030517578,,277,97.58000183105469,-0.016909218025386363,,,
305,LH,Labcorp,Health Care,305,254.42999267578125,,245,259.55999755859375,-0.019764235363942895,,,
306,CI,Cigna,Health Care,306,282.0799865722656,,304,285.0899963378906,-0.010558103771756033,,,
307,AJG,Arthur J. Gallagher & Co.,Financials,307,209.0800018310547,,254,216.08999633789062,-0.03244016208818257,,,
308,ARES,Ares Management,Financials,308,125.9000015258789,,301,128.35000610351562,-0.01908846483155413,,,
309,ALL,Allstate,Financials,309,222.55999755859375,,354,221.66000366210938,0.0040602448868325425,,,
310,GRMN,Garmin,Consumer Discretionary,310,236.33999633789062,,298,231.88999938964844,0.01919012014297694,,,
311,AIZ,Assurant,Financials,311,261.5799865722656,,328,262.1300048828125,-0.0020982653656637096,,,
312,NEE,NextEra Energy,Utilities,312,86.08000183105469,,336,85.7300033569336,0.004082566900923679,,,
313,MCO,Moody's Corporation,Financials,313,447.3299865722656,,270,456.2200012207031,-0.019486244848210488,,,
314,PEP,PepsiCo,Consumer Staples,314,140.7100067138672,,319,141.58999633789062,-0.006215055065920239,,,
315,AFL,Aflac,Financials,315,116.55000305175781,,349,116.23999786376953,0.0026669407577897264,,,
316,APO,Apollo Global Management,Financials,316,135.2100067138672,,300,138.91000366210938,-0.02663592866387232,,,
317,CPAY,Corpay,Financials,317,347.1700134277344,,312,353.3299865722656,-0.017434051392836936,,,
318,DIS,Walt Disney Company (The),Communication Services,318,102.44999694824219,,371,100.86000061035156,0.01576438953270687,,,
319,MAA,Mid-America Apartment Communities,Real Estate,319,132.1300048828125,,252,133.11000061035156,-0.007362299774964054,,,
320,LEN,Lennar,Consumer Discretionary,320,87.44000244140625,,211,86.4800033569336,0.011100821544957729,,,
321,GILD,Gilead Sciences,Health Care,321,124.87000274658203,,303,125.44999694824219,-0.004623309810836029,,,
322,L,Loews Corporation,Financials,322,108.12999725341797,,323,107.68000030517578,0.004179020681341461,,,
323,REGN,Regeneron Pharmaceuticals,Health Care,323,612.5,,314,607.9299926757812,0.007517324986885399,,,
324,ALLE,Allegion,Industrials,324,130.92999267578125,,311,130.17999267578125,0.005761253972935032,,,
325,NWS,News Corp (Class B),Communication Services,325,27.920000076293945,,346,29.600000381469727,-0.056756766335297026,,,
326,IFF,International Flavors & Fragrances,Materials,326,75.94999694824219,,288,76.05000305175781,-0.0013150045956942247,,,
327,CHRW,C.H. Robinson,Industrials,327,187.07000732421875,,202,185.1999969482422,0.0100972484167976,,,
328,KKR,KKR & Co.,Financials,328,96.9000015258789,,342,97.16999816894531,-0.002778600886633509,,,
329,BRO,Brown & Brown,Financials,329,58.2400016784668,,350,59.040000915527344,-0.013550122368818363,,,
330,YUM,Yum! Brands,Consumer Discretionary,330,150.74000549316406,,294,154.07000732421875,-0.021613563138522918,,,
331,ZTS,Zoetis,Health Care,331,75.88999938964844,,258,77.26000213623047,-0.017732367443717423,,,
332,SLB,Schlumberger,Energy,332,47.95000076293945,,279,50.33000183105469,-0.0472879193627751,,,
333,PLD,Prologis,Real Estate,333,143.8300018310547,,353,140.94000244140625,0.02050517482323677,,,
334,V,Visa Inc.,Financials,334,326.6000061035156,,356,330.3800048828125,-0.011441366679069032,,,
335,CSX,CSX Corporation,Industrials,335,46.20000076293945,,363,45.56999969482422,0.01382490832421035,,,
336,ATO,Atmos Energy,Utilities,336,169.58999633789062,,331,169.63999938964844,-0.0002947597968504523,,,
337,HCA,HCA Healthcare,Health Care,337,376.989990234375,,383,388.1600036621094,-0.02877682739682219,,,
338,REG,Regency Centers,Real Estate,338,77.36000061035156,,309,77.37000274658203,-0.00012927666893369771,,,
339,TXT,Textron,Industrials,339,86.94000244140625,,289,92.69000244140625,-0.06203473782013169,,,
340,ESS,Essex Property Trust,Real Estate,340,276.2799987792969,,339,274.3999938964844,0.006851329900253944,,,
341,WBD,Warner Bros. Discovery,Communication Services,341,26.950000762939453,,388,26.239999771118164,0.027057964863352435,,,
342,CLX,Clorox,Consumer Staples,342,90.5999984741211,,228,94.97000122070312,-0.046014559233567565,,,
343,APD,Air Products,Materials,343,283.1099853515625,,381,281.75,0.004826922277062939,,,
344,UDR,"UDR, Inc.",Real Estate,344,37.7400016784668,,332,37.650001525878906,0.0023904422029312755,,,
345,DOC,Healthpeak Properties,Real Estate,345,19.979999542236328,,375,19.399999618530273,0.029896903871691638,,,
346,AVY,Avery Dennison,Materials,346,157.47999572753906,,284,159.5500030517578,-0.01297403500235117,,,
347,MSCI,MSCI Inc.,Financials,347,580.8499755859375,,316,596.8900146484375,-0.026872687880274637,,,
348,CASY,Casey's,Consumer Staples,348,831.6699829101562,,281,850.8499755859375,-0.022542155757333093,,,
349,INVH,Invitation Homes,Real Estate,349,28.440000534057617,,337,28.489999771118164,-0.0017549749898991829,,,
350,BMY,Bristol Myers Squibb,Health Care,350,54.70000076293945,,327,55.279998779296875,-0.010492004869121607,,,
351,WTW,Willis Towers Watson,Financials,351,252.97000122070312,,329,260.0299987792969,-0.027150704117742896,,,
352,SOLV,Solventum,Health Care,352,73.55999755859375,,322,74.55999755859375,-0.013412017606547533,,,
353,MO,Altria,Consumer Staples,353,69.51000213623047,,391,68.94999694824219,0.008121903013406317,,,
354,BLK,BlackRock,Financials,354,1051.739990234375,,393,1057.3800048828125,-0.005333952431853084,,,
355,EQR,Equity Residential,Real Estate,355,64.7300033569336,,347,64.62999725341797,0.001547363573659144,,,
356,CTAS,Cintas,Industrials,356,169.4499969482422,,379,169.63999938964844,-0.0011200332591951856,,,
357,PNR,Pentair,Industrials,357,74.02999877929688,,358,73.38999938964844,0.008720525888690878,,,
358,LVS,Las Vegas Sands,Consumer Discretionary,358,47.79999923706055,,396,48.130001068115234,-0.006856468392503423,,,
359,CBRE,CBRE Group,Real Estate,359,129.9499969482422,,357,130.7899932861328,-0.006422481695927185,,,
360,WELL,Welltower,Real Estate,360,211.4499969482422,,374,206.5500030517578,0.02372303957437616,,,
361,PSKY,Paramount Skydance Corporation,Communication Services,361,9.890000343322754,,333,9.979999542236328,-0.009017956216599843,,,
362,CB,Chubb Limited,Financials,362,325.20001220703125,,364,327.9599914550781,-0.008415597389796026,,,
363,O,Realty Income,Real Estate,363,60.58000183105469,,372,60.56999969482422,0.00016513350306857077,,,
364,BA,Boeing,Industrials,364,220.8300018310547,,306,225.6300048828125,-0.02127377985144674,,,
365,PM,Philip Morris International,Consumer Staples,365,173.1699981689453,,352,179.44000244140625,-0.034942065242717146,,,
366,LOW,Lowe's,Consumer Discretionary,366,214.39999389648438,,345,217.27000427246094,-0.013209418325308753,,,
367,AON,Aon plc,Financials,367,313.6300048828125,,324,326.69000244140625,-0.0399767285836552,,,
368,AAPL,Apple Inc.,Information Technology,368,297.010009765625,,359,295.95001220703125,0.0035816776985033716,6,212.0,
369,HAL,Halliburton,Energy,369,35.16999816894531,,340,36.22999954223633,-0.029257559665582744,,,
370,AIG,American International Group,Financials,370,76.37000274658203,,422,74.7699966430664,0.02139903939214638,,,
371,BG,Bunge Global,Consumer Staples,371,111.41999816894531,,387,116.13999938964844,-0.04064061688916987,,,
372,TRGP,Targa Resources,Energy,372,264.510009765625,,413,260.739990234375,0.01445892334298704,,,
373,CAG,Conagra Brands,Consumer Staples,373,12.850000381469727,,343,13.15999984741211,-0.023556190694283607,,,
374,STZ,Constellation Brands,Consumer Staples,374,141.50999450683594,,370,138.9600067138672,0.018350515758245756,,,
375,WM,Waste Management,Industrials,375,213.30999755859375,,376,215.85000610351562,-0.011767470340972586,,,
376,ERIE,Erie Indemnity,Financials,376,211.64999389648438,,341,221.63999938964844,-0.04507311640802436,,,
377,ADP,Automatic Data Processing,Industrials,377,214.60000610351562,,385,218.75999450683594,-0.019016221008317458,,,
378,KHC,Kraft Heinz,Consumer Staples,378,22.030000686645508,,297,23.200000762939453,-0.050431036112849936,,,
379,WRB,W. R. Berkley Corporation,Financials,379,67.13999938964844,,365,68.08999633789062,-0.013952078122135725,,,
380,AVB,AvalonBay Communities,Real Estate,380,179.88999938964844,,394,179.6300048828125,0.001447389076260075,,,
381,VLTO,Veralto,Industrials,381,82.94999694824219,,419,82.7699966430664,0.002174704753849399,,,
382,EG,Everest Group,Financials,382,339.29998779296875,,408,337.5199890136719,0.0052737581098485364,,,
383,SPGI,S&P Global,Financials,383,407.3900146484375,,338,418.0199890136719,-0.025429344635686135,,,
384,WMB,Williams Companies,Energy,384,74.94999694824219,,453,71.25,0.05192978172971485,,,
385,TAP,Molson Coors Beverage Company,Consumer Staples,385,39.63999938964844,,384,39.04999923706055,0.015108839029833954,,,
386,MA,Mastercard,Financials,386,484.0899963378906,,378,492.989990234375,-0.018053092502452572,,,
387,MCD,McDonald's,Consumer Discretionary,387,270.1000061035156,,317,283.82000732421875,-0.04834050055192274,,,
388,HSY,Hershey Company (The),Consumer Staples,388,170.88999938964844,,373,175.30999755859375,-0.02521247065483545,,,
389,PYPL,PayPal,Financials,389,42.34000015258789,,402,42.08000183105469,0.006178667067959331,,,
390,VTRS,Viatris,Health Care,390,15.380000114440918,,362,15.729999542236328,-0.022250441066805737,,,
391,NSC,Norfolk Southern,Industrials,391,304.1700134277344,,431,300.5299987792969,0.01211198437168548,,,
392,MPC,Marathon Petroleum,Energy,392,247.2899932861328,,414,244.61000061035156,0.010956186047561989,,,
393,VLO,Valero Energy,Energy,393,243.77999877929688,,433,239.77000427246094,0.016724337637660458,,,
394,UNP,Union Pacific Corporation,Industrials,394,259.9100036621094,,427,258.04998779296875,0.007207967282032657,,,
395,NEM,Newmont,Materials,395,101.80000305175781,,389,105.66999816894531,-0.036623404790829484,,,
396,MRSH,Marsh McLennan,Financials,396,160.1199951171875,,377,164.22000122070312,-0.024966545323583555,,,
397,EOG,EOG Resources,Energy,397,132.8300018310547,,418,133.25,-0.0031519562397396284,,,
398,HAS,Hasbro,Consumer Discretionary,398,84.38999938964844,,475,83.47000122070312,0.011021901946697499,,,
399,NKE,"Nike, Inc.",Consumer Discretionary,399,43.189998626708984,,296,44.189998626708984,-0.022629554901040128,,,
400,VZ,Verizon,Communication Services,400,45.36000061035156,,361,45.84000015258789,-0.010471194167507636,,,
401,FDS,FactSet,Financials,401,218.6199951171875,,302,228.3000030517578,-0.04240038460435658,,,
402,KMI,Kinder Morgan,Energy,402,32.25,,443,31.329999923706055,0.029364828552004507,,,
403,UBER,Uber,Industrials,403,71.43000030517578,,404,70.91000366210938,0.00733319159796153,,,
404,NDAQ,"Nasdaq, Inc.",Financials,404,82.61000061035156,,441,83.29000091552734,-0.008164248981884836,,,
405,BSX,Boston Scientific,Health Care,405,44.33000183105469,,369,44.95000076293945,-0.013793079451868362,,,
406,RSG,Republic Services,Industrials,406,204.36000061035156,,400,207.42999267578125,-0.014800135823309635,,,
407,PSX,Phillips 66,Energy,407,168.41000366210938,,425,167.1699981689453,0.007417631792463686,,,
408,TMUS,T-Mobile US,Communication Services,408,180.05999755859375,,409,181.30999755859375,-0.006894269576039447,,,
409,VEEV,Veeva Systems,Health Care,409,153.16000366210938,,398,154.85000610351562,-0.01091380287241639,,,
410,ACGL,Arch Capital Group,Financials,410,92.04000091552734,,407,92.37000274658203,-0.0035726082195759457,,,
411,CVNA,Carvana,Consumer Discretionary,411,66.66999816894531,,472,62.86000061035156,0.06061084189627475,,,
412,AMT,American Tower,Real Estate,412,176.42999267578125,,299,181.08999633789062,-0.025733081651923007,,,
413,SMCI,Supermicro,Information Technology,413,35.459999084472656,,489,27.780000686645508,0.2764578188624416,,,
414,LMT,Lockheed Martin,Industrials,414,493.6000061035156,,344,532.3200073242188,-0.07273820387727792,,,
415,TSCO,Tractor Supply,Consumer Discretionary,415,29.809999465942383,,411,29.75,0.0020167887711726173,,,
416,TSLA,"Tesla, Inc.",Consumer Discretionary,416,405.04998779296875,,406,396.3800048828125,0.021872906815063597,,,
417,HIG,Hartford (The),Financials,417,129.5,,415,129.63999938964844,-0.0010799089039460474,,,
418,AXON,Axon Enterprise,Industrials,418,410.0299987792969,,382,423.010009765625,-0.030684879049363123,,,
419,ORLY,O’Reilly Automotive,Consumer Discretionary,419,85.62999725341797,,395,88.4000015258789,-0.03133488941909157,,,
420,ULTA,Ulta Beauty,Consumer Discretionary,420,465.05999755859375,,423,450.75,0.03174708277003613,,,
421,EFX,Equifax,Industrials,421,153.49000549316406,,405,154.83999633789062,-0.008718618423243951,,,
422,DPZ,Domino's,Consumer Discretionary,422,295.1099853515625,,307,314.3599853515625,-0.06123552900179674,,,
423,FOXA,Fox Corporation (Class A),Communication Services,423,49.38999938964844,,457,51.31999969482422,-0.03760717686384607,,,
424,SNPS,Synopsys,Information Technology,424,464.5799865722656,,432,461.739990234375,0.006150639749546105,,,
425,OKE,Oneok,Energy,425,86.29000091552734,,458,85.58000183105469,0.008296320043019945,,,
426,LHX,L3Harris,Industrials,426,285.8299865722656,,325,313.1700134277344,-0.08730090903731302,,,
427,VTR,Ventas,Real Estate,427,83.04000091552734,,438,82.1500015258789,0.010833832904654006,,,
428,WMT,Walmart,Consumer Staples,428,117.18000030517578,,429,118.12999725341797,-0.008041961993821234,,,
429,LDOS,Leidos,Industrials,429,104.83999633789062,,455,108.66999816894531,-0.03524433510250291,,,
430,AZO,AutoZone,Consumer Discretionary,430,2949.06005859375,,434,3059.6298828125,-0.03613830053101419,,,
431,VICI,Vici Properties,Real Estate,431,26.09000015258789,,401,27.229999542236328,-0.04186556771255867,,,
432,APP,AppLovin,Information Technology,432,469.3900146484375,,435,479.489990234375,-0.021063996729109302,,,
433,NOC,Northrop Grumman,Industrials,433,507.3299865722656,,334,550.1500244140625,-0.07783338351643698,,,
434,CPRT,Copart,Industrials,434,29.479999542236328,,460,29.520000457763672,-0.0013550445429219016,,,
435,SBUX,Starbucks,Consumer Discretionary,435,100.1500015258789,,424,99.81999969482422,0.0033059690649528406,,,
436,JKHY,Jack Henry & Associates,Financials,436,123.41999816894531,,448,124.22000122070312,-0.006440211269491458,,,
437,ALB,Albemarle Corporation,Materials,437,156.69000244140625,,403,166.55999755859375,-0.05925789662500058,,,
438,META,Meta Platforms,Communication Services,438,563.8499755859375,,436,567.5800170898438,-0.0065718337354991885,,,
439,CMG,Chipotle Mexican Grill,Consumer Discretionary,439,30.540000915527344,,417,31.860000610351562,-0.04143125139788417,,,
440,GPN,Global Payments,Financials,440,65.08999633789062,,367,66.36000061035156,-0.01913809916787179,,,
441,TRMB,Trimble Inc.,Information Technology,441,49.22999954223633,,449,48.869998931884766,0.00736649515489729,,,
442,FDXF,FedEx Freight,Industrials,442,160.94000244140625,,482,161.89999389648438,-0.005929533608827198,,,
443,COST,Costco,Consumer Staples,443,951.3499755859375,,426,965.5900268554688,-0.014747512788533368,,,
444,GEN,Gen Digital,Information Technology,444,23.010000228881836,,397,23.93000030517578,-0.038445468640255775,,,
445,CTSH,Cognizant,Information Technology,445,41.83000183105469,,386,48.81999969482422,-0.1431789821274947,,,
446,CIEN,Ciena,Information Technology,446,460.3299865722656,,484,436.7200012207031,0.05406206559252791,,,
447,CCI,Crown Castle,Real Estate,447,83.12000274658203,,390,85.7699966430664,-0.03089651393496473,,,
448,KR,Kroger,Consumer Staples,448,55.7599983215332,,392,61.81999969482422,-0.09802655132976945,,,
449,CHTR,Charter Communications,Communication Services,449,125.54000091552734,,428,132.0,-0.04893938700358069,,,
450,FANG,Diamondback Energy,Energy,450,187.8000030517578,,462,185.47999572753906,0.012508126901332961,,,
451,CMCSA,Comcast,Communication Services,451,22.31999969482422,,452,22.690000534057617,-0.01630677966172933,,,
452,BR,Broadridge Financial Solutions,Industrials,452,136.22000122070312,,446,139.6300048828125,-0.024421711257342493,,,
453,CVX,Chevron Corporation,Energy,453,175.05999755859375,,463,177.5800018310547,-0.01419081116385168,,,
454,COP,ConocoPhillips,Energy,454,109.69999694824219,,467,111.20999908447266,-0.01357793497582449,,,
455,T,AT&T,Communication Services,455,22.100000381469727,,430,22.440000534057617,-0.015151521590735517,,,
456,EQT,EQT Corporation,Energy,456,51.84000015258789,,465,51.130001068115234,0.013886154305508436,,,
457,EXE,Expand Energy,Energy,457,88.44000244140625,,469,87.45999908447266,0.011205160841438744,,,
458,FISV,Fiserv,Financials,458,47.18000030517578,,439,48.77000045776367,-0.03260201225474413,,,
459,UHS,Universal Health Services,Health Care,459,142.63999938964844,,480,141.25999450683594,0.0097692548242716,,,
460,SBAC,SBA Communications,Real Estate,460,187.58999633789062,,420,191.57000732421875,-0.020775752122785263,,,
461,DVN,Devon Energy,Energy,461,43.04999923706055,,483,42.58000183105469,0.011037984635855036,,,
462,GOOG,Alphabet Inc. (Class C),Communication Services,462,348.7799987792969,,445,362.1000061035156,-0.036785437999719006,,,
463,GOOGL,Alphabet Inc. (Class A),Communication Services,463,349.67999267578125,,450,363.7900085449219,-0.03878615557798715,,,
464,TPL,Texas Pacific Land Corporation,Energy,464,361.1099853515625,,451,354.4800109863281,0.01870338004895311,,,
465,TYL,Tyler Technologies,Information Technology,465,275.2699890136719,,442,287.7099914550781,-0.04323799246071225,,,
466,XOM,ExxonMobil,Energy,466,138.47000122070312,,476,140.74000549316406,-0.01612906198565689,,,
467,FICO,Fair Isaac,Information Technology,467,1090.8499755859375,,416,1126.8399658203125,-0.03193886561183079,,,
468,FOX,Fox Corporation (Class B),Communication Services,468,44.93000030517578,,459,46.72999954223633,-0.03851913662942885,,,
469,ICE,Intercontinental Exchange,Financials,469,131.33999633789062,,478,134.58999633789062,-0.024147411311616462,,,
470,TSN,Tyson Foods,Consumer Staples,470,55.5099983215332,,466,56.20000076293945,-0.012277623345892663,,,
471,AMZN,Amazon,Consumer Discretionary,471,232.7899932861328,,464,237.5,-0.019831607216282854,,,
472,CME,CME Group,Financials,472,245.1999969482422,,485,252.5399932861328,-0.02906468889295588,,,
473,MSFT,Microsoft,Information Technology,473,367.3399963378906,,461,378.9100036621094,-0.030534974564926598,,,
474,FIS,Fidelity National Information Services,Financials,474,37.720001220703125,,471,38.58000183105469,-0.022291357427031366,,,
475,CRM,Salesforce,Information Technology,475,150.1199951171875,,495,155.02000427246094,-0.031608882855281406,,,
476,APA,APA Corporation,Energy,476,34.20000076293945,,492,33.93000030517578,0.007957573101538884,,,
477,HII,Huntington Ingalls Industries,Industrials,477,278.19000244140625,,468,296.8900146484375,-0.06298632922759251,,,
478,CSGP,CoStar Group,Real Estate,478,29.219999313354492,,447,30.459999084472656,-0.04070912043297692,,,
479,EBAY,eBay Inc.,Consumer Discretionary,479,104.94000244140625,,444,107.88999938964844,-0.027342635693120898,,,
480,PLTR,Palantir Technologies,Information Technology,480,119.5,,410,130.6300048828125,-0.08520251448200722,,,
481,NFLX,Netflix,Communication Services,481,72.87999725341797,,481,76.95999908447266,-0.05301457743751281,,,
482,OXY,Occidental Petroleum,Energy,482,52.0,,479,53.040000915527344,-0.019607860059875803,,,
483,LULU,Lululemon Athletica,Consumer Discretionary,483,105.43000030517578,,440,111.76000213623047,-0.056639242216000474,,,
484,DOW,Dow Inc.,Materials,484,30.790000915527344,,488,32.5,-0.052615356445312456,,,
485,ORCL,Oracle Corporation,Information Technology,485,175.07000732421875,,437,183.52999877929688,-0.04609595985042014,,,
486,ROL,"Rollins, Inc.",Industrials,486,44.40999984741211,,494,45.130001068115234,-0.015953937595002854,,,
487,WDAY,"Workday, Inc.",Information Technology,487,113.04000091552734,,473,121.83000183105469,-0.07214972324893087,,,
488,CF,CF Industries,Materials,488,103.5999984741211,,491,105.8499984741211,-0.02125649534657381,,,
489,PTC,PTC Inc.,Information Technology,489,115.0,,477,116.94000244140625,-0.01658972465284758,,,
490,GDDY,GoDaddy,Information Technology,490,74.98999786376953,,499,76.11000061035156,-0.01471557926159972,,,
491,VRSN,Verisign,Information Technology,491,247.69000244140625,,486,264.9200134277344,-0.06503854036315826,,,
492,ADSK,Autodesk,Information Technology,492,187.72000122070312,,490,193.07000732421875,-0.02771018749966414,,,
493,NOW,ServiceNow,Information Technology,493,93.01000213623047,,487,95.4800033569336,-0.02586930387370745,,,
494,LYB,LyondellBasell,Materials,494,58.52000045776367,,493,61.810001373291016,-0.05322764669843549,,,
495,ADBE,Adobe Inc.,Information Technology,495,194.89999389648438,,496,196.27999877929688,-0.00703079728650402,,,
496,IT,Gartner,Information Technology,496,125.7300033569336,,498,133.5800018310547,-0.05876627014910041,,,
497,TTD,Trade Desk (The),Communication Services,497,18.020000457763672,,500,18.15999984741211,-0.007709217556430059,,,
498,COIN,Coinbase,Financials,498,164.83999633789062,,497,164.9199981689453,-0.00048509478500435854,,,
499,CBOE,Cboe Global Markets,Financials,499,255.97999572753906,,502,254.69000244140625,0.00506495454775302,,,
500,AKAM,Akamai Technologies,Information Technology,500,120.73999786376953,,501,127.86000061035156,-0.05568592767553604,,,
501,ACN,Accenture,Information Technology,501,124.83000183105469,,474,156.00999450683594,-0.19985894348848932,,,
502,SATS,ECHOSTAR CORP CLASS A,Communication,502,106.4000015258789,,470,111.69999694824219,-0.047448483143818776,,,
503,INTU,Intuit,Information Technology,503,257.7699890136719,,503,269.0799865722656,-0.04203210243418187,,,
