ticker,name,index,sector,industry,market_cap,price,pe,revenue_growth_yoy,earnings_growth_yoy,ai_exposure,supply_chain_score,macro_beta,momentum_1m,volume_signal,atr_percent,risk_flags,total_score,leopold_score,seri_score,daoshi_score,cat_score,social_score,signal_count,risk_count,catalyst_count,thesis,caution
AMAT,Applied Materials,NASDAQ+NASDAQ200+NASDAQ500+SPX,Information Technology,Semiconductor Materials & Equipment,0.0,613.804993,0.0,0.0,0.0,0.0,0.0,1.0,24.714016861486442,0.03321438128210219,8.935945940919197,,55.13,47.0,44.0,65,71.92,50,0,0,0,constructive momentum,No major Prism warning from provided data
BBIO,"BridgeBio Pharma, Inc. - Common Stock",NASDAQ+NASDAQ200+NASDAQ500,,,0.0,90.940002,0.0,0.0,0.0,0.0,0.0,1.0,34.98589572572828,0.010528254925676883,3.8026649388335962,,52.66,35.0,30.0,65,92.07,50,0,0,0,constructive momentum,No major Prism warning from provided data
ASND,Ascendis Pharma A/S - Ordinary Share,NASDAQ+NASDAQ200+NASDAQ500,,,0.0,281.170013,0.0,0.0,0.0,0.0,0.0,1.0,36.616304228330044,-0.3345519364829521,3.7677005559113943,,52.5,35.0,30.0,65,91.26,50,0,0,0,constructive momentum,No major Prism warning from provided data
GH,"Guardant Health, Inc. - Common Stock",NASDAQ+NASDAQ200+NASDAQ500,,,0.0,167.470001,0.0,0.0,0.0,0.0,0.0,1.0,34.09400459679721,-0.07071081370943166,5.32283036854378,,52.32,35.0,30.0,65,90.35,50,0,0,0,constructive momentum,No major Prism warning from provided data
AVGO,Broadcom,NASDAQ+NASDAQ200+NASDAQ500+SPX,Information Technology,Semiconductors,0.0,392.570007,0.0,0.0,0.0,0.0,0.0,1.0,-1.0161368983943042,-0.12726308144021103,4.142481922066085,,51.9,47.0,44.0,65,47.76,66.0,1,1,1,positive market/social signals,1 extracted risk note(s)
TXN,Texas Instruments,NASDAQ+NASDAQ200+NASDAQ500+SPX,Information Technology,Semiconductors,0.0,309.399994,0.0,0.0,0.0,0.0,0.0,1.0,6.359573867849577,-0.2790128741900092,5.433096351551413,,51.83,47.0,44.0,65,55.4,50,0,0,0,mixed but monitorable setup,No major Prism warning from provided data
AMD,Advanced Micro Devices,NASDAQ+NASDAQ200+NASDAQ500+SPX,Information Technology,Semiconductors,0.0,555.890015,0.0,0.0,0.0,0.0,0.0,1.0,13.370593220520277,-0.334321441005475,6.94137851557355,,51.82,47.0,44.0,65,55.37,50,0,0,0,mixed but monitorable setup,No major Prism warning from provided data
LRCX,Lam Research,NASDAQ+NASDAQ200+NASDAQ500+SPX,Information Technology,Semiconductor Materials & Equipment,0.0,355.505005,0.0,0.0,0.0,0.0,0.0,1.0,9.571580166870186,0.084536376441954,8.89881027935779,,51.58,47.0,44.0,65,54.16,50,0,0,0,mixed but monitorable setup,No major Prism warning from provided data
NTRA,"Natera, Inc. - Common Stock",NASDAQ+NASDAQ200+NASDAQ500,,,0.0,279.355011,0.0,0.0,0.0,0.0,0.0,1.0,30.863826154195785,-0.22804011268497426,4.737928383587455,,51.29,35.0,30.0,65,85.21,50,0,0,0,constructive momentum,No major Prism warning from provided data
KLAC,KLA Corporation,NASDAQ+NASDAQ200+NASDAQ500+SPX,Information Technology,Semiconductor Materials & Equipment,0.0,237.580002,0.0,0.0,0.0,0.0,0.0,1.0,12.700777966471533,0.14856110803769185,9.75490918152759,,50.84,47.0,44.0,65,50.43,50,0,0,0,mixed but monitorable setup,No major Prism warning from provided data
ZBRA,Zebra Technologies,NASDAQ+NASDAQ200+NASDAQ500+SPX,Information Technology,Electronic Equipment & Instruments,0.0,270.0,0.0,0.0,0.0,0.0,0.0,1.0,15.85994168820628,-0.5069423620540362,3.783332328042324,,50.75,35.0,44.0,65,64.98,50,0,0,0,mixed but monitorable setup,No major Prism warning from provided data
RVMD,"Revolution Medicines, Inc. - Common Stock",NASDAQ+NASDAQ200+NASDAQ500,,,0.0,192.875,0.0,0.0,0.0,0.0,0.0,1.0,29.890897370499793,-0.42768880442889445,3.784575798537171,,50.74,35.0,30.0,65,82.45,50,0,0,0,constructive momentum,No major Prism warning from provided data
AFRM,"Affirm Holdings, Inc. - Class A Common Stock",NASDAQ+NASDAQ200+NASDAQ500,,,0.0,84.309998,0.0,0.0,0.0,0.0,0.0,1.0,28.79621033908051,-0.3340885116428932,4.641882957429829,,50.63,35.0,30.0,65,81.88,50,0,0,0,constructive momentum,No major Prism warning from provided data
MU,Micron Technology,NASDAQ+NASDAQ200+NASDAQ500+SPX,Information Technology,Semiconductors,0.0,1011.984985,0.0,0.0,0.0,0.0,0.0,1.0,6.605527777304587,-0.18362695351419123,10.142939860769909,,50.44,47.0,44.0,65,40.46,66.0,1,1,1,positive market/social signals,1 extracted risk note(s); weak or volatile technical setup
ROIV,Roivant Sciences Ltd. - Common Shares,NASDAQ+NASDAQ200+NASDAQ500,,,0.0,36.264999,0.0,0.0,0.0,0.0,0.0,1.0,27.2902737802738,-0.26952881224347336,3.3483684522210684,,50.37,35.0,30.0,65,80.59,50,0,0,0,constructive momentum,No major Prism warning from provided data
ALNY,"Alnylam Pharmaceuticals, Inc. - Common Stock",NASDAQ+NASDAQ200+NASDAQ500,,,0.0,363.549988,0.0,0.0,0.0,0.0,0.0,1.0,24.435235152858215,0.054383718055821983,3.6821431162151086,,50.2,35.0,30.0,65,79.76,50,0,0,0,constructive momentum,No major Prism warning from provided data
DASH,DoorDash,NASDAQ+NASDAQ200+NASDAQ500+SPX,Consumer Discretionary,Specialized Consumer Services,0.0,192.255005,0.0,0.0,0.0,0.0,0.0,1.0,26.077118956091596,-0.20185624379127776,4.4134081933820895,,50.19,35.0,30.0,65,79.68,50,0,0,0,constructive momentum,No major Prism warning from provided data
ILMN,"Illumina, Inc. - Common Stock",NASDAQ+NASDAQ200+NASDAQ500,,,0.0,194.0,0.0,0.0,0.0,0.0,0.0,1.0,22.75373866917343,0.14540694333966653,3.6929303755522827,,49.94,35.0,30.0,65,78.47,50,0,0,0,constructive momentum,No major Prism warning from provided data
OKTA,"Okta, Inc. - Class A Common Stock",NASDAQ+NASDAQ200+NASDAQ500,,,0.0,146.940002,0.0,0.0,0.0,0.0,0.0,1.0,25.750966636730265,-0.33378811506681116,4.777118924264845,,49.9,35.0,30.0,65,78.23,50,0,0,0,constructive momentum,No major Prism warning from provided data
PANW,Palo Alto Networks,NASDAQ+NASDAQ200+NASDAQ500+SPX,Information Technology,Systems Software,0.0,329.934998,0.0,0.0,0.0,0.0,0.0,1.0,23.882031353833245,-0.08862716986944053,5.003800281030765,,49.84,35.0,30.0,65,77.95,50,0,0,0,constructive momentum,No major Prism warning from provided data
NXPI,NXP Semiconductors,NASDAQ+NASDAQ200+NASDAQ500+SPX,Information Technology,Semiconductors,0.0,292.725006,0.0,0.0,0.0,0.0,0.0,1.0,-2.7943842003195773,-0.16246447840940936,5.223212366860693,,49.82,47.0,44.0,65,45.35,50,0,0,0,mixed but monitorable setup,No major Prism warning from provided data
ADI,Analog Devices,NASDAQ+NASDAQ200+NASDAQ500+SPX,Information Technology,Semiconductors,0.0,393.070007,0.0,0.0,0.0,0.0,0.0,1.0,-2.678949119353702,-0.2055852177967329,4.8144812316564565,,49.78,47.0,44.0,65,45.14,50,0,0,0,mixed but monitorable setup,No major Prism warning from provided data
MCHP,Microchip Technology,NASDAQ+NASDAQ200+NASDAQ500+SPX,Information Technology,Semiconductors,0.0,88.889999,0.0,0.0,0.0,0.0,0.0,1.0,-2.7142430979234966,-0.2391548405953534,5.995372919929304,,49.72,47.0,44.0,65,44.83,50,0,0,0,mixed but monitorable setup,weak or volatile technical setup
NVDA,Nvidia,NASDAQ+NASDAQ200+NASDAQ500+SPX,Information Technology,Semiconductors,0.0,199.779999,0.0,0.0,0.0,0.0,0.0,1.0,-4.246549100108066,-0.2854559631034116,3.316147814891404,,49.27,47.0,44.0,65,42.62,50,0,0,0,mixed but monitorable setup,weak or volatile technical setup
INCY,Incyte,NASDAQ+NASDAQ200+NASDAQ500+SPX,Health Care,Biotechnology,0.0,118.07,0.0,0.0,0.0,0.0,0.0,1.0,17.3191585584177,-0.10324248323085039,3.0932011276603464,,49.24,35.0,30.0,70,69.96,50,0,0,0,macro resilience,No major Prism warning from provided data
UAL,United Airlines Holdings,NASDAQ200+SPX,Industrials,Passenger Airlines,0.0,129.610001,0.0,0.0,0.0,0.0,0.0,1.0,23.06304690467149,-0.3992052112449158,3.941495775689188,,49.15,35.0,30.0,65,74.48,50,0,0,0,constructive momentum,No major Prism warning from provided data
FFIV,"F5, Inc.",NASDAQ+NASDAQ200+NASDAQ500+SPX,Information Technology,Communications Equipment,0.0,430.309998,0.0,0.0,0.0,0.0,0.0,1.0,8.612028528675486,-0.4310892463818474,3.155862781377572,,49.13,35.0,44.0,65,56.89,50,0,0,0,mixed but monitorable setup,No major Prism warning from provided data
MDGL,"Madrigal Pharmaceuticals, Inc. - Common Stock",NASDAQ+NASDAQ200+NASDAQ500,,,0.0,564.23999,0.0,0.0,0.0,0.0,0.0,1.0,20.749869715694814,-0.22140714344804824,3.742201763675572,,48.88,35.0,30.0,65,73.13,50,0,0,0,constructive momentum,No major Prism warning from provided data
PODD,Insulet Corporation,NASDAQ+NASDAQ200+NASDAQ500+SPX,Health Care,Health Care Equipment,0.0,155.440002,0.0,0.0,0.0,0.0,0.0,1.0,2.5938928979569953,-0.3444030757176417,4.06725644535182,,48.82,35.0,44.0,70,50.36,50,0,0,0,macro resilience,No major Prism warning from provided data
ROP,Roper Technologies,NASDAQ+NASDAQ200+NASDAQ500+SPX,Information Technology,Electronic Equipment & Instruments,0.0,353.570007,0.0,0.0,0.0,0.0,0.0,1.0,5.938578876404477,-0.3663830309557,3.0402140820890247,,48.59,35.0,44.0,65,54.2,50,0,0,0,mixed but monitorable setup,No major Prism warning from provided data
PCAR,Paccar,NASDAQ+NASDAQ200+NASDAQ500+SPX,Industrials,Construction Machinery & Heavy Transportation Equipment,0.0,122.839996,0.0,0.0,0.0,0.0,0.0,1.0,3.714956033182104,-0.03444738621058241,2.6881651221898673,,48.59,35.0,44.0,65,54.18,50,0,0,0,mixed but monitorable setup,No major Prism warning from provided data
MDLN,Medline Inc. - Class A common stock,NASDAQ+NASDAQ200+NASDAQ500,,,0.0,40.650101,0.0,0.0,0.0,0.0,0.0,1.0,20.266574564099837,-0.34379598550850776,3.842899255210778,,48.56,35.0,30.0,65,71.57,50,0,0,0,constructive momentum,No major Prism warning from provided data
IDXX,Idexx Laboratories,NASDAQ+NASDAQ200+NASDAQ500+SPX,Health Care,Health Care Equipment,0.0,560.299988,0.0,0.0,0.0,0.0,0.0,1.0,-0.1550323478367588,-0.13470817462098916,3.2527820487069916,,48.5,35.0,44.0,70,48.74,50,0,0,0,macro resilience,No major Prism warning from provided data
RYAAY,"Ryanair Holdings plc - American Depositary Shares, each representing five Ordinary Shares",NASDAQ+NASDAQ200+NASDAQ500,,,0.0,64.349998,0.0,0.0,0.0,0.0,0.0,1.0,14.237521241344876,0.4644030335732583,2.5696514285161958,,48.41,35.0,30.0,65,70.8,50,0,0,0,constructive momentum,No major Prism warning from provided data
TTWO,Take-Two Interactive,NASDAQ+NASDAQ200+NASDAQ500+SPX,Communication Services,Interactive Home Entertainment,0.0,253.005005,0.0,0.0,0.0,0.0,0.0,1.0,19.033169338510913,-0.36091136374858523,3.6354448516034035,,48.24,35.0,30.0,65,69.95,50,0,0,0,mixed but monitorable setup,No major Prism warning from provided data
ISRG,Intuitive Surgical,NASDAQ+NASDAQ200+NASDAQ500+SPX,Health Care,Health Care Equipment,0.0,411.609985,0.0,0.0,0.0,0.0,0.0,1.0,-1.6722009151310613,-0.09540348087182982,3.0706943023121394,,48.2,35.0,44.0,70,47.23,50,0,0,0,macro resilience,No major Prism warning from provided data
GEHC,GE HealthCare,NASDAQ+NASDAQ200+NASDAQ500+SPX,Health Care,Health Care Equipment,0.0,64.470001,0.0,0.0,0.0,0.0,0.0,1.0,-0.3092577797822238,-0.32288621424238184,2.788249751783222,,48.16,35.0,44.0,70,47.05,50,0,0,0,macro resilience,No major Prism warning from provided data
DLTR,Dollar Tree,NASDAQ+NASDAQ200+NASDAQ500+SPX,Consumer Staples,Consumer Staples Merchandise Retail,0.0,122.610001,0.0,0.0,0.0,0.0,0.0,1.0,13.854581412302313,-0.26327408614989756,3.7272648163272013,,48.15,35.0,30.0,70,64.52,50,0,0,0,macro resilience,No major Prism warning from provided data
AXON,Axon Enterprise,NASDAQ+NASDAQ200+NASDAQ500+SPX,Industrials,Aerospace & Defense,0.0,581.619995,0.0,0.0,0.0,0.0,0.0,1.0,23.47047031575795,-0.09638929824550013,6.380455863012166,,48.13,35.0,30.0,65,69.39,50,0,0,0,mixed but monitorable setup,No major Prism warning from provided data
VRTX,Vertex Pharmaceuticals,NASDAQ+NASDAQ200+NASDAQ500+SPX,Health Care,Biotechnology,0.0,492.619995,0.0,0.0,0.0,0.0,0.0,1.0,11.210945685611605,0.11355191652075325,3.255187688549146,,48.12,35.0,30.0,70,64.36,50,0,0,0,macro resilience,No major Prism warning from provided data
KMB,Kimberly-Clark,NASDAQ+NASDAQ200+NASDAQ500+SPX,Consumer Staples,Household Products,0.0,110.629997,0.0,0.0,0.0,0.0,0.0,1.0,13.176467519181578,-0.2808691937184059,2.504377142071926,,47.96,35.0,30.0,70,63.56,50,0,0,0,macro resilience,No major Prism warning from provided data
MEDP,"Medpace Holdings, Inc. - Common Stock",NASDAQ+NASDAQ200+NASDAQ500,,,0.0,535.280029,0.0,0.0,0.0,0.0,0.0,1.0,16.898894084720162,-0.26029850238402086,3.98703201812469,,47.89,35.0,30.0,65,68.2,50,0,0,0,mixed but monitorable setup,No major Prism warning from provided data
CASY,Casey's,NASDAQ+NASDAQ200+NASDAQ500+SPX,Consumer Staples,Food Retail,0.0,838.799988,0.0,0.0,0.0,0.0,0.0,1.0,11.597459178069936,-0.09928336681419325,3.4514437699981726,,47.87,35.0,30.0,70,63.12,50,0,0,0,macro resilience,No major Prism warning from provided data
EXPE,Expedia Group,NASDAQ+NASDAQ200+NASDAQ500+SPX,Consumer Discretionary,"Hotels, Resorts & Cruise Lines",0.0,263.834991,0.0,0.0,0.0,0.0,0.0,1.0,16.792827803262366,-0.3061910617013477,4.23695522197487,,47.79,35.0,30.0,65,67.7,50,0,0,0,mixed but monitorable setup,No major Prism warning from provided data
LLYVK,"Liberty Live Holdings, Inc. - Series C Liberty Live Group Common Stock",NASDAQ+NASDAQ200,,,0.0,107.32,0.0,0.0,0.0,0.0,0.0,1.0,15.796288303841166,-0.22240932288174686,2.854944691443481,,47.69,35.0,30.0,65,67.18,50,0,0,0,mixed but monitorable setup,No major Prism warning from provided data
LLYVA,"Liberty Live Holdings, Inc. - Series A Liberty Live Group Common Stock",NASDAQ+NASDAQ200,,,0.0,103.279999,0.0,0.0,0.0,0.0,0.0,1.0,15.20356575117534,-0.17897392263825018,3.035436983025423,,47.61,35.0,30.0,65,66.81,50,0,0,0,mixed but monitorable setup,No major Prism warning from provided data
TEM,"Tempus AI, Inc. - Class A Common Stock",NASDAQ+NASDAQ200+NASDAQ500,,,0.0,59.82,0.0,0.0,0.0,0.0,0.0,1.0,23.111751389174717,-0.3796458317229774,6.476453646654249,,47.59,35.0,30.0,65,66.7,50,0,0,0,mixed but monitorable setup,No major Prism warning from provided data
INTC,Intel,NASDAQ+NASDAQ200+NASDAQ500+SPX,Information Technology,Semiconductors,0.0,112.370003,0.0,0.0,0.0,0.0,0.0,1.0,1.904421925394617,-0.2675109066574516,9.483332614004773,,47.58,47.0,44.0,65,34.15,50,0,0,0,mixed but monitorable setup,weak or volatile technical setup
GRAB,Grab Holdings Limited - Class A Ordinary Shares,NASDAQ+NASDAQ200+NASDAQ500,,,0.0,3.815,0.0,0.0,0.0,0.0,0.0,1.0,14.564564564564563,-0.21894563019029034,4.334394308181987,,47.4,35.0,30.0,65,65.73,50,0,0,0,mixed but monitorable setup,No major Prism warning from provided data
DDOG,Datadog,NASDAQ+NASDAQ200+NASDAQ500+SPX,Information Technology,Application Software,0.0,266.410004,0.0,0.0,0.0,0.0,0.0,1.0,14.99050934449917,-0.38932131724320596,4.694456379562769,,47.22,35.0,30.0,65,64.87,50,0,0,0,mixed but monitorable setup,No major Prism warning from provided data
TER,Teradyne,NASDAQ+NASDAQ200+NASDAQ500+SPX,Information Technology,Semiconductor Materials & Equipment,0.0,370.720001,0.0,0.0,0.0,0.0,0.0,1.0,-1.0595428164106635,-0.08143143871650071,10.731625475861112,,47.17,47.0,44.0,65,32.08,50,0,0,0,mixed but monitorable setup,weak or volatile technical setup
MNST,Monster Beverage,NASDAQ+NASDAQ200+NASDAQ500+SPX,Consumer Staples,Soft Drinks & Non-alcoholic Beverages,0.0,96.080002,0.0,0.0,0.0,0.0,0.0,1.0,8.60178694922813,-0.09566283262098685,2.1901386780927505,,47.16,35.0,30.0,70,59.56,50,0,0,0,macro resilience,No major Prism warning from provided data
WWD,"Woodward, Inc. - Common Stock",NASDAQ+NASDAQ200+NASDAQ500,,,0.0,409.73999,0.0,0.0,0.0,0.0,0.0,1.0,13.883092845971712,-0.35583804693997845,3.513552007178295,,47.01,35.0,30.0,65,63.81,50,0,0,0,mixed but monitorable setup,No major Prism warning from provided data
REGN,Regeneron Pharmaceuticals,NASDAQ+NASDAQ200+NASDAQ500+SPX,Health Care,Biotechnology,0.0,666.090027,0.0,0.0,0.0,0.0,0.0,1.0,8.955736183130703,-0.29529150164488527,2.4727456140957074,,46.93,35.0,30.0,70,58.38,50,0,0,0,macro resilience,No major Prism warning from provided data
FTNT,Fortinet,NASDAQ+NASDAQ200+NASDAQ500+SPX,Information Technology,Systems Software,0.0,161.929596,0.0,0.0,0.0,0.0,0.0,1.0,13.205819298383204,-0.3170311919942459,3.970422165092397,,46.91,35.0,30.0,65,63.31,50,0,0,0,mixed but monitorable setup,No major Prism warning from provided data
AEP,American Electric Power,NASDAQ+NASDAQ200+NASDAQ500+SPX,Utilities,Electric Utilities,0.0,135.509995,0.0,0.0,0.0,0.0,0.0,1.0,6.894374226418898,-0.0015274267331977232,2.132947831634119,,46.9,35.0,30.0,70,58.26,50,0,0,0,macro resilience,No major Prism warning from provided data
SBUX,Starbucks,NASDAQ+NASDAQ200+NASDAQ500+SPX,Consumer Discretionary,Restaurants,0.0,106.525002,0.0,0.0,0.0,0.0,0.0,1.0,12.344444210082273,-0.22906300353480447,2.4615291722782597,,46.85,35.0,30.0,65,62.98,50,0,0,0,mixed but monitorable setup,No major Prism warning from provided data
DXCM,Dexcom,NASDAQ+NASDAQ200+NASDAQ500+SPX,Health Care,Health Care Equipment,0.0,71.910004,0.0,0.0,0.0,0.0,0.0,1.0,-6.147218501153018,-0.3290960026403793,3.377235741973895,,46.75,35.0,44.0,70,39.99,50,0,0,0,macro resilience,weak or volatile technical setup
FWONA,Liberty Media Corporation - Series A Liberty Formula One Common Stock,NASDAQ+NASDAQ200,,,0.0,88.294998,0.0,0.0,0.0,0.0,0.0,1.0,10.011208322671127,-0.025327045455987296,2.6364526981957206,,46.61,35.0,30.0,65,61.81,50,0,0,0,mixed but monitorable setup,No major Prism warning from provided data
CCEP,Coca-Cola Europacific Partners plc - Ordinary Shares,NASDAQ+NASDAQ200+NASDAQ500,,,0.0,105.279999,0.0,0.0,0.0,0.0,0.0,1.0,10.530182677165367,-0.12375824951330616,2.2063615602536504,,46.58,35.0,30.0,65,61.65,50,0,0,0,mixed but monitorable setup,No major Prism warning from provided data
LNT,Alliant Energy,NASDAQ+NASDAQ200+NASDAQ500+SPX,Utilities,Electric Utilities,0.0,76.400002,0.0,0.0,0.0,0.0,0.0,1.0,6.540235762658431,-0.1936918382852707,1.7483173626094928,,46.51,35.0,30.0,70,56.3,50,0,0,0,macro resilience,No major Prism warning from provided data
GILD,Gilead Sciences,NASDAQ+NASDAQ200+NASDAQ500+SPX,Health Care,Biotechnology,0.0,134.610001,0.0,0.0,0.0,0.0,0.0,1.0,5.081963071883067,0.00898513699834469,2.7285124549231248,,46.48,35.0,30.0,70,56.17,50,0,0,0,macro resilience,No major Prism warning from provided data
KHC,Kraft Heinz,NASDAQ+NASDAQ200+NASDAQ500+SPX,Consumer Staples,Packaged Foods & Meats,0.0,24.879999,0.0,0.0,0.0,0.0,0.0,1.0,6.552458244111348,-0.2514983889277985,2.9185810199245936,,46.42,35.0,30.0,70,55.85,50,0,0,0,macro resilience,No major Prism warning from provided data
BNTX,BioNTech SE - American Depositary Shares,NASDAQ+NASDAQ200,,,0.0,94.239998,0.0,0.0,0.0,0.0,0.0,1.0,10.222219883040928,-0.19422279695971145,2.5058361403736757,,46.39,35.0,30.0,65,60.71,50,0,0,0,mixed but monitorable setup,No major Prism warning from provided data
EXC,Exelon,NASDAQ+NASDAQ200+NASDAQ500+SPX,Utilities,Electric Utilities,0.0,46.904999,0.0,0.0,0.0,0.0,0.0,1.0,4.6986608191665225,-0.027351422729552488,1.9294329374146257,,46.33,35.0,30.0,70,55.42,50,0,0,0,macro resilience,No major Prism warning from provided data
SMMT,Summit Therapeutics Inc.  - Common Stock,NASDAQ+NASDAQ200,,,0.0,15.68,0.0,0.0,0.0,0.0,0.0,1.0,11.126860382707292,-0.39136508895343214,4.168184675655976,,46.29,35.0,30.0,65,60.22,50,0,0,0,mixed but monitorable setup,No major Prism warning from provided data
MPWR,Monolithic Power Systems,NASDAQ+NASDAQ200+NASDAQ500+SPX,Information Technology,Semiconductors,0.0,1375.790039,0.0,0.0,0.0,0.0,0.0,1.0,-11.761952349859905,-0.020788564983107438,7.0888113753609066,,46.29,47.0,44.0,65,27.72,50,0,0,0,mixed but monitorable setup,weak or volatile technical setup
COO,Cooper Companies (The),NASDAQ+NASDAQ200+NASDAQ500+SPX,Health Care,Health Care Supplies,0.0,70.68,0.0,0.0,0.0,0.0,0.0,1.0,5.82422359897854,-0.22368573556548232,2.8943333131215128,,46.29,35.0,30.0,70,55.2,50,0,0,0,macro resilience,No major Prism warning from provided data
EVRG,Evergy,NASDAQ+NASDAQ200+NASDAQ500+SPX,Utilities,Electric Utilities,0.0,85.739998,0.0,0.0,0.0,0.0,0.0,1.0,4.957762150624001,-0.09821103740925574,1.7469761979034037,,46.28,35.0,30.0,70,55.16,50,0,0,0,macro resilience,No major Prism warning from provided data
FSLR,First Solar,NASDAQ+NASDAQ200+NASDAQ500+SPX,Information Technology,Semiconductors,0.0,229.570007,0.0,0.0,0.0,0.0,0.0,1.0,-16.638224156384172,-0.3438689069067794,5.442471535802271,,46.21,47.0,44.0,65,27.28,50,0,0,0,mixed but monitorable setup,weak or volatile technical setup
FWONK,Liberty Media Corporation - Series C Liberty Formula One Common Stock,NASDAQ+NASDAQ200+NASDAQ500,,,0.0,95.589996,0.0,0.0,0.0,0.0,0.0,1.0,10.037979393185935,-0.2915257978790017,2.407454780698419,,46.19,35.0,30.0,65,59.71,50,0,0,0,mixed but monitorable setup,No major Prism warning from provided data
NBIX,"Neurocrine Biosciences, Inc. - Common Stock",NASDAQ+NASDAQ200+NASDAQ500,,,0.0,179.020004,0.0,0.0,0.0,0.0,0.0,1.0,9.747431024627007,-0.25684995528176413,2.4197181737458666,,46.18,35.0,30.0,65,59.64,50,0,0,0,mixed but monitorable setup,No major Prism warning from provided data
BIIB,Biogen,NASDAQ+NASDAQ200+NASDAQ500+SPX,Health Care,Biotechnology,0.0,199.904999,0.0,0.0,0.0,0.0,0.0,1.0,3.782060112710539,-0.019936542271550173,3.5638353753367475,,46.13,35.0,30.0,70,54.38,50,0,0,0,macro resilience,No major Prism warning from provided data
ICLR,ICON plc - Ordinary Shares,NASDAQ+NASDAQ200+NASDAQ500,,,0.0,168.580002,0.0,0.0,0.0,0.0,0.0,1.0,10.73305075101647,-0.4871641809333087,4.946781799861919,,46.05,35.0,30.0,65,58.98,50,0,0,0,mixed but monitorable setup,No major Prism warning from provided data
MELI,"MercadoLibre, Inc. - Common Stock",NASDAQ+NASDAQ200+NASDAQ500,,,0.0,1783.743286,0.0,0.0,0.0,0.0,0.0,1.0,10.654737130222491,-0.4891776763225699,3.1935248725023104,,46.02,35.0,30.0,65,58.87,50,0,0,0,mixed but monitorable setup,No major Prism warning from provided data
CSCO,Cisco,NASDAQ+NASDAQ200+NASDAQ500+SPX,Information Technology,Communications Equipment,0.0,117.669998,0.0,0.0,0.0,0.0,0.0,1.0,-5.219495687160758,-0.29968952391934955,3.089754450407996,,46.02,35.0,44.0,65,41.34,50,0,0,0,mixed but monitorable setup,weak or volatile technical setup
AMGN,Amgen,NASDAQ+NASDAQ200+NASDAQ500+SPX,Health Care,Biotechnology,0.0,363.640015,0.0,0.0,0.0,0.0,0.0,1.0,5.18034403440899,-0.31292642584772057,2.318619712802662,,45.99,35.0,30.0,70,53.71,50,0,0,0,macro resilience,No major Prism warning from provided data
ABNB,Airbnb,NASDAQ+NASDAQ200+NASDAQ500+SPX,Consumer Discretionary,"Hotels, Resorts & Cruise Lines",0.0,146.059998,0.0,0.0,0.0,0.0,0.0,1.0,8.651346876139465,-0.37443859756339914,3.2125756000235324,,45.73,35.0,30.0,65,57.39,50,0,0,0,mixed but monitorable setup,No major Prism warning from provided data
PYPL,PayPal,NASDAQ+NASDAQ200+NASDAQ500+SPX,Financials,Transaction & Payment Processing Services,0.0,44.654999,0.0,0.0,0.0,0.0,0.0,1.0,8.22831111140625,-0.36749350359504707,3.1001179573582407,,45.64,35.0,30.0,65,56.93,50,0,0,0,mixed but monitorable setup,No major Prism warning from provided data
BKNG,Booking Holdings,NASDAQ+NASDAQ200+NASDAQ500+SPX,Consumer Discretionary,"Hotels, Resorts & Cruise Lines",0.0,173.149994,0.0,0.0,0.0,0.0,0.0,1.0,6.685145286164906,-0.15635795362605243,3.933004797810487,,45.6,35.0,30.0,65,56.77,50,0,0,0,mixed but monitorable setup,No major Prism warning from provided data
PAYX,Paychex,NASDAQ+NASDAQ200+NASDAQ500+SPX,Industrials,Human Resource & Employment Services,0.0,106.160004,0.0,0.0,0.0,0.0,0.0,1.0,7.31905190697637,-0.2774652575281963,3.239045792478627,,45.56,35.0,30.0,65,56.56,50,0,0,0,mixed but monitorable setup,No major Prism warning from provided data
QCOM,Qualcomm,NASDAQ+NASDAQ200+NASDAQ500+SPX,Information Technology,Semiconductors,0.0,190.960007,0.0,0.0,0.0,0.0,0.0,1.0,-12.311152366053136,-0.45799090047357727,7.222154898643253,,45.46,47.0,44.0,65,23.56,50,0,0,0,mixed but monitorable setup,weak or volatile technical setup
RIVN,"Rivian Automotive, Inc. - Class A Common Stock",NASDAQ+NASDAQ200+NASDAQ500,,,0.0,17.639999,0.0,0.0,0.0,0.0,0.0,1.0,4.750587885985746,1.0281934442510914,7.891967972495756,,45.44,35.0,30.0,65,55.93,50,0,0,0,mixed but monitorable setup,No major Prism warning from provided data
BKR,Baker Hughes,NASDAQ+NASDAQ200+NASDAQ500+SPX,Energy,Oil & Gas Equipment & Services,0.0,57.375,0.0,0.0,0.0,0.0,0.0,1.0,-11.512949507276337,0.2566716127804958,3.2181757858699025,,45.4,35.0,44.0,65,38.24,50,0,0,0,mixed but monitorable setup,weak or volatile technical setup
RPRX,Royalty Pharma plc - Class A Ordinary Shares,NASDAQ+NASDAQ200+NASDAQ500,,,0.0,58.560001,0.0,0.0,0.0,0.0,0.0,1.0,6.744440270790375,-0.31716981794005283,2.530372224549652,,45.36,35.0,30.0,65,55.56,50,0,0,0,mixed but monitorable setup,No major Prism warning from provided data
SHOP,Shopify Inc. - Class A Subordinate Voting Shares,NASDAQ+NASDAQ200+NASDAQ500,,,0.0,118.709999,0.0,0.0,0.0,0.0,0.0,1.0,7.158331893467507,-0.393862813869311,4.617195425009769,,45.34,35.0,30.0,65,55.44,50,0,0,0,mixed but monitorable setup,No major Prism warning from provided data
ALAB,"Astera Labs, Inc. - Common Stock",NASDAQ+NASDAQ200+NASDAQ500,,,0.0,413.459991,0.0,0.0,0.0,0.0,0.0,1.0,19.383249074530752,-0.25355897464480537,11.387886604140963,,45.3,35.0,30.0,65,55.23,50,0,0,0,mixed but monitorable setup,No major Prism warning from provided data
XEL,Xcel Energy,NASDAQ+NASDAQ200+NASDAQ500+SPX,Utilities,Multi-Utilities,0.0,79.224998,0.0,0.0,0.0,0.0,0.0,1.0,2.067759518123191,-0.3106434793859101,2.1025096324845767,,45.25,35.0,30.0,70,50.0,50,0,0,0,macro resilience,No major Prism warning from provided data
TLN,Talen Energy Corporation - Common Stock,NASDAQ+NASDAQ200+NASDAQ500,,,0.0,387.125,0.0,0.0,0.0,0.0,0.0,1.0,6.125610247616686,-0.3213516852334274,5.6438028506849935,,45.21,35.0,30.0,65,54.78,50,0,0,0,mixed but monitorable setup,No major Prism warning from provided data
TRI,Thomson Reuters Corp - Common Shares,NASDAQ+NASDAQ200+NASDAQ500,,,0.0,87.883003,0.0,0.0,0.0,0.0,0.0,1.0,5.654006972830006,-0.27113550618028825,4.086603721801098,,45.17,35.0,30.0,65,54.62,50,0,0,0,mixed but monitorable setup,No major Prism warning from provided data
DKNG,DraftKings Inc. - Class A Common Stock,NASDAQ+NASDAQ200+NASDAQ500,,,0.0,26.360001,0.0,0.0,0.0,0.0,0.0,1.0,6.376109508631589,-0.3891780164050693,4.667514184518757,,45.16,35.0,30.0,65,54.54,50,0,0,0,mixed but monitorable setup,No major Prism warning from provided data
NTNX,"Nutanix, Inc. - Class A Common Stock",NASDAQ+NASDAQ200+NASDAQ500,,,0.0,54.0,0.0,0.0,0.0,0.0,0.0,1.0,4.146580680678147,-0.08882440109421541,3.620477380952379,,45.1,35.0,30.0,65,54.27,50,0,0,0,mixed but monitorable setup,No major Prism warning from provided data
EBAY,eBay Inc.,NASDAQ+NASDAQ200+NASDAQ500+SPX,Consumer Discretionary,Broadline Retail,0.0,116.900002,0.0,0.0,0.0,0.0,0.0,1.0,7.801549099934535,-0.6433123881499148,2.643895714267945,,45.09,35.0,30.0,65,54.22,50,0,0,0,mixed but monitorable setup,No major Prism warning from provided data
KDP,Keurig Dr Pepper,NASDAQ+NASDAQ200+NASDAQ500+SPX,Consumer Staples,Soft Drinks & Non-alcoholic Beverages,0.0,30.49,0.0,0.0,0.0,0.0,0.0,1.0,-0.845528455284561,0.015178412438933586,3.208310218807104,,45.07,35.0,30.0,70,49.11,50,0,0,0,macro resilience,No major Prism warning from provided data
CHKP,Check Point Software Technologies Ltd. - Ordinary Shares,NASDAQ+NASDAQ200+NASDAQ500,,,0.0,136.940002,0.0,0.0,0.0,0.0,0.0,1.0,5.925126128752511,-0.438065213425891,3.5943793941858657,,44.97,35.0,30.0,65,53.61,50,0,0,0,mixed but monitorable setup,No major Prism warning from provided data
CRDO,Credo Technology Group Holding Ltd - Ordinary Shares,NASDAQ+NASDAQ200+NASDAQ500,,,0.0,262.109985,0.0,0.0,0.0,0.0,0.0,1.0,17.924137437816402,-0.27004647686268246,11.48127615752056,,44.92,35.0,30.0,65,53.35,50,0,0,0,mixed but monitorable setup,No major Prism warning from provided data
ARGX,argenx SE - American Depositary Shares,NASDAQ+NASDAQ200+NASDAQ500,,,0.0,917.77002,0.0,0.0,0.0,0.0,0.0,1.0,4.00721298284783,-0.2063524268762169,3.734969402091759,,44.88,35.0,30.0,65,53.16,50,0,0,0,mixed but monitorable setup,No major Prism warning from provided data
CSX,CSX Corporation,NASDAQ+NASDAQ200+NASDAQ500+SPX,Industrials,Rail Transportation,0.0,49.110001,0.0,0.0,0.0,0.0,0.0,1.0,4.245383055712515,-0.25350926661218853,1.8122591771073289,,44.86,35.0,30.0,65,53.07,50,0,0,0,mixed but monitorable setup,No major Prism warning from provided data
AAPL,Apple Inc.,NASDAQ+NASDAQ200+NASDAQ500+SPX,Information Technology,"Technology Hardware, Storage & Peripherals",0.0,311.965088,0.0,0.0,0.0,0.0,0.0,1.0,3.4572788647757813,-0.18713886617904885,2.8006819101867824,,44.78,35.0,30.0,65,52.65,50,0,0,0,mixed but monitorable setup,No major Prism warning from provided data
PEP,PepsiCo,NASDAQ+NASDAQ200+NASDAQ500+SPX,Consumer Staples,Soft Drinks & Non-alcoholic Beverages,0.0,136.539993,0.0,0.0,0.0,0.0,0.0,1.0,-2.9428491654815425,0.13764684969973562,2.830148819474453,,44.76,35.0,30.0,70,47.57,50,0,0,0,macro resilience,No major Prism warning from provided data
LIN,Linde plc,NASDAQ+NASDAQ200+NASDAQ500+SPX,Materials,Industrial Gases,0.0,519.969971,0.0,0.0,0.0,0.0,0.0,1.0,3.596182166978079,-0.2317167500915588,2.399726931263771,,44.74,35.0,30.0,65,52.46,50,0,0,0,mixed but monitorable setup,No major Prism warning from provided data
CTAS,Cintas,NASDAQ+NASDAQ200+NASDAQ500+SPX,Industrials,Diversified Support Services,0.0,177.960007,0.0,0.0,0.0,0.0,0.0,1.0,2.4820116031792017,-0.13892889889617765,2.438146758927211,,44.62,35.0,30.0,65,51.87,50,0,0,0,mixed but monitorable setup,No major Prism warning from provided data
ADP,Automatic Data Processing,NASDAQ+NASDAQ200+NASDAQ500+SPX,Industrials,Human Resource & Employment Services,0.0,239.229996,0.0,0.0,0.0,0.0,0.0,1.0,4.430763886583167,-0.4370905399664844,2.7271865845547456,,44.61,35.0,30.0,65,51.82,50,0,0,0,mixed but monitorable setup,No major Prism warning from provided data
CEG,Constellation Energy,NASDAQ+NASDAQ200+NASDAQ500+SPX,Utilities,Electric Utilities,0.0,246.585007,0.0,0.0,0.0,0.0,0.0,1.0,-1.6296290072974728,-0.20550656910085285,3.9843379737311326,,44.53,35.0,30.0,70,46.4,50,0,0,0,macro resilience,No major Prism warning from provided data
META,Meta Platforms,NASDAQ+NASDAQ200+NASDAQ500+SPX,Communication Services,Interactive Media & Services,0.0,595.200012,0.0,0.0,0.0,0.0,0.0,1.0,1.6758053175881527,-0.08539114987354668,3.796082200731832,,44.52,35.0,30.0,65,51.33,50,0,0,0,mixed but monitorable setup,No major Prism warning from provided data
DOCU,"DocuSign, Inc. - Common Stock",NASDAQ+NASDAQ200+NASDAQ500,,,0.0,47.630001,0.0,0.0,0.0,0.0,0.0,1.0,3.1845775563258405,-0.3253497927999276,4.082648155188692,,44.49,35.0,30.0,65,51.22,50,0,0,0,mixed but monitorable setup,No major Prism warning from provided data
CDW,CDW Corporation,NASDAQ+NASDAQ200+NASDAQ500+SPX,Information Technology,Technology Distributors,0.0,138.934998,0.0,0.0,0.0,0.0,0.0,1.0,3.0598620734346493,-0.38361943604635973,3.932463181708286,,44.37,35.0,30.0,65,50.6,50,0,0,0,mixed but monitorable setup,No major Prism warning from provided data
PDD,PDD Holdings Inc. - American Depositary Shares,NASDAQ+NASDAQ200+NASDAQ500,,,0.0,84.605003,0.0,0.0,0.0,0.0,0.0,1.0,2.402565877418339,-0.28505897660713175,3.102484123443955,,44.37,35.0,30.0,65,50.6,50,0,0,0,mixed but monitorable setup,No major Prism warning from provided data
ECHO,EchoStar,NASDAQ+NASDAQ200+NASDAQ500+SPX,Communication Services,Wireless Telecommunication Services,0.0,96.730003,0.0,0.0,0.0,0.0,0.0,1.0,0.0,0.0,0.0,,44.25,35.0,30.0,65,50.0,50,0,0,0,mixed but monitorable setup,No major Prism warning from provided data
HONA,Honeywell Aerospace,NASDAQ+NASDAQ200+NASDAQ500+SPX,Industrials,Aerospace & Defense,0.0,218.360001,0.0,0.0,0.0,0.0,0.0,1.0,0.0,0.0,0.0,,44.25,35.0,30.0,65,50.0,50,0,0,0,mixed but monitorable setup,No major Prism warning from provided data
NDSN,Nordson Corporation,NASDAQ+NASDAQ200+NASDAQ500+SPX,Industrials,Industrial Machinery & Supplies & Components,0.0,287.535004,0.0,0.0,0.0,0.0,0.0,1.0,1.8868974061233779,-0.3052854002057508,2.544036616047722,,44.21,35.0,30.0,65,49.82,50,0,0,0,mixed but monitorable setup,No major Prism warning from provided data
EA,Electronic Arts,NASDAQ+NASDAQ200+NASDAQ500+SPX,Communication Services,Interactive Home Entertainment,0.0,205.259995,0.0,0.0,0.0,0.0,0.0,1.0,1.013778558274292,-0.1909606206449045,0.43916462421929037,,44.19,35.0,30.0,65,49.69,50,0,0,0,mixed but monitorable setup,No major Prism warning from provided data
CHRW,C.H. Robinson,NASDAQ+NASDAQ200+NASDAQ500+SPX,Industrials,Air Freight & Logistics,0.0,193.229996,0.0,0.0,0.0,0.0,0.0,1.0,2.7054305448359184,-0.46740643645244373,2.98349260580492,,44.15,35.0,30.0,65,49.51,50,0,0,0,mixed but monitorable setup,No major Prism warning from provided data
SNY,Sanofi - American Depositary Shares,NASDAQ+NASDAQ200+NASDAQ500,,,0.0,44.0,0.0,0.0,0.0,0.0,0.0,1.0,0.273470823302846,-0.11059674420484633,2.34415487012987,,44.14,35.0,30.0,65,49.44,50,0,0,0,mixed but monitorable setup,No major Prism warning from provided data
FAST,Fastenal,NASDAQ+NASDAQ200+NASDAQ500+SPX,Industrials,Trading Companies & Distributors,0.0,46.189999,0.0,0.0,0.0,0.0,0.0,1.0,0.4130413043478276,-0.14626059645459455,2.4306450592723063,,44.12,35.0,30.0,65,49.33,50,0,0,0,mixed but monitorable setup,No major Prism warning from provided data
TMUS,T-Mobile US,NASDAQ+NASDAQ200+NASDAQ500+SPX,Communication Services,Wireless Telecommunication Services,0.0,178.675003,0.0,0.0,0.0,0.0,0.0,1.0,0.13731435835453443,-0.16170754735308213,3.338864722368097,,44.02,35.0,30.0,65,48.87,50,0,0,0,mixed but monitorable setup,No major Prism warning from provided data
MDLZ,Mondelez International,NASDAQ+NASDAQ200+NASDAQ500+SPX,Consumer Staples,Packaged Foods & Meats,0.0,58.810001,0.0,0.0,0.0,0.0,0.0,1.0,-4.529216056143381,-0.15903778386475353,2.8080762026464567,,43.91,35.0,30.0,70,43.29,50,0,0,0,macro resilience,weak or volatile technical setup
MDB,"MongoDB, Inc. - Class A Common Stock",NASDAQ+NASDAQ200+NASDAQ500,,,0.0,358.339996,0.0,0.0,0.0,0.0,0.0,1.0,1.6394367009271438,-0.46389366190755865,4.978829798279062,,43.9,35.0,30.0,65,48.26,50,0,0,0,mixed but monitorable setup,No major Prism warning from provided data
MRVL,Marvell Technology,NASDAQ+NASDAQ200+NASDAQ500+SPX,Information Technology,Semiconductors,0.0,244.425003,0.0,0.0,0.0,0.0,0.0,1.0,-15.379955713069993,-0.3745842129043089,10.056547575980067,,43.86,47.0,44.0,65,12.55,56.0,1,1,1,positive market/social signals,1 extracted risk note(s); weak or volatile technical setup
EXE,Expand Energy,NASDAQ+NASDAQ200+NASDAQ500+SPX,Energy,Oil & Gas Exploration & Production,0.0,89.360001,0.0,0.0,0.0,0.0,0.0,1.0,-1.172303719803236,-0.1069488196794165,2.3521229273806408,,43.8,35.0,30.0,65,47.74,50,0,0,0,mixed but monitorable setup,No major Prism warning from provided data
SNDK,Sandisk,NASDAQ+NASDAQ200+NASDAQ500+SPX,Information Technology,"Technology Hardware, Storage & Peripherals",0.0,1842.994995,0.0,0.0,0.0,0.0,0.0,1.0,12.240864494518888,-0.1296914970198907,12.852216403953317,,43.78,35.0,30.0,65,47.65,50,0,0,0,mixed but monitorable setup,No major Prism warning from provided data
NWSA,News Corp (Class A),NASDAQ+NASDAQ200+NASDAQ500+SPX,Communication Services,Publishing,0.0,27.030001,0.0,0.0,0.0,0.0,0.0,1.0,-0.11085735812481623,-0.28133605583604415,3.001955916633944,,43.77,35.0,30.0,65,47.62,50,0,0,0,mixed but monitorable setup,No major Prism warning from provided data
NTAP,NetApp,NASDAQ+NASDAQ200+NASDAQ500+SPX,Information Technology,"Technology Hardware, Storage & Peripherals",0.0,168.779999,0.0,0.0,0.0,0.0,0.0,1.0,-0.8983612342007063,-0.2273291807055181,3.7106627189872134,,43.67,35.0,30.0,65,47.1,50,0,0,0,mixed but monitorable setup,No major Prism warning from provided data
WMT,Walmart,NASDAQ+NASDAQ200+NASDAQ500+SPX,Consumer Staples,Consumer Staples Merchandise Retail,0.0,112.169998,0.0,0.0,0.0,0.0,0.0,1.0,-6.39239244943014,-0.0640518163264513,2.487933920237234,,43.61,35.0,30.0,70,41.82,50,0,0,0,macro resilience,weak or volatile technical setup
TRMB,Trimble Inc.,NASDAQ+NASDAQ200+NASDAQ500+SPX,Information Technology,Application Software,0.0,52.369999,0.0,0.0,0.0,0.0,0.0,1.0,-2.3494349739057396,-0.08709390433840991,2.974712405747527,,43.55,35.0,30.0,65,46.48,50,0,0,0,mixed but monitorable setup,No major Prism warning from provided data
COST,Costco,NASDAQ+NASDAQ200+NASDAQ500+SPX,Consumer Staples,Consumer Staples Merchandise Retail,0.0,913.304993,0.0,0.0,0.0,0.0,0.0,1.0,-6.303668325211598,-0.13049417668414076,2.2359146036427835,,43.53,35.0,30.0,70,41.39,50,0,0,0,macro resilience,weak or volatile technical setup
FER,Ferrovial N.V. - Ordinary Shares,NASDAQ+NASDAQ200+NASDAQ500,,,0.0,64.625,0.0,0.0,0.0,0.0,0.0,1.0,-2.11299161373788,-0.1413300203185731,2.1901071014092306,,43.52,35.0,30.0,65,46.33,50,0,0,0,mixed but monitorable setup,No major Prism warning from provided data
FISV,Fiserv,NASDAQ+NASDAQ200+NASDAQ500+SPX,Financials,Transaction & Payment Processing Services,0.0,51.259998,0.0,0.0,0.0,0.0,0.0,1.0,-2.7693531341169697,-0.052774363418738646,3.766513579876235,,43.5,35.0,30.0,65,46.25,50,0,0,0,mixed but monitorable setup,No major Prism warning from provided data
WDC,Western Digital,NASDAQ+NASDAQ200+NASDAQ500+SPX,Information Technology,"Technology Hardware, Storage & Peripherals",0.0,586.929993,0.0,0.0,0.0,0.0,0.0,1.0,11.386711858704167,-0.187593496984077,11.120332661937368,,43.48,35.0,30.0,65,46.16,50,0,0,0,mixed but monitorable setup,No major Prism warning from provided data
GEN,Gen Digital,NASDAQ+NASDAQ200+NASDAQ500+SPX,Information Technology,Systems Software,0.0,25.879999,0.0,0.0,0.0,0.0,0.0,1.0,0.07733178355253667,-0.50523256939722,3.6832086320515565,,43.46,35.0,30.0,65,46.05,50,0,0,0,mixed but monitorable setup,No major Prism warning from provided data
ORLY,O’Reilly Automotive,NASDAQ+NASDAQ200+NASDAQ500+SPX,Consumer Discretionary,Automotive Retail,0.0,84.144997,0.0,0.0,0.0,0.0,0.0,1.0,-5.47629764579749,0.3036968482932132,3.316554026039462,,43.42,35.0,30.0,65,45.86,50,0,0,0,mixed but monitorable setup,No major Prism warning from provided data
NWS,News Corp (Class B),NASDAQ+NASDAQ200+SPX,Communication Services,Publishing,0.0,30.4,0.0,0.0,0.0,0.0,0.0,1.0,-2.030296421840272,-0.22125407641010686,2.7866539003759403,,43.41,35.0,30.0,65,45.79,50,0,0,0,mixed but monitorable setup,No major Prism warning from provided data
BIDU,"Baidu, Inc. - American Depositary Shares, each representing 8 ordinary share",NASDAQ+NASDAQ200+NASDAQ500,,,0.0,116.349998,0.0,0.0,0.0,0.0,0.0,1.0,-2.3089840857931865,-0.1924317062292591,3.869016519327437,,43.39,35.0,30.0,65,45.69,50,0,0,0,mixed but monitorable setup,No major Prism warning from provided data
WBD,Warner Bros. Discovery,NASDAQ+NASDAQ200+NASDAQ500+SPX,Communication Services,Broadcasting,0.0,26.285,0.0,0.0,0.0,0.0,0.0,1.0,-0.6989006686400012,-0.44755041594158385,1.6943403353351978,,43.37,35.0,30.0,65,45.58,50,0,0,0,mixed but monitorable setup,No major Prism warning from provided data
JBHT,J.B. Hunt,NASDAQ+NASDAQ200+NASDAQ500+SPX,Industrials,Cargo Ground Transportation,0.0,283.769989,0.0,0.0,0.0,0.0,0.0,1.0,-1.5268847560484966,-0.34518013299150185,2.9671919806653193,,43.33,35.0,30.0,65,45.41,50,0,0,0,mixed but monitorable setup,No major Prism warning from provided data
AMZN,Amazon,NASDAQ+NASDAQ200+NASDAQ500+SPX,Consumer Discretionary,Broadline Retail,0.0,241.169998,0.0,0.0,0.0,0.0,0.0,1.0,-1.651579391356417,-0.3335020288693572,3.315383426282211,,43.32,35.0,30.0,65,45.35,50,0,0,0,mixed but monitorable setup,No major Prism warning from provided data
IONS,"Ionis Pharmaceuticals, Inc. - Common Stock",NASDAQ+NASDAQ200+NASDAQ500,,,0.0,67.544998,0.0,0.0,0.0,0.0,0.0,1.0,-8.152030076801331,0.6220204252893933,5.649144758706949,,43.29,35.0,30.0,65,45.19,50,0,0,0,mixed but monitorable setup,No major Prism warning from provided data
ON,ON Semiconductor,NASDAQ+NASDAQ200+NASDAQ500+SPX,Information Technology,Semiconductors,0.0,100.830002,0.0,0.0,0.0,0.0,0.0,1.0,-16.600496003300325,-0.1947759190998123,9.387795608691949,,43.25,47.0,44.0,65,12.52,50,0,0,0,mixed but monitorable setup,weak or volatile technical setup
TTD,Trade Desk (The),NASDAQ+NASDAQ200+NASDAQ500+SPX,Communication Services,Advertising,0.0,19.2626,0.0,0.0,0.0,0.0,0.0,1.0,-0.8615542974781287,-0.5065974929576734,4.7890341906077065,,43.23,35.0,30.0,65,44.91,50,0,0,0,mixed but monitorable setup,weak or volatile technical setup
CMCSA,Comcast,NASDAQ+NASDAQ200+NASDAQ500+SPX,Communication Services,Cable & Satellite,0.0,22.945,0.0,0.0,0.0,0.0,0.0,1.0,-3.430134680134689,-0.1518288637954298,3.9395454969959207,,43.18,35.0,30.0,65,44.67,50,0,0,0,mixed but monitorable setup,weak or volatile technical setup
ROST,Ross Stores,NASDAQ+NASDAQ200+NASDAQ500+SPX,Consumer Discretionary,Apparel Retail,0.0,221.205002,0.0,0.0,0.0,0.0,0.0,1.0,-2.7328273918989288,-0.2770875449005684,2.903576746424567,,43.15,35.0,30.0,65,44.5,50,0,0,0,mixed but monitorable setup,weak or volatile technical setup
GOOGL,Alphabet Inc. (Class A),NASDAQ+NASDAQ200+NASDAQ500+SPX,Communication Services,Interactive Media & Services,0.0,354.359985,0.0,0.0,0.0,0.0,0.0,1.0,-2.463464547980876,-0.32926705734581063,3.3343812789697456,,43.13,35.0,30.0,65,44.41,50,0,0,0,mixed but monitorable setup,weak or volatile technical setup
GOOG,Alphabet Inc. (Class C),NASDAQ+NASDAQ200+NASDAQ500+SPX,Communication Services,Interactive Media & Services,0.0,351.690002,0.0,0.0,0.0,0.0,0.0,1.0,-2.624805675658348,-0.31975319972603145,3.2643797923896813,,43.11,35.0,30.0,65,44.29,50,0,0,0,mixed but monitorable setup,weak or volatile technical setup
ULTA,Ulta Beauty,NASDAQ+NASDAQ200+NASDAQ500+SPX,Consumer Discretionary,Other Specialty Retail,0.0,453.255005,0.0,0.0,0.0,0.0,0.0,1.0,-2.0624423611696363,-0.4077520941191183,3.0440461277579116,,43.1,35.0,30.0,65,44.26,50,0,0,0,mixed but monitorable setup,weak or volatile technical setup
JD,"JD.com, Inc. - American Depositary Shares",NASDAQ+NASDAQ200+NASDAQ500,,,0.0,27.754999,0.0,0.0,0.0,0.0,0.0,1.0,-2.9206051066806515,-0.30941625952607077,2.5753414727199235,,43.05,35.0,30.0,65,44.02,50,0,0,0,mixed but monitorable setup,weak or volatile technical setup
TSLA,"Tesla, Inc.",NASDAQ+NASDAQ200+NASDAQ500+SPX,Consumer Discretionary,Automobile Manufacturers,0.0,393.859894,0.0,0.0,0.0,0.0,0.0,1.0,-3.6899663912957736,-0.21146749302778334,5.086956396588218,,43.03,35.0,30.0,65,43.88,50,0,0,0,mixed but monitorable setup,weak or volatile technical setup
TSCO,Tractor Supply,NASDAQ+NASDAQ200+NASDAQ500+SPX,Consumer Discretionary,Other Specialty Retail,0.0,29.540001,0.0,0.0,0.0,0.0,0.0,1.0,-1.990703450255582,-0.4695284860686356,3.4577806160921543,,43.02,35.0,30.0,65,43.85,50,0,0,0,mixed but monitorable setup,weak or volatile technical setup
LULU,Lululemon Athletica,NASDAQ+NASDAQ200+NASDAQ500+SPX,Consumer Discretionary,"Apparel, Accessories & Luxury Goods",0.0,114.0,0.0,0.0,0.0,0.0,0.0,1.0,-3.0199939680137677,-0.37788735277362107,3.9116484335839607,,42.92,35.0,30.0,65,43.35,50,0,0,0,mixed but monitorable setup,weak or volatile technical setup
SSNC,"SS&C Technologies Holdings, Inc. - Common Stock",NASDAQ+NASDAQ200+NASDAQ500,,,0.0,66.540001,0.0,0.0,0.0,0.0,0.0,1.0,-2.434011837273242,-0.4803998912114945,2.797456697191386,,42.9,35.0,30.0,65,43.24,50,0,0,0,mixed but monitorable setup,weak or volatile technical setup
DPZ,Domino's,NASDAQ+NASDAQ200+NASDAQ500+SPX,Consumer Discretionary,Restaurants,0.0,301.279999,0.0,0.0,0.0,0.0,0.0,1.0,-3.9071221379361587,-0.2766182021813923,3.6999264215060923,,42.87,35.0,30.0,65,43.1,50,0,0,0,mixed but monitorable setup,weak or volatile technical setup
RGLD,"Royal Gold, Inc. - Common Stock",NASDAQ+NASDAQ200+NASDAQ500,,,0.0,195.979996,0.0,0.0,0.0,0.0,0.0,1.0,-4.725328702848741,-0.17238725684420553,3.6685611525372206,,42.84,35.0,30.0,65,42.95,50,0,0,0,mixed but monitorable setup,weak or volatile technical setup
MAR,Marriott International,NASDAQ+NASDAQ200+NASDAQ500+SPX,Consumer Discretionary,"Hotels, Resorts & Cruise Lines",0.0,369.959991,0.0,0.0,0.0,0.0,0.0,1.0,-5.482607247269189,-0.1444609362911683,2.3906049498046533,,42.7,35.0,30.0,65,42.27,50,0,0,0,mixed but monitorable setup,weak or volatile technical setup
CDNS,Cadence Design Systems,NASDAQ+NASDAQ200+NASDAQ500+SPX,Information Technology,Application Software,0.0,379.26001,0.0,0.0,0.0,0.0,0.0,1.0,-3.7997109324196088,-0.4145713650537982,3.495999636615674,,42.67,35.0,30.0,65,42.12,50,0,0,0,mixed but monitorable setup,weak or volatile technical setup
LECO,"Lincoln Electric Holdings, Inc. - Common Shares",NASDAQ+NASDAQ200+NASDAQ500,,,0.0,248.449997,0.0,0.0,0.0,0.0,0.0,1.0,-4.793836002239904,-0.3195557094213455,2.8223579675528363,,42.59,35.0,30.0,65,41.69,50,0,0,0,mixed but monitorable setup,weak or volatile technical setup
LITE,Lumentum,NASDAQ+NASDAQ200+NASDAQ500+SPX,Information Technology,Communications Equipment,0.0,781.515015,0.0,0.0,0.0,0.0,0.0,1.0,-12.718897246757288,-0.3816273265787674,8.891429159370844,,42.49,35.0,44.0,65,23.68,50,0,0,0,mixed but monitorable setup,weak or volatile technical setup
WDAY,"Workday, Inc.",NASDAQ+NASDAQ200+NASDAQ500+SPX,Information Technology,Application Software,0.0,135.360001,0.0,0.0,0.0,0.0,0.0,1.0,-5.843067815910807,-0.24415130962229958,5.291709265195493,,42.46,35.0,30.0,65,41.04,50,0,0,0,mixed but monitorable setup,weak or volatile technical setup
VRSN,Verisign,NASDAQ+NASDAQ200+NASDAQ500+SPX,Information Technology,Internet Services & Infrastructure,0.0,267.220001,0.0,0.0,0.0,0.0,0.0,1.0,-5.712572870222321,-0.28417728031809675,3.0991014243514114,,42.42,35.0,30.0,65,40.87,50,0,0,0,mixed but monitorable setup,weak or volatile technical setup
Z,"Zillow Group, Inc. - Class C Capital Stock",NASDAQ+NASDAQ200+NASDAQ500,,,0.0,32.709999,0.0,0.0,0.0,0.0,0.0,1.0,-5.978735096903254,-0.2536594585041705,4.391384376729225,,42.41,35.0,30.0,65,40.8,50,0,0,0,mixed but monitorable setup,weak or volatile technical setup
WYNN,Wynn Resorts,NASDAQ+NASDAQ200+NASDAQ500+SPX,Consumer Discretionary,Casinos & Gaming,0.0,97.885002,0.0,0.0,0.0,0.0,0.0,1.0,-6.625011797672187,-0.17510529016094356,3.046577992174356,,42.38,35.0,30.0,65,40.65,50,0,0,0,mixed but monitorable setup,weak or volatile technical setup
ZG,"Zillow Group, Inc. - Class A Common Stock",NASDAQ+NASDAQ200,,,0.0,32.529999,0.0,0.0,0.0,0.0,0.0,1.0,-6.442338222605715,-0.20288383734368354,4.384961489151689,,42.38,35.0,30.0,65,40.65,50,0,0,0,mixed but monitorable setup,weak or volatile technical setup
PLTR,Palantir Technologies,NASDAQ+NASDAQ200+NASDAQ500+SPX,Information Technology,Application Software,0.0,125.82,0.0,0.0,0.0,0.0,0.0,1.0,-7.80391362347832,-0.05425884507319634,5.648033642164541,,42.29,35.0,30.0,65,40.2,50,0,0,0,mixed but monitorable setup,weak or volatile technical setup
SYM,Symbotic Inc. - Class A Common Stock,NASDAQ+NASDAQ200+NASDAQ500,,,0.0,41.400002,0.0,0.0,0.0,0.0,0.0,1.0,-6.609519214549097,-0.3395948983111384,5.529501975800458,,42.12,35.0,30.0,65,39.35,50,0,0,0,mixed but monitorable setup,weak or volatile technical setup
CPRT,Copart,NASDAQ+NASDAQ200+NASDAQ500+SPX,Industrials,Diversified Support Services,0.0,28.045,0.0,0.0,0.0,0.0,0.0,1.0,-9.121843515170324,-0.012403657092800224,3.7197878409698695,,42.04,35.0,30.0,65,38.95,50,0,0,0,mixed but monitorable setup,weak or volatile technical setup
STX,Seagate Technology,NASDAQ+NASDAQ200+NASDAQ500+SPX,Information Technology,"Technology Hardware, Storage & Peripherals",0.0,914.609985,0.0,0.0,0.0,0.0,0.0,1.0,4.315837008204282,-0.055080876333088113,9.841118889599699,,42.0,35.0,30.0,65,38.74,50,0,0,0,mixed but monitorable setup,weak or volatile technical setup
FANG,Diamondback Energy,NASDAQ+NASDAQ200+NASDAQ500+SPX,Energy,Oil & Gas Exploration & Production,0.0,182.429993,0.0,0.0,0.0,0.0,0.0,1.0,-7.95661162396486,-0.23678859806011088,2.674997831712274,,41.96,35.0,30.0,65,38.56,50,0,0,0,mixed but monitorable setup,weak or volatile technical setup
ESLT,Elbit Systems Ltd. - Ordinary Shares,NASDAQ+NASDAQ200,,,0.0,763.705017,0.0,0.0,0.0,0.0,0.0,1.0,-8.005078317597958,-0.33282176719476797,3.447876253583839,,41.8,35.0,30.0,65,37.73,50,0,0,0,mixed but monitorable setup,weak or volatile technical setup
HON,Honeywell Technologies,NASDAQ+NASDAQ200+NASDAQ500+SPX,Industrials,Industrial Conglomerates,0.0,219.485001,0.0,0.0,0.0,0.0,0.0,1.0,3.6284220449231963,-0.08612933381518129,18.202349508156146,,41.78,35.0,30.0,65,37.67,50,0,0,0,mixed but monitorable setup,weak or volatile technical setup
MSFT,Microsoft,NASDAQ+NASDAQ200+NASDAQ500+SPX,Information Technology,Systems Software,0.0,376.939911,0.0,0.0,0.0,0.0,0.0,1.0,-8.451955079709405,-0.30097712802700227,3.2949543704403768,,41.74,35.0,30.0,65,37.45,50,0,0,0,mixed but monitorable setup,weak or volatile technical setup
ADSK,Autodesk,NASDAQ+NASDAQ200+NASDAQ500+SPX,Information Technology,Application Software,0.0,205.289993,0.0,0.0,0.0,0.0,0.0,1.0,-8.776217834311783,-0.25551269998747383,3.6752894025101632,,41.73,35.0,30.0,65,37.42,50,0,0,0,mixed but monitorable setup,weak or volatile technical setup
SNPS,Synopsys,NASDAQ+NASDAQ200+NASDAQ500+SPX,Information Technology,Application Software,0.0,435.25,0.0,0.0,0.0,0.0,0.0,1.0,-8.074260816049527,-0.3694951907484202,3.6673514564700076,,41.72,35.0,30.0,65,37.35,50,0,0,0,mixed but monitorable setup,weak or volatile technical setup
HTHT,H World Group Limited - American Depositary Shares,NASDAQ+NASDAQ200,,,0.0,40.709999,0.0,0.0,0.0,0.0,0.0,1.0,-7.791625921104139,-0.43792247423154707,3.0161082609143346,,41.68,35.0,30.0,65,37.15,50,0,0,0,mixed but monitorable setup,weak or volatile technical setup
NFLX,Netflix,NASDAQ+NASDAQ200+NASDAQ500+SPX,Communication Services,Movies & Entertainment,0.0,74.629997,0.0,0.0,0.0,0.0,0.0,1.0,-9.692645325419235,-0.16701030009198614,3.557549577359816,,41.66,35.0,30.0,65,37.03,50,0,0,0,mixed but monitorable setup,weak or volatile technical setup
AKAM,Akamai Technologies,NASDAQ+NASDAQ200+NASDAQ500+SPX,Information Technology,Internet Services & Infrastructure,0.0,128.860001,0.0,0.0,0.0,0.0,0.0,1.0,-9.170363331583943,-0.25979985340067613,4.72495018616588,,41.63,35.0,30.0,65,36.92,50,0,0,0,mixed but monitorable setup,weak or volatile technical setup
FTAI,FTAI Aviation Ltd. - Common Stock,NASDAQ+NASDAQ200+NASDAQ500,,,0.0,221.839996,0.0,0.0,0.0,0.0,0.0,1.0,-3.7403500556172364,-0.09060502660760561,7.586708543112048,,41.61,35.0,30.0,65,36.79,50,0,0,0,mixed but monitorable setup,weak or volatile technical setup
PTC,PTC Inc.,NASDAQ+NASDAQ200+NASDAQ500+SPX,Information Technology,Application Software,0.0,122.559998,0.0,0.0,0.0,0.0,0.0,1.0,-9.92871926581147,-0.1787183675176438,3.443793999688917,,41.58,35.0,30.0,65,36.66,50,0,0,0,mixed but monitorable setup,weak or volatile technical setup
ADBE,Adobe Inc.,NASDAQ+NASDAQ200+NASDAQ500+SPX,Information Technology,Application Software,0.0,219.279999,0.0,0.0,0.0,0.0,0.0,1.0,-10.494308124937579,-0.16204495867108915,3.5808753485863654,,41.47,35.0,30.0,65,36.11,50,0,0,0,mixed but monitorable setup,weak or volatile technical setup
ODFL,Old Dominion,NASDAQ+NASDAQ200+NASDAQ500+SPX,Industrials,Cargo Ground Transportation,0.0,224.449997,0.0,0.0,0.0,0.0,0.0,1.0,-9.133232847521011,-0.44122181132245086,2.7424968065381585,,41.35,35.0,30.0,65,35.51,50,0,0,0,mixed but monitorable setup,weak or volatile technical setup
LOGI,Logitech International S.A. - Registered Shares,NASDAQ+NASDAQ200+NASDAQ500,,,0.0,100.080002,0.0,0.0,0.0,0.0,0.0,1.0,-11.730459827053984,-0.18373726683863645,3.20100927141982,,41.14,35.0,30.0,65,34.45,50,0,0,0,mixed but monitorable setup,weak or volatile technical setup
INTU,Intuit,NASDAQ+NASDAQ200+NASDAQ500+SPX,Information Technology,Application Software,0.0,269.459991,0.0,0.0,0.0,0.0,0.0,1.0,-11.79994691499634,-0.17843152891314462,4.401395291794118,,41.13,35.0,30.0,65,34.41,50,0,0,0,mixed but monitorable setup,weak or volatile technical setup
TCOM,Trip.com Group Limited - American Depositary Shares,NASDAQ+NASDAQ200+NASDAQ500,,,0.0,41.150002,0.0,0.0,0.0,0.0,0.0,1.0,-12.836257420806142,-0.24366582573225393,4.44887983931846,,40.78,35.0,30.0,65,32.65,50,0,0,0,mixed but monitorable setup,weak or volatile technical setup
PSKY,Paramount Skydance Corporation,NASDAQ+NASDAQ200+SPX,Communication Services,Movies & Entertainment,0.0,9.085,0.0,0.0,0.0,0.0,0.0,1.0,-12.56015399422521,-0.29665310072583273,4.536520166679772,,40.76,35.0,30.0,65,32.55,50,0,0,0,mixed but monitorable setup,weak or volatile technical setup
FLEX,Flex Ltd.,NASDAQ+NASDAQ200+NASDAQ500+SPX,Information Technology,Electronic Manufacturing Services,0.0,142.815002,0.0,0.0,0.0,0.0,0.0,1.0,-5.313929519141702,-0.4052207239016772,8.160407806057078,,40.73,35.0,30.0,65,32.38,50,0,0,0,mixed but monitorable setup,weak or volatile technical setup
APP,AppLovin,NASDAQ+NASDAQ200+NASDAQ500+SPX,Information Technology,Application Software,0.0,520.544983,0.0,0.0,0.0,0.0,0.0,1.0,-7.654033040664087,-0.09015050552672821,6.331799145534032,,40.67,35.0,30.0,65,32.09,50,0,0,0,mixed but monitorable setup,weak or volatile technical setup
ZM,"Zoom Communications, Inc. - Class A Common Stock",NASDAQ+NASDAQ200+NASDAQ500,,,0.0,88.360001,0.0,0.0,0.0,0.0,0.0,1.0,-12.644587985277555,-0.4112035547593107,3.5934160978563128,,40.56,35.0,30.0,65,31.54,50,0,0,0,mixed but monitorable setup,weak or volatile technical setup
TEAM,Atlassian Corporation  - Class A Common Stock,NASDAQ+NASDAQ200+NASDAQ500,,,0.0,86.510002,0.0,0.0,0.0,0.0,0.0,1.0,-11.625290751101147,-0.6255841575090927,5.691908318300581,,40.46,35.0,30.0,65,31.04,50,0,0,0,mixed but monitorable setup,weak or volatile technical setup
NBIS,Nebius Group N.V. - Class A Ordinary Shares,NASDAQ+NASDAQ200+NASDAQ500,,,0.0,213.175995,0.0,0.0,0.0,0.0,0.0,1.0,-2.212846330275231,-0.08292079525182006,12.89769265195978,,40.39,35.0,30.0,65,30.68,50,0,0,0,mixed but monitorable setup,weak or volatile technical setup
STLD,Steel Dynamics,NASDAQ+NASDAQ200+NASDAQ500+SPX,Materials,Steel,0.0,225.449997,0.0,0.0,0.0,0.0,0.0,1.0,-15.625004912050688,-0.1920897003699238,3.985679139308214,,40.19,35.0,30.0,65,29.71,50,0,0,0,mixed but monitorable setup,weak or volatile technical setup
MTSI,"MACOM Technology Solutions Holdings, Inc. - Common Stock",NASDAQ+NASDAQ200+NASDAQ500,,,0.0,319.565002,0.0,0.0,0.0,0.0,0.0,1.0,-11.688217750851893,0.10474068159618022,8.092248474693733,,40.01,35.0,30.0,65,28.81,50,0,0,0,mixed but monitorable setup,weak or volatile technical setup
GFS,GlobalFoundries Inc. - Ordinary Share,NASDAQ+NASDAQ200+NASDAQ500,,,0.0,70.269997,0.0,0.0,0.0,0.0,0.0,1.0,-9.106197364020097,-0.3587012505108246,7.591433266421559,,39.89,35.0,30.0,65,28.2,50,0,0,0,mixed but monitorable setup,weak or volatile technical setup
CTSH,Cognizant,NASDAQ+NASDAQ200+NASDAQ500+SPX,Information Technology,IT Consulting & Other Services,0.0,43.0,0.0,0.0,0.0,0.0,0.0,1.0,-18.85261676344152,-0.11079495606931133,5.559799003322259,,39.55,35.0,30.0,65,26.49,50,0,0,0,mixed but monitorable setup,weak or volatile technical setup
CRWV,"CoreWeave, Inc. - Class A Common Stock",NASDAQ+NASDAQ200+NASDAQ500,,,0.0,90.510002,0.0,0.0,0.0,0.0,0.0,1.0,-11.585426054935255,-0.2667381317640031,8.79752115288714,,39.44,35.0,30.0,65,25.96,50,0,0,0,mixed but monitorable setup,weak or volatile technical setup
FOXA,Fox Corporation (Class A),NASDAQ+NASDAQ200+NASDAQ500+SPX,Communication Services,Broadcasting,0.0,53.509998,0.0,0.0,0.0,0.0,0.0,1.0,-20.655402708914515,0.026305498681173933,3.935180353718996,,39.33,35.0,30.0,65,25.42,50,0,0,0,mixed but monitorable setup,weak or volatile technical setup
NXT,Nextpower Inc. - Class A Common Stock,NASDAQ+NASDAQ200+NASDAQ500,,,0.0,109.739998,0.0,0.0,0.0,0.0,0.0,1.0,-12.66215976661903,-0.3104256982813143,7.324976050599682,,39.11,35.0,30.0,65,24.32,50,0,0,0,mixed but monitorable setup,weak or volatile technical setup
ARM,Arm Holdings plc - American Depositary Shares,NASDAQ+NASDAQ200+NASDAQ500,,,0.0,328.839996,0.0,0.0,0.0,0.0,0.0,1.0,-5.066548757186329,-0.4848413716862433,9.861657069928233,,39.06,35.0,30.0,65,24.04,50,0,0,0,mixed but monitorable setup,weak or volatile technical setup
FOX,Fox Corporation (Class B),NASDAQ+NASDAQ200+NASDAQ500+SPX,Communication Services,Broadcasting,0.0,47.93,0.0,0.0,0.0,0.0,0.0,1.0,-20.566788200198882,-0.21922094829878425,3.7286526482072055,,38.96,35.0,30.0,65,23.57,50,0,0,0,mixed but monitorable setup,weak or volatile technical setup
TSEM,Tower Semiconductor Ltd. - Ordinary Shares,NASDAQ+NASDAQ200+NASDAQ500,,,0.0,225.020004,0.0,0.0,0.0,0.0,0.0,1.0,-7.031891213118657,-0.27374621259228227,10.162273585494837,,38.92,35.0,30.0,65,23.37,50,0,0,0,mixed but monitorable setup,weak or volatile technical setup
KTOS,"Kratos Defense & Security Solutions, Inc. - Common Stock",NASDAQ+NASDAQ200+NASDAQ500,,,0.0,48.5,0.0,0.0,0.0,0.0,0.0,1.0,-15.988221028927763,-0.2533740934050617,6.864359793814437,,38.41,35.0,30.0,65,20.79,50,0,0,0,mixed but monitorable setup,weak or volatile technical setup
AVAV,"AeroVironment, Inc. - Common Stock",NASDAQ+NASDAQ200+NASDAQ500,,,0.0,146.990005,0.0,0.0,0.0,0.0,0.0,1.0,-20.408268046663835,0.5062222223207924,9.811649535529401,,36.96,35.0,30.0,65,13.56,50,0,0,0,mixed but monitorable setup,weak or volatile technical setup
STRL,"Sterling Infrastructure, Inc. - Common Stock",NASDAQ+NASDAQ200+NASDAQ500,,,0.0,698.0,0.0,0.0,0.0,0.0,0.0,1.0,-21.736594113480724,-0.19004353475544944,9.451801729431029,,35.53,35.0,30.0,65,6.4,50,0,0,0,mixed but monitorable setup,weak or volatile technical setup
MSTR,Strategy Inc - Class A Common Stock,NASDAQ+NASDAQ200+NASDAQ500,,,0.0,94.389999,0.0,0.0,0.0,0.0,0.0,1.0,-25.794024193255282,-0.050930718427887545,9.560267759783684,,34.78,35.0,30.0,65,2.64,50,0,0,0,mixed but monitorable setup,weak or volatile technical setup
IREN,IREN Limited - Ordinary Shares,NASDAQ+NASDAQ200+NASDAQ500,,,0.0,42.380001,0.0,0.0,0.0,0.0,0.0,1.0,-28.40006467984566,-0.12597848456242877,10.501922154946888,,34.25,35.0,30.0,65,0.0,50,0,0,0,mixed but monitorable setup,weak or volatile technical setup
RKLB,Rocket Lab Corporation - Common Stock,NASDAQ+NASDAQ200+NASDAQ500,,,0.0,82.730003,0.0,0.0,0.0,0.0,0.0,1.0,-27.206333881102797,-0.3232084475417113,10.347774658867454,,34.25,35.0,30.0,65,0.0,50,0,0,0,mixed but monitorable setup,weak or volatile technical setup
CRWD,CrowdStrike,NASDAQ+NASDAQ200+NASDAQ500+SPX,Information Technology,Systems Software,0.0,195.779999,0.0,0.0,0.0,0.0,0.0,1.0,-70.28187957649835,0.8101481257550553,27.039826656216732,,34.25,35.0,30.0,65,0.0,50,0,0,0,mixed but monitorable setup,weak or volatile technical setup
SMCI,Supermicro,NASDAQ+NASDAQ200+NASDAQ500+SPX,Information Technology,"Technology Hardware, Storage & Peripherals",0.0,28.6411,0.0,0.0,0.0,0.0,0.0,1.0,-34.89179654958869,-0.3619485811526064,8.424454717172178,,34.25,35.0,30.0,65,0.0,50,0,0,0,mixed but monitorable setup,weak or volatile technical setup
