rank,ticker,name,sector,aster_call_score,call_bias,latest_price,rsi14,volume_ratio,return_3_blocks,return_1w,return_1m,call_timing_score,call_daily_score,call_momentum_score,call_pullback_score,call_volume_score,call_practicality_score,ema_state,macd_state,call_note
1,FOSL,FOSSIL GROUP INC,Consumer Discretionary,97.1,优先Call候选,4.22,53.97,0.28,0.00237530,0.01442308,-0.01055100,90.4,73.18,69.9,82.44,30.0,20.0,fresh_bullish_cross,bullish_above_signal,4H EMA 三线翻转：翻转前 14 根 4H 空头排列；EMA9 最近上穿 EMA26（2 根前）；EMA9 最近上穿 EMA50（2 根前）；EMA26 已上穿 EMA50（0 根前）；价格站上 EMA26/50，EMA9 位于上方；MACD 不转弱；RSI 可交易区 54.0；extension 0.5ATR 未过度拉伸；EMA50 斜率转正；EMA9/26 新多头交叉；MACD 保持多头
2,SFIX,STITCH FIX INC CLASS A,Consumer Discretionary,94.3,优先Call候选,4.185,63.87,0.62,0.03975155,0.11451398,-0.05316742,90.4,60.42,54.5,82.44,30.0,20.0,fresh_bullish_cross,bullish_above_signal,4H EMA 三线翻转：翻转前 11 根 4H 空头排列；EMA9 最近上穿 EMA26（2 根前）；EMA9 最近上穿 EMA50（2 根前）；EMA26 已上穿 EMA50（1 根前）；价格站上 EMA26/50，EMA9 位于上方；MACD 不转弱；RSI 可交易区 63.9；extension 2.1ATR 未过度拉伸；EMA50 斜率转正；EMA9/26 新多头交叉；MACD 保持多头
3,SAM,BOSTON BEER INC CLASS A,Consumer Staples,93.65,优先Call候选,187.464996,62.06,0.15,0.02183031,0.08792034,0.02591255,65.2,74.22,90.2,82.44,30.0,100.0,mixed_sideways,bullish_above_signal,4H EMA 三线翻转：翻转前 14 根 4H 空头排列；EMA9 最近上穿 EMA26（4 根前）；EMA9 最近上穿 EMA50（3 根前）；EMA26 已上穿 EMA50（0 根前）；价格站上 EMA26/50，EMA9 位于上方；MACD 不转弱；RSI 可交易区 62.1；extension 1.5ATR 未过度拉伸；EMA50 斜率转正；MACD 保持多头
4,SYF,Synchrony Financial,Financials,93.2,优先Call候选,76.480003,62.33,0.26,0.01553585,0.05170520,-0.02286948,90.4,58.51,81.1,84.72,30.0,100.0,fresh_bullish_cross,bullish_above_signal,4H EMA 三线翻转：翻转前 9 根 4H 空头排列；EMA9 最近上穿 EMA26（2 根前）；EMA9 最近上穿 EMA50（2 根前）；EMA26 已上穿 EMA50（1 根前）；价格站上 EMA26/50，EMA9 位于上方；MACD 不转弱；RSI 可交易区 62.3；extension 1.5ATR 未过度拉伸；EMA50 斜率转正；EMA9/26 新多头交叉；MACD 保持多头
5,EPAC,ENERPAC TOOL GROUP CORP CLASS A,Industrials,92.65,优先Call候选,36.23,59.63,0.53,0.03840645,0.06936242,0.00708831,90.4,73.21,80.4,82.44,30.0,100.0,fresh_bullish_cross,bullish_above_signal,4H EMA 三线翻转：翻转前 8 根 4H 空头排列；EMA9 最近上穿 EMA26（2 根前）；EMA9 最近上穿 EMA50（2 根前）；EMA26 已上穿 EMA50（1 根前）；价格站上 EMA26/50，EMA9 位于上方；MACD 不转弱；RSI 可交易区 59.6；extension 1.6ATR 未过度拉伸；EMA50 斜率转正；EMA9/26 新多头交叉；MACD 保持多头
6,WY,Weyerhaeuser,Real Estate,92.6,优先Call候选,24.2775,55.39,0.41,0.01452152,0.02221053,-0.00563182,65.2,72.95,81.1,84.72,30.0,100.0,mixed_sideways,bullish_above_signal,4H EMA 三线翻转：翻转前 10 根 4H 空头排列；EMA9 最近上穿 EMA26（4 根前）；EMA9 最近上穿 EMA50（2 根前）；EMA26 已上穿 EMA50（0 根前）；价格站上 EMA26/50，EMA9 位于上方；MACD 不转弱；RSI 可交易区 55.4；extension 0.9ATR 未过度拉伸；EMA50 斜率转正；MACD 保持多头
7,AMPH,AMPHASTAR PHARMACEUTICALS INC,Health Care,92.55,优先Call候选,20.35,63.06,0.13,0.06100104,0.04734946,-0.01237564,92.8,72.01,72.7,82.44,30.0,100.0,fresh_bullish_cross,fresh_below_zero_cross,4H EMA 三线翻转：翻转前 14 根 4H 空头排列；EMA9 最近上穿 EMA26（1 根前）；EMA9 最近上穿 EMA50（0 根前）；EMA26 贴近 EMA50 且斜率向上；价格站上 EMA26/50，EMA9 位于上方；MACD 不转弱；RSI 可交易区 63.1；extension 1.8ATR 未过度拉伸；EMA50 斜率转正；EMA9/26 新多头交叉；MACD 新金叉
8,NLOP,NET LEASE OFFICE PROPERTIES,Real Estate,92.05,优先Call候选,11.845,56.89,0.14,0.02642981,0.01499572,0.05195382,73.0,74.26,88.8,82.44,30.0,72.0,mixed_sideways,fresh_above_zero_cross,4H EMA 三线翻转：翻转前 9 根 4H 空头排列；EMA9 最近上穿 EMA26（3 根前）；EMA9 最近上穿 EMA50（2 根前）；EMA26 已上穿 EMA50（1 根前）；价格站上 EMA26/50，EMA9 位于上方；MACD 不转弱；RSI 可交易区 56.9；extension 1.0ATR 未过度拉伸；EMA50 斜率转正；MACD 新金叉
9,WOOF,PETCO HEALTH AND WELLNESS COMPANY,Consumer Discretionary,91.95,优先Call候选,2.76,58.24,0.46,0.01098901,0.02033272,0.02033272,65.2,73.13,88.8,82.44,30.0,20.0,mixed_sideways,bullish_above_signal,4H EMA 三线翻转：翻转前 13 根 4H 空头排列；EMA9 最近上穿 EMA26（4 根前）；EMA9 最近上穿 EMA50（3 根前）；EMA26 已上穿 EMA50（1 根前）；价格站上 EMA26/50，EMA9 位于上方；MACD 不转弱；RSI 可交易区 58.2；extension 1.2ATR 未过度拉伸；EMA50 斜率转正；MACD 保持多头
10,BCBP,BCB BANCORP INC,Financials,91.45,优先Call候选,10.52,55.1,0.33,0.02036857,0.03086722,-0.00094967,90.4,43.03,81.1,82.44,30.0,72.0,fresh_bullish_cross,bullish_above_signal,4H EMA 三线翻转：翻转前 12 根 4H 空头排列；EMA9 最近上穿 EMA26（1 根前）；EMA9 最近上穿 EMA50（0 根前）；EMA26 贴近 EMA50 且斜率向上；价格站上 EMA26/50，EMA9 位于上方；MACD 不转弱；RSI 可交易区 55.1；extension 0.9ATR 未过度拉伸；EMA50 斜率转正；EMA9/26 新多头交叉；MACD 保持多头
11,SBC,SBC MEDICAL GROUP HOLDINGS INC,Health Care,91.45,优先Call候选,3.11,53.49,0.14,-0.02660407,0.06143345,-0.02201258,65.2,72.74,64.9,82.44,30.0,20.0,mixed_sideways,bullish_above_signal,4H EMA 三线翻转：翻转前 10 根 4H 空头排列；EMA9 最近上穿 EMA26（3 根前）；EMA9 最近上穿 EMA50（3 根前）；EMA26 已上穿 EMA50（1 根前）；价格站上 EMA26/50，EMA9 位于上方；MACD 不转弱；RSI 可交易区 53.5；extension 0.5ATR 未过度拉伸；EMA50 斜率转正；MACD 保持多头
12,ORLY,O’Reilly Automotive,Consumer Discretionary,91.35,优先Call候选,90.660004,60.76,0.34,0.00071751,0.04411287,-0.00608444,65.2,73.54,81.1,84.72,30.0,100.0,mixed_sideways,bullish_above_signal,4H EMA 三线翻转：翻转前 14 根 4H 空头排列；EMA9 最近上穿 EMA26（5 根前）；EMA9 最近上穿 EMA50（4 根前）；EMA26 已上穿 EMA50（0 根前）；价格站上 EMA26/50，EMA9 位于上方；MACD 不转弱；RSI 可交易区 60.8；extension 1.5ATR 未过度拉伸；EMA50 斜率转正；MACD 保持多头
13,PHIN,PHINIA INC,Consumer Discretionary,90.9,优先Call候选,80.540001,55.68,0.47,0.02664122,0.01685498,-0.01425863,92.8,71.46,81.1,82.44,30.0,100.0,fresh_bullish_cross,fresh_below_zero_cross,4H EMA 三线翻转：翻转前 11 根 4H 空头排列；EMA9 最近上穿 EMA26（1 根前）；EMA9 最近上穿 EMA50（0 根前）；EMA26 贴近 EMA50 且斜率向上；价格站上 EMA26/50，EMA9 位于上方；MACD 不转弱；RSI 可交易区 55.7；extension 0.8ATR 未过度拉伸；EMA50 斜率转正；EMA9/26 新多头交叉；MACD 新金叉
14,TEL,TE Connectivity,Information Technology,90.8,优先Call候选,210.889999,58.07,0.37,0.01604356,0.10332740,0.06736510,65.2,73.92,90.2,84.72,30.0,100.0,mixed_sideways,bullish_above_signal,4H EMA 三线翻转：翻转前 13 根 4H 空头排列；EMA9 最近上穿 EMA26（5 根前）；EMA9 最近上穿 EMA50（3 根前）；EMA26 已上穿 EMA50（1 根前）；价格站上 EMA26/50，EMA9 位于上方；MACD 不转弱；RSI 可交易区 58.1；extension 1.0ATR 未过度拉伸；EMA50 斜率转正；MACD 保持多头
15,LECO,"Lincoln Electric Holdings, Inc. - Common Shares",,90.25,优先Call候选,259.720001,55.58,0.38,0.01078026,0.04106622,-0.01851710,90.4,48.31,81.1,80.0,30.0,100.0,fresh_bullish_cross,bullish_above_signal,4H EMA 三线翻转：翻转前 14 根 4H 空头排列；EMA9 最近上穿 EMA26（2 根前）；EMA9 最近上穿 EMA50（1 根前）；EMA26 贴近 EMA50 且斜率向上；价格站上 EMA26/50，EMA9 位于上方；MACD 不转弱；RSI 可交易区 55.6；extension 0.9ATR 未过度拉伸；EMA50 斜率转正；EMA9/26 新多头交叉；MACD 保持多头
16,EL,Estée Lauder Companies (The),Consumer Staples,90.25,优先Call候选,83.110001,52.88,0.38,-0.00120175,0.00447188,0.05389297,90.4,50.06,88.8,80.0,30.0,100.0,fresh_bullish_cross,bullish_above_signal,4H EMA 三线翻转：翻转前 14 根 4H 空头排列；EMA9 最近上穿 EMA26（2 根前）；EMA9 最近上穿 EMA50（1 根前）；EMA26 贴近 EMA50 且斜率向上；价格站上 EMA26/50，EMA9 位于上方；MACD 不转弱；RSI 可交易区 52.9；extension 0.4ATR 未过度拉伸；EMA50 斜率转正；EMA9/26 新多头交叉；MACD 保持多头
17,CTS,CTS CORP,Information Technology,90.25,优先Call候选,63.125,57.39,0.84,0.04459705,0.04080788,-0.01643814,90.4,43.11,72.7,82.44,68.0,100.0,fresh_bullish_cross,bullish_above_signal,4H EMA 三线翻转：翻转前 14 根 4H 空头排列；EMA9 最近上穿 EMA26（2 根前）；EMA9 最近上穿 EMA50（1 根前）；EMA26 贴近 EMA50 且斜率向上；价格站上 EMA26/50，EMA9 位于上方；MACD 不转弱；RSI 可交易区 57.4；extension 1.0ATR 未过度拉伸；EMA50 斜率转正；EMA9/26 新多头交叉；MACD 保持多头
18,URBN,URBAN OUTFITTERS INC,Consumer Discretionary,89.75,优先Call候选,74.419998,57.02,0.29,0.02492765,0.01722244,0.05061056,82.9,61.55,100.0,83.2,30.0,100.0,confirmed_bullish_trend,fresh_above_zero_cross,4H EMA 三线翻转：翻转前 9 根 4H 空头排列；EMA9 最近上穿 EMA26（2 根前）；EMA9 最近上穿 EMA50（2 根前）；EMA26 已上穿 EMA50（4 根前）；价格站上 EMA26/50，EMA9 位于上方；MACD 不转弱；RSI 可交易区 57.0；extension 1.1ATR 未过度拉伸；EMA50 斜率转正；EMA 多头延续；MACD 新金叉
19,OSIS,OSI SYSTEMS INC,Information Technology,89.7,优先Call候选,216.089996,51.07,0.46,-0.00565991,0.03471557,0.01120751,87.7,41.88,72.6,66.8,30.0,100.0,early_transition,bullish_above_signal,4H EMA 三线翻转：翻转前 13 根 4H 空头排列；EMA9 最近上穿 EMA26（2 根前）；EMA9 最近上穿 EMA50（1 根前）；EMA26 贴近 EMA50 且斜率向上；价格站上 EMA26/50，EMA9 位于上方；MACD 不转弱；RSI 可交易区 51.1；extension 0.1ATR 未过度拉伸；EMA50 斜率转正；EMA 早期转强；MACD 保持多头
20,TSCO,Tractor Supply,Consumer Discretionary,89.65,优先Call候选,31.035,53.77,0.32,-0.02405657,0.04812560,-0.01319558,65.2,73.41,64.9,84.72,30.0,100.0,mixed_sideways,bullish_above_signal,4H EMA 三线翻转：翻转前 13 根 4H 空头排列；EMA9 最近上穿 EMA26（4 根前）；EMA9 最近上穿 EMA50（4 根前）；EMA26 已上穿 EMA50（2 根前）；价格站上 EMA26/50，EMA9 位于上方；MACD 不转弱；RSI 可交易区 53.8；extension 0.4ATR 未过度拉伸；EMA50 斜率转正；MACD 保持多头
21,CMCSA,Comcast,Communication Services,89.3,优先Call候选,24.459999,60.42,0.4,0.07304229,0.03054552,-0.00488206,92.8,48.86,72.7,80.0,30.0,100.0,fresh_bullish_cross,fresh_below_zero_cross,4H EMA 三线翻转：翻转前 6 根 4H 空头排列；EMA9 最近上穿 EMA26（0 根前）；EMA9 最近上穿 EMA50（0 根前）；EMA26 贴近 EMA50 且斜率向上；价格站上 EMA26/50，EMA9 位于上方；MACD 不转弱；RSI 可交易区 60.4；extension 1.5ATR 未过度拉伸；EMA50 斜率转正；EMA9/26 新多头交叉；MACD 新金叉
22,TMDX,TRANSMEDICS GROUP INC,Health Care,89.3,优先Call候选,75.459999,57.79,0.59,0.01492940,0.05383696,0.12291670,82.9,74.6,100.0,83.2,30.0,100.0,confirmed_bullish_trend,fresh_above_zero_cross,4H EMA 三线翻转：翻转前 4 根 4H 空头排列；EMA9 最近上穿 EMA26（2 根前）；EMA9 最近上穿 EMA50（2 根前）；EMA26 已上穿 EMA50（2 根前）；价格站上 EMA26/50，EMA9 位于上方；MACD 不转弱；RSI 可交易区 57.8；extension 0.9ATR 未过度拉伸；EMA50 斜率转正；EMA 多头延续；MACD 新金叉
23,OVLY,OAK VALLEY BANCORP,Financials,89.25,优先Call候选,33.98,55.96,0.62,0.02907329,0.03329792,0.02534704,92.8,43.33,100.0,82.44,30.0,100.0,fresh_bullish_cross,fresh_below_zero_cross,4H EMA 三线翻转：翻转前 8 根 4H 空头排列；EMA9 最近上穿 EMA26（1 根前）；EMA9 最近上穿 EMA50（0 根前）；EMA26 贴近 EMA50 且斜率向上；价格站上 EMA26/50，EMA9 位于上方；MACD 不转弱；RSI 可交易区 56.0；extension 0.9ATR 未过度拉伸；EMA50 斜率转正；EMA9/26 新多头交叉；MACD 新金叉
24,MWA,MUELLER WATER PRODUCTS INC SERIES,Industrials,89.15,优先Call候选,25.35,52.28,0.43,0.00795229,0.02341542,-0.03244279,90.4,41.53,81.1,80.0,30.0,100.0,fresh_bullish_cross,bullish_above_signal,4H EMA 三线翻转：翻转前 12 根 4H 空头排列；EMA9 最近上穿 EMA26（2 根前）；EMA9 最近上穿 EMA50（1 根前）；EMA26 贴近 EMA50 且斜率向上；价格站上 EMA26/50，EMA9 位于上方；MACD 不转弱；RSI 可交易区 52.3；extension 0.4ATR 未过度拉伸；EMA50 斜率转正；EMA9/26 新多头交叉；MACD 保持多头
25,VEL,VELOCITY FINANCIAL INC,Financials,88.65,优先Call候选,17.73,55.36,0.07,0.00282805,0.03201397,-0.02152323,90.4,43.19,81.1,82.44,30.0,100.0,fresh_bullish_cross,bullish_above_signal,4H EMA 三线翻转：翻转前 9 根 4H 空头排列；EMA9 最近上穿 EMA26（2 根前）；EMA9 最近上穿 EMA50（0 根前）；EMA26 贴近 EMA50 且斜率向上；价格站上 EMA26/50，EMA9 位于上方；MACD 不转弱；RSI 可交易区 55.4；extension 0.6ATR 未过度拉伸；EMA50 斜率转正；EMA9/26 新多头交叉；MACD 保持多头
26,TPR,"Tapestry, Inc.",Consumer Discretionary,88.55,优先Call候选,148.274994,60.11,1.69,0.00600444,0.03623592,0.01225422,75.1,58.69,88.8,84.72,100.0,100.0,confirmed_bullish_trend,bullish_above_signal,4H EMA 三线翻转：翻转前 11 根 4H 空头排列；EMA9 最近上穿 EMA26（4 根前）；EMA9 最近上穿 EMA50（4 根前）；EMA26 已上穿 EMA50（2 根前）；价格站上 EMA26/50，EMA9 位于上方；MACD 不转弱；RSI 可交易区 60.1；extension 1.5ATR 未过度拉伸；EMA50 斜率转正；EMA 多头延续；MACD 保持多头
27,AVY,Avery Dennison,Materials,87.55,优先Call候选,167.164993,62.97,0.59,0.02530054,0.06405054,0.02542626,75.1,73.38,100.0,84.72,30.0,100.0,confirmed_bullish_trend,bullish_above_signal,4H EMA 三线翻转：翻转前 5 根 4H 空头排列；EMA9 最近上穿 EMA26（3 根前）；EMA9 最近上穿 EMA50（3 根前）；EMA26 已上穿 EMA50（2 根前）；价格站上 EMA26/50，EMA9 位于上方；MACD 不转弱；RSI 可交易区 63.0；extension 2.1ATR 未过度拉伸；EMA50 斜率转正；EMA 多头延续；MACD 保持多头
28,HGV,HILTON GRAND VACATIONS INC,Consumer Discretionary,87.55,优先Call候选,52.639999,63.26,0.47,0.03949447,0.05543858,-0.01717703,90.4,71.2,72.7,82.44,30.0,100.0,fresh_bullish_cross,bullish_above_signal,4H EMA 三线翻转：翻转前 7 根 4H 空头排列；EMA9 最近上穿 EMA26（1 根前）；EMA9 最近上穿 EMA50（1 根前）；EMA26 贴近 EMA50 且斜率向上；价格站上 EMA26/50，EMA9 位于上方；MACD 不转弱；RSI 可交易区 63.3；extension 2.0ATR 未过度拉伸；EMA50 斜率转正；EMA9/26 新多头交叉；MACD 保持多头
29,CNXC,CONCENTRIX CORP,Industrials,87.5,优先Call候选,25.889999,60.97,0.53,0.05350958,0.09125391,0.03229661,90.4,71.29,81.8,82.44,30.0,100.0,fresh_bullish_cross,bullish_above_signal,4H EMA 三线翻转：翻转前 9 根 4H 空头排列；EMA9 最近上穿 EMA26（2 根前）；EMA9 最近上穿 EMA50（1 根前）；EMA26 贴近 EMA50 且斜率向上；价格站上 EMA26/50，EMA9 位于上方；MACD 不转弱；RSI 可交易区 61.0；extension 1.7ATR 未过度拉伸；EMA50 斜率转正；EMA9/26 新多头交叉；MACD 保持多头
30,LDOS,Leidos,Industrials,87.4,优先Call候选,115.970001,65.11,0.35,0.00878568,0.08281982,0.14515656,65.2,74.9,100.0,84.72,30.0,100.0,mixed_sideways,bullish_above_signal,4H EMA 三线翻转：翻转前 11 根 4H 空头排列；EMA9 最近上穿 EMA26（7 根前）；EMA9 最近上穿 EMA50（4 根前）；EMA26 已上穿 EMA50（0 根前）；价格站上 EMA26/50，EMA9 位于上方；MACD 不转弱；RSI 可交易区 65.1；extension 2.2ATR 未过度拉伸；EMA50 斜率转正；MACD 保持多头
31,VICI,Vici Properties,Real Estate,86.85,优先Call候选,27.004999,55.68,0.53,0.00953267,0.01085529,-0.00055518,87.7,42.4,69.9,80.0,30.0,100.0,early_transition,bullish_above_signal,4H EMA 三线翻转：翻转前 12 根 4H 空头排列；EMA9 最近上穿 EMA26（4 根前）；EMA9 最近上穿 EMA50（1 根前）；EMA26 贴近 EMA50 且斜率向上；价格站上 EMA26/50，EMA9 位于上方；MACD 不转弱；RSI 可交易区 55.7；extension 0.9ATR 未过度拉伸；EMA50 斜率转正；EMA 早期转强；MACD 保持多头
32,WOR,WORTHINGTON ENTERPRISES INC,Industrials,86.85,优先Call候选,56.389999,54.44,0.4,-0.00423807,0.02995432,0.03677147,65.2,59.3,100.0,82.44,30.0,100.0,mixed_sideways,bullish_above_signal,4H EMA 三线翻转：翻转前 10 根 4H 空头排列；EMA9 最近上穿 EMA26（6 根前）；EMA9 最近上穿 EMA50（4 根前）；EMA26 已上穿 EMA50（1 根前）；价格站上 EMA26/50，EMA9 位于上方；MACD 不转弱；RSI 可交易区 54.4；extension 0.5ATR 未过度拉伸；EMA50 斜率转正；MACD 保持多头
33,CHDN,"Churchill Downs, Incorporated - Common Stock",,86.8,优先Call候选,88.919998,64.06,0.56,0.00827754,0.07612249,-0.01185511,87.7,71.13,81.1,83.2,30.0,100.0,early_transition,bullish_above_signal,4H EMA 三线翻转：翻转前 14 根 4H 空头排列；EMA9 最近上穿 EMA26（4 根前）；EMA9 最近上穿 EMA50（2 根前）；EMA26 贴近 EMA50 且斜率向上；价格站上 EMA26/50，EMA9 位于上方；MACD 不转弱；RSI 可交易区 64.1；extension 1.9ATR 未过度拉伸；EMA50 斜率转正；EMA 早期转强；MACD 保持多头
34,CAL,CALERES INC,Consumer Discretionary,86.8,优先Call候选,12.69,55.61,0.31,0.01479408,0.01155839,-0.01627907,87.7,71.42,69.9,82.44,30.0,72.0,early_transition,bullish_above_signal,4H EMA 三线翻转：翻转前 14 根 4H 空头排列；EMA9 最近上穿 EMA26（4 根前）；EMA9 最近上穿 EMA50（2 根前）；EMA26 贴近 EMA50 且斜率向上；价格站上 EMA26/50，EMA9 位于上方；MACD 不转弱；RSI 可交易区 55.6；extension 1.0ATR 未过度拉伸；EMA50 斜率转正；EMA 早期转强；MACD 保持多头
35,CPSS,CONSUMER PORTFOLIO SERVICES INC,Financials,85.75,优先Call候选,9.59,56.09,0.33,0.03340517,0.04694323,0.01000527,87.7,71.45,88.8,82.44,30.0,72.0,early_transition,bullish_above_signal,4H EMA 三线翻转：翻转前 10 根 4H 空头排列；EMA9 最近上穿 EMA26（4 根前）；EMA9 最近上穿 EMA50（1 根前）；EMA26 贴近 EMA50 且斜率向上；价格站上 EMA26/50，EMA9 位于上方；MACD 不转弱；RSI 可交易区 56.1；extension 1.1ATR 未过度拉伸；EMA50 斜率转正；EMA 早期转强；MACD 保持多头
36,GDYN,GRID DYNAMICS HOLDINGS INC CLASS A,Information Technology,85.75,优先Call候选,6.315,63.01,0.93,0.02350081,0.11179577,0.16191352,87.7,73.74,80.4,82.44,68.0,45.0,early_transition,bullish_above_signal,4H EMA 三线翻转：翻转前 10 根 4H 空头排列；EMA9 最近上穿 EMA26（3 根前）；EMA9 最近上穿 EMA50（2 根前）；EMA26 贴近 EMA50 且斜率向上；价格站上 EMA26/50，EMA9 位于上方；MACD 不转弱；RSI 可交易区 63.0；extension 2.1ATR 未过度拉伸；EMA50 斜率转正；EMA 早期转强；MACD 保持多头
37,MAR,Marriott International,Consumer Discretionary,85.65,优先Call候选,380.079987,57.66,0.41,-0.00780541,0.02617236,0.01319538,87.7,58.94,72.6,84.72,30.0,100.0,early_transition,bullish_above_signal,4H EMA 三线翻转：翻转前 14 根 4H 空头排列；EMA9 最近上穿 EMA26（4 根前）；EMA9 最近上穿 EMA50（3 根前）；EMA26 贴近 EMA50 且斜率向上；价格站上 EMA26/50，EMA9 位于上方；MACD 不转弱；RSI 可交易区 57.7；extension 1.1ATR 未过度拉伸；EMA50 斜率转正；EMA 早期转强；MACD 保持多头
38,LKQ,LKQ Corporation - Common Stock,,85.65,优先Call候选,26.42,59.47,0.22,0.00647619,0.04903717,0.00974581,87.7,71.68,88.8,83.2,30.0,100.0,early_transition,bullish_above_signal,4H EMA 三线翻转：翻转前 14 根 4H 空头排列；EMA9 最近上穿 EMA26（4 根前）；EMA9 最近上穿 EMA50（3 根前）；EMA26 贴近 EMA50 且斜率向上；价格站上 EMA26/50，EMA9 位于上方；MACD 不转弱；RSI 可交易区 59.5；extension 1.5ATR 未过度拉伸；EMA50 斜率转正；EMA 早期转强；MACD 保持多头
39,MLP,MAUI LAND AND PINEAPPLE INC,Real Estate,85.15,优先Call候选,17.629999,63.39,1.03,0.01907515,0.06013229,-0.05367687,87.7,71.65,72.7,82.44,68.0,100.0,early_transition,bullish_above_signal,4H EMA 三线翻转：翻转前 11 根 4H 空头排列；EMA9 最近上穿 EMA26（5 根前）；EMA9 最近上穿 EMA50（1 根前）；EMA26 贴近 EMA50 且斜率向上；价格站上 EMA26/50，EMA9 位于上方；MACD 不转弱；RSI 可交易区 63.4；extension 1.7ATR 未过度拉伸；EMA50 斜率转正；EMA 早期转强；MACD 保持多头
40,ACR,ACRES COMMERCIAL REALTY CORP,Financials,85.15,优先Call候选,18.325001,63.86,0.43,0.02546167,0.03472626,0.03472626,87.7,43.21,100.0,82.44,30.0,100.0,early_transition,bullish_above_signal,4H EMA 三线翻转：翻转前 11 根 4H 空头排列；EMA9 最近上穿 EMA26（5 根前）；EMA9 最近上穿 EMA50（1 根前）；EMA26 贴近 EMA50 且斜率向上；价格站上 EMA26/50，EMA9 位于上方；MACD 不转弱；RSI 可交易区 63.9；extension 1.6ATR 未过度拉伸；EMA50 斜率转正；EMA 早期转强；MACD 保持多头
41,BCPC,BALCHEM CORP,Materials,84.75,优先Call候选,164.419998,52.29,0.49,-0.00242694,0.01953242,-0.02386609,90.4,41.51,81.1,80.0,30.0,100.0,fresh_bullish_cross,bullish_above_signal,4H EMA 三线翻转：翻转前 4 根 4H 空头排列；EMA9 最近上穿 EMA26（2 根前）；EMA9 最近上穿 EMA50（1 根前）；EMA26 贴近 EMA50 且斜率向上；价格站上 EMA26/50，EMA9 位于上方；MACD 不转弱；RSI 可交易区 52.3；extension 0.3ATR 未过度拉伸；EMA50 斜率转正；EMA9/26 新多头交叉；MACD 保持多头
42,STLD,Steel Dynamics,Materials,84.65,优先Call候选,255.235001,68.45,0.49,0.02000162,0.06902471,0.08536740,57.2,60.13,100.0,66.72,30.0,100.0,mixed_sideways,bullish_above_signal,4H EMA 三线翻转：翻转前 14 根 4H 空头排列；EMA9 最近上穿 EMA26（10 根前）；EMA9 最近上穿 EMA50（6 根前）；EMA26 已上穿 EMA50（1 根前）；价格站上 EMA26/50，EMA9 位于上方；MACD 不转弱；RSI 可交易区 68.5；extension 2.1ATR 未过度拉伸；EMA50 斜率转正；MACD 保持多头
43,CSV,CARRIAGE SERVICES INC,Consumer Discretionary,84.55,优先Call候选,40.654999,66.9,0.3,0.01586704,0.09908075,0.05652284,87.7,73.62,90.2,82.44,30.0,100.0,early_transition,bullish_above_signal,4H EMA 三线翻转：翻转前 12 根 4H 空头排列；EMA9 最近上穿 EMA26（4 根前）；EMA9 最近上穿 EMA50（3 根前）；EMA26 贴近 EMA50 且斜率向上；价格站上 EMA26/50，EMA9 位于上方；MACD 不转弱；RSI 可交易区 66.9；extension 2.1ATR 未过度拉伸；EMA50 斜率转正；EMA 早期转强；MACD 保持多头
44,ASLE,AERSALE CORP,Industrials,84.5,优先Call候选,6.35,56.6,0.37,-0.02457757,0.04183757,-0.01930502,87.7,72.91,64.9,82.44,30.0,45.0,early_transition,bullish_above_signal,4H EMA 三线翻转：翻转前 14 根 4H 空头排列；EMA9 最近上穿 EMA26（5 根前）；EMA9 最近上穿 EMA50（3 根前）；EMA26 贴近 EMA50 且斜率向上；价格站上 EMA26/50，EMA9 位于上方；MACD 不转弱；RSI 可交易区 56.6；extension 0.9ATR 未过度拉伸；EMA50 斜率转正；EMA 早期转强；MACD 保持多头
45,VGNT,VERSIGENT PLC,Consumer Discretionary,84.5,优先Call候选,43.689999,62.34,0.26,0.04747063,0.05378678,0.08290985,87.7,73.13,91.6,82.44,30.0,100.0,early_transition,bullish_above_signal,4H EMA 三线翻转：翻转前 14 根 4H 空头排列；EMA9 最近上穿 EMA26（6 根前）；EMA9 最近上穿 EMA50（2 根前）；EMA26 贴近 EMA50 且斜率向上；价格站上 EMA26/50，EMA9 位于上方；MACD 不转弱；RSI 可交易区 62.3；extension 1.5ATR 未过度拉伸；EMA50 斜率转正；EMA 早期转强；MACD 保持多头
46,TDG,TransDigm Group,Industrials,84.15,优先Call候选,1279.425049,57.58,0.37,-0.00520554,0.06973548,-0.03232210,90.4,49.54,64.9,80.0,30.0,20.0,fresh_bullish_cross,bullish_above_signal,4H EMA 三线翻转：翻转前 5 根 4H 空头排列；EMA9 最近上穿 EMA26（2 根前）；EMA9 最近上穿 EMA50（2 根前）；EMA26 贴近 EMA50 且斜率向上；价格站上 EMA26/50，EMA9 位于上方；MACD 不转弱；RSI 可交易区 57.6；extension 1.2ATR 未过度拉伸；EMA50 斜率转正；EMA9/26 新多头交叉；MACD 保持多头
47,PEBK,PEOPLES BANCORP OF NORTH CAROLINA,Financials,84.15,优先Call候选,43.110001,53.48,0.19,0.00794952,0.00747838,0.01459164,75.1,61.24,77.6,82.44,30.0,100.0,confirmed_bullish_trend,bullish_above_signal,4H EMA 三线翻转：翻转前 3 根 4H 空头排列；EMA9 最近上穿 EMA26（2 根前）；EMA9 最近上穿 EMA50（2 根前）；EMA26 已上穿 EMA50（6 根前）；价格站上 EMA26/50，EMA9 位于上方；MACD 不转弱；RSI 可交易区 53.5；extension 0.4ATR 未过度拉伸；EMA50 斜率转正；EMA 多头延续；MACD 保持多头
48,UAL,United Airlines Holdings,Industrials,84.0,优先Call候选,122.040001,53.3,0.61,0.01219210,0.04014318,-0.10033169,90.4,47.75,72.7,80.0,30.0,100.0,fresh_bullish_cross,bullish_above_signal,4H EMA 三线翻转：EMA9 最近上穿 EMA26（0 根前）；EMA9 最近上穿 EMA50（0 根前）；EMA26 已上穿 EMA50（0 根前）；价格站上 EMA26/50，EMA9 位于上方；MACD 不转弱；RSI 可交易区 53.3；extension 0.4ATR 未过度拉伸；EMA50 斜率转正；风险/扣分：缺少合线前 EMA9<EMA26<EMA50 的空头底座；EMA9/26 新多头交叉；MACD 保持多头
49,ASO,ACADEMY SPORTS AND OUTDOORS INC,Consumer Discretionary,84.0,优先Call候选,49.52,56.45,0.26,-0.00741630,0.01247189,0.05249737,87.7,73.86,72.6,82.44,30.0,100.0,early_transition,bullish_above_signal,4H EMA 三线翻转：翻转前 11 根 4H 空头排列；EMA9 最近上穿 EMA26（4 根前）；EMA9 最近上穿 EMA50（3 根前）；EMA26 贴近 EMA50 且斜率向上；价格站上 EMA26/50，EMA9 位于上方；MACD 不转弱；RSI 可交易区 56.5；extension 0.9ATR 未过度拉伸；EMA50 斜率转正；EMA 早期转强；MACD 保持多头
50,LULU,Lululemon Athletica,Consumer Discretionary,83.55,优先Call候选,119.150002,56.44,0.46,0.01094520,0.05274785,0.04480885,90.4,48.9,100.0,80.0,30.0,100.0,fresh_bullish_cross,bullish_above_signal,4H EMA 三线翻转：翻转前空头/压缩混合；EMA9 最近上穿 EMA26（2 根前）；EMA9 最近上穿 EMA50（1 根前）；EMA26 贴近 EMA50 且斜率向上；价格站上 EMA26/50，EMA9 位于上方；MACD 不转弱；RSI 可交易区 56.4；extension 0.9ATR 未过度拉伸；EMA50 斜率转正；EMA9/26 新多头交叉；MACD 保持多头
