buy_date,latest_date,strategy,universe,ticker,name,sector,original_rank,current_rank,return,buy_close,latest_close,selection_reason,signal_reason
2026-07-22,2026-08-11,Early,S&P 500,DVN,Devon Energy,Energy,1,10,0.01203747,44.860001,45.400002,4H当日前50,4H EMA9 已站上 EMA26，等待 26/50 确认；4H MACD 位于 Signal 上方；4H MACD 柱体连续扩张；4H RSI 位于健康强势区间
2026-07-22,2026-08-11,Early,S&P 500,GM,General Motors,Consumer Discretionary,2,177,0.08803122,82.129997,89.360001,4H当日前50,4H EMA9/26 最近金叉且价格在 EMA50 上方；4H MACD 位于 Signal 上方；4H MACD 柱体连续扩张；4H RSI 位于健康强势区间
2026-07-22,2026-08-11,Early,S&P 500,COIN,Coinbase,Financials,3,425,-0.10558628,166.119995,148.580002,4H当日前50,4H EMA9 已站上 EMA26，等待 26/50 确认；4H MACD 位于 Signal 上方；4H RSI 位于健康强势区间
2026-07-22,2026-08-11,Early,S&P 500,APA,APA Corporation,Energy,4,250,0.12271971,36.180000,40.619999,4H当日前50,4H EMA9 已站上 EMA26，等待 26/50 确认；4H MACD 位于 Signal 上方；4H MACD 柱体连续扩张；4H RSI 位于健康强势区间
2026-07-22,2026-08-11,Early,S&P 500,TXT,Textron,Industrials,5,346,-0.03856017,91.675003,88.139999,4H当日前50,4H EMA9 已站上 EMA26，等待 26/50 确认；4H MACD 位于 Signal 上方；4H MACD 柱体连续扩张；4H RSI 位于健康强势区间
2026-07-22,2026-08-11,Early,S&P 500,LYB,LyondellBasell,Materials,6,19,0.02713555,62.279999,63.970001,4H当日前50,4H EMA9 已站上 EMA26，等待 26/50 确认；4H MACD 位于 Signal 上方
2026-07-22,2026-08-11,Early,S&P 500,SWK,Stanley Black & Decker,Industrials,7,254,0.16500508,89.269997,104.000000,4H当日前50,4H EMA9/26 最近金叉且价格在 EMA50 上方；4H MACD 零轴上方刚金叉；4H MACD 柱体连续扩张；4H RSI 位于健康强势区间
2026-07-22,2026-08-11,Early,S&P 500,CEG,Constellation Energy,Utilities,8,25,0.01258636,274.899994,278.359985,4H当日前50,4H EMA9 已站上 EMA26，等待 26/50 确认；4H MACD 位于 Signal 上方；4H MACD 柱体连续扩张
2026-07-22,2026-08-11,Early,S&P 500,TAP,Molson Coors Beverage Company,Consumer Staples,9,294,0.02339759,41.029999,41.990002,4H当日前50,4H EMA 多头排列已连续维持；4H MACD 位于 Signal 上方；4H RSI 位于健康强势区间
2026-07-22,2026-08-11,Early,S&P 500,MOS,Mosaic Company (The),Materials,10,29,0.01382181,22.790001,23.105000,4H当日前50,4H MACD 零轴上方刚金叉；4H MACD 柱体连续扩张；4H RSI 位于健康强势区间
2026-07-22,2026-08-11,Early,S&P 500,FOXA,Fox Corporation (Class A),Communication Services,11,112,0.10079713,56.450001,62.139999,4H当日前50,4H EMA9 已站上 EMA26，等待 26/50 确认；4H MACD 位于 Signal 上方；4H RSI 位于健康强势区间
2026-07-22,2026-08-11,Early,S&P 500,DUK,Duke Energy,Utilities,12,376,-0.03697620,127.919998,123.190002,4H当日前50,4H EMA9/26 最近金叉且价格在 EMA50 上方；4H MACD 刚金叉但仍需零轴确认；4H MACD 柱体连续扩张；4H RSI 位于健康强势区间
2026-07-22,2026-08-11,Early,S&P 500,HPE,Hewlett Packard Enterprise,Information Technology,13,116,0.12928586,48.149899,54.375000,4H当日前50,4H EMA9/26 最近金叉且价格在 EMA50 上方；4H MACD 零轴上方刚金叉；4H MACD 柱体连续扩张；4H RSI 位于健康强势区间
2026-07-22,2026-08-11,Early,S&P 500,ULTA,Ulta Beauty,Consumer Discretionary,14,232,0.11960206,483.519989,541.349976,4H当日前50,4H MACD 位于 Signal 上方；4H RSI 位于健康强势区间
2026-07-22,2026-08-11,Early,S&P 500,ADSK,Autodesk,Information Technology,15,242,0.23631448,203.500000,251.589996,4H当日前50,4H EMA9 已站上 EMA26，等待 26/50 确认
2026-07-22,2026-08-11,Early,S&P 500,ALLE,Allegion,Industrials,16,288,0.20299887,140.050003,168.479996,4H当日前50,4H MACD 零轴上方刚金叉；4H MACD 柱体连续扩张；4H RSI 位于健康强势区间
2026-07-22,2026-08-11,Early,S&P 500,DELL,Dell Technologies,Information Technology,17,220,-0.00285759,441.799988,440.537506,4H当日前50,4H EMA9/26 最近金叉且价格在 EMA50 上方；4H MACD 刚金叉但仍需零轴确认；4H MACD 柱体连续扩张；4H RSI 位于健康强势区间
2026-07-22,2026-08-11,Early,S&P 500,ED,Consolidated Edison,Utilities,18,414,-0.04103477,112.099998,107.500000,4H当日前50,4H EMA9/26 最近金叉且价格在 EMA50 上方；4H MACD 柱体连续扩张；4H RSI 位于健康强势区间
2026-07-22,2026-08-11,Early,S&P 500,DGX,Quest Diagnostics,Health Care,19,259,0.13067283,209.990005,237.429993,4H当日前50,4H EMA9/26 最近金叉且价格在 EMA50 上方；4H MACD 零轴上方刚金叉；4H MACD 柱体连续扩张；4H RSI 位于健康强势区间
2026-07-22,2026-08-11,Early,S&P 500,NEE,NextEra Energy,Utilities,20,389,-0.04105144,89.400002,85.730003,4H当日前50,4H MACD 柱体连续扩张；4H RSI 位于健康强势区间
2026-07-22,2026-08-11,Early,S&P 500,ICE,Intercontinental Exchange,Financials,21,164,0.06107272,142.535004,151.240005,4H当日前50,4H MACD 零轴上方刚金叉；4H MACD 柱体连续扩张；4H RSI 位于健康强势区间
2026-07-22,2026-08-11,Early,S&P 500,WAB,Wabtec,Industrials,22,246,0.02782943,289.980011,298.049988,4H当日前50,4H EMA9/26 最近金叉且价格在 EMA50 上方；4H MACD 位于 Signal 上方；4H MACD 柱体连续扩张
2026-07-22,2026-08-11,Early,S&P 500,DE,Deere & Company,Industrials,23,149,0.01695611,607.744995,618.049988,4H当日前50,4H MACD 刚金叉但仍需零轴确认；4H MACD 柱体连续扩张；4H RSI 位于健康强势区间
2026-07-22,2026-08-11,Early,S&P 500,JPM,JPMorgan Chase,Financials,24,43,0.03921196,348.360107,362.019989,4H当日前50,4H EMA 多头排列已连续维持；4H MACD 零轴上方刚金叉；4H MACD 柱体连续扩张；4H RSI 位于健康强势区间
2026-07-22,2026-08-11,Early,S&P 500,ATO,Atmos Energy,Utilities,25,459,-0.05169374,178.455002,169.229996,4H当日前50,4H MACD 柱体连续扩张；4H RSI 位于健康强势区间
2026-07-22,2026-08-11,Early,S&P 500,AMD,Advanced Micro Devices,Information Technology,26,468,-0.14123804,552.330017,474.320007,4H当日前50,4H EMA9/26 最近金叉且价格在 EMA50 上方；4H MACD 刚金叉但仍需零轴确认；4H MACD 柱体连续扩张；4H RSI 位于健康强势区间
2026-07-22,2026-08-11,Early,S&P 500,HAS,Hasbro,Consumer Discretionary,27,228,0.08984726,89.040001,97.040001,4H当日前50,4H EMA9 已站上 EMA26，等待 26/50 确认；4H MACD 位于 Signal 上方
2026-07-22,2026-08-11,Early,S&P 500,A,Agilent Technologies,Health Care,28,286,0.12006605,133.434097,149.455002,4H当日前50,4H EMA9/26 最近金叉且价格在 EMA50 上方；4H MACD 柱体连续扩张；4H RSI 位于健康强势区间
2026-07-22,2026-08-11,Early,S&P 500,FRT,Federal Realty Investment Trust,Real Estate,29,472,-0.06699716,125.080002,116.699997,4H当日前50,4H EMA 多头排列已连续维持；4H MACD 位于 Signal 上方；4H RSI 位于健康强势区间
2026-07-22,2026-08-11,Early,S&P 500,FE,FirstEnergy,Utilities,30,476,-0.04989350,49.305000,46.845001,4H当日前50,4H MACD 零轴上方刚金叉；4H MACD 柱体连续扩张；4H RSI 位于健康强势区间
2026-07-22,2026-08-11,Early,S&P 500,SW,Smurfit Westrock,Materials,31,114,0.11516854,44.500000,49.625000,4H当日前50,4H MACD 刚金叉但仍需零轴确认；4H MACD 柱体连续扩张；4H RSI 位于健康强势区间
2026-07-22,2026-08-11,Early,S&P 500,TMUS,T-Mobile US,Communication Services,32,388,-0.06468003,190.940002,178.589996,4H当日前50,4H RSI 位于健康强势区间
2026-07-22,2026-08-11,Early,S&P 500,CASY,Casey's,Consumer Staples,33,400,-0.03131641,856.739990,829.909973,4H当日前50,4H EMA 多头排列已连续维持；4H MACD 位于 Signal 上方；4H RSI 位于健康强势区间
2026-07-22,2026-08-11,Early,S&P 500,PH,Parker Hannifin,Industrials,34,190,0.09321120,971.299011,1061.834961,4H当日前50,4H EMA 多头排列已连续维持；4H MACD 零轴上方刚金叉；4H MACD 柱体连续扩张；4H RSI 位于健康强势区间
2026-07-22,2026-08-11,Early,S&P 500,KIM,Kimco Realty,Real Estate,35,482,-0.08342894,26.129999,23.950001,4H当日前50,4H EMA 多头排列已连续维持；4H MACD 位于 Signal 上方；4H RSI 位于健康强势区间
2026-07-22,2026-08-11,Early,S&P 500,NVDA,Nvidia,Information Technology,36,109,0.02565313,212.059998,217.500000,4H当日前50,4H MACD 零轴上方刚金叉；4H MACD 柱体连续扩张；4H RSI 位于健康强势区间
2026-07-22,2026-08-11,Early,S&P 500,KMI,Kinder Morgan,Energy,37,349,-0.03033096,32.474998,31.490000,4H当日前50,4H MACD 零轴上方刚金叉；4H RSI 位于健康强势区间
2026-07-22,2026-08-11,Early,S&P 500,HPQ,HP Inc.,Information Technology,38,244,0.15753830,25.105000,29.059999,4H当日前50,4H EMA 多头排列已连续维持；4H MACD 位于 Signal 上方；4H MACD 柱体连续扩张；4H RSI 位于健康强势区间
2026-07-22,2026-08-11,Early,S&P 500,AMGN,Amgen,Health Care,39,241,0.13181260,366.049988,414.299988,4H当日前50,4H EMA 多头排列已连续维持；4H MACD 零轴上方刚金叉；4H RSI 位于健康强势区间
2026-07-22,2026-08-11,Early,S&P 500,HWM,Howmet Aerospace,Industrials,40,324,0.00165577,280.834991,281.299988,4H当日前50,4H EMA 多头排列已连续维持；4H MACD 位于 Signal 上方；4H MACD 柱体连续扩张；4H RSI 位于健康强势区间
2026-07-22,2026-08-11,Early,S&P 500,VST,Vistra Corp.,Utilities,41,402,-0.13076601,166.710007,144.910004,4H当日前50,4H EMA 多头排列已连续维持；4H MACD 位于 Signal 上方；4H MACD 柱体连续扩张；4H RSI 位于健康强势区间
2026-07-22,2026-08-11,Early,S&P 500,AME,Ametek,Industrials,42,202,0.08092545,237.070007,256.255005,4H当日前50,4H EMA 多头排列已连续维持；4H MACD 位于 Signal 上方；4H RSI 位于健康强势区间
2026-07-22,2026-08-11,Early,S&P 500,WMB,Williams Companies,Energy,43,296,-0.02913540,74.480003,72.309998,4H当日前50,4H MACD 柱体连续扩张；4H RSI 位于健康强势区间
2026-07-22,2026-08-11,Early,S&P 500,DPZ,Domino's,Consumer Discretionary,44,226,0.11728109,319.829987,357.339996,4H当日前50,4H MACD 位于 Signal 上方；4H RSI 位于健康强势区间
2026-07-22,2026-08-11,Early,S&P 500,FANG,Diamondback Energy,Energy,45,16,-0.00645255,203.020004,201.710007,4H当日前50,4H EMA 多头排列已连续维持；4H MACD 位于 Signal 上方
2026-07-22,2026-08-11,Early,S&P 500,REG,Regency Centers,Real Estate,46,477,-0.07783995,82.220001,75.820000,4H当日前50,4H EMA 多头排列已连续维持；4H MACD 位于 Signal 上方；4H RSI 位于健康强势区间
2026-07-22,2026-08-11,Early,S&P 500,COP,ConocoPhillips,Energy,47,222,0.05993262,118.800003,125.919998,4H当日前50,4H EMA 多头排列已连续维持；4H MACD 位于 Signal 上方
2026-07-22,2026-08-11,Early,S&P 500,IP,International Paper,Materials,48,227,0.09644401,38.105000,41.779999,4H当日前50,4H MACD 刚金叉但仍需零轴确认；4H MACD 柱体连续扩张；4H RSI 位于健康强势区间
2026-07-22,2026-08-11,Early,S&P 500,ANET,Arista Networks,Information Technology,49,100,0.13053423,174.934998,197.770004,4H当日前50,4H EMA9/26 最近金叉且价格在 EMA50 上方；4H MACD 柱体连续扩张；4H RSI 位于健康强势区间
2026-07-22,2026-08-11,Early,S&P 500,UNH,UnitedHealth Group,Health Care,50,446,-0.06749203,431.309998,402.200012,4H当日前50,4H EMA 多头排列已连续维持；4H MACD 零轴上方刚金叉；4H RSI 位于健康强势区间
2026-07-22,2026-08-11,Early,Nasdaq 200,CEG,Constellation Energy,Utilities,1,15,0.01258636,274.899994,278.359985,4H当日前50,4H EMA9 已站上 EMA26，等待 26/50 确认；4H MACD 位于 Signal 上方；4H MACD 柱体连续扩张
2026-07-22,2026-08-11,Early,Nasdaq 200,FOXA,Fox Corporation (Class A),Communication Services,2,53,0.10079713,56.450001,62.139999,4H当日前50,4H EMA9 已站上 EMA26，等待 26/50 确认；4H MACD 位于 Signal 上方；4H RSI 位于健康强势区间
2026-07-22,2026-08-11,Early,Nasdaq 200,ADSK,Autodesk,Information Technology,3,97,0.23631448,203.500000,251.589996,4H当日前50,4H EMA9 已站上 EMA26，等待 26/50 确认
2026-07-22,2026-08-11,Early,Nasdaq 200,AMD,Advanced Micro Devices,Information Technology,4,194,-0.14123804,552.330017,474.320007,4H当日前50,4H EMA9/26 最近金叉且价格在 EMA50 上方；4H MACD 刚金叉但仍需零轴确认；4H MACD 柱体连续扩张；4H RSI 位于健康强势区间
2026-07-22,2026-08-11,Early,Nasdaq 200,ULTA,Ulta Beauty,Consumer Discretionary,5,95,0.11960206,483.519989,541.349976,4H当日前50,4H MACD 位于 Signal 上方；4H RSI 位于健康强势区间
2026-07-22,2026-08-11,Early,Nasdaq 200,CASY,Casey's,Consumer Staples,6,165,-0.03131641,856.739990,829.909973,4H当日前50,4H EMA 多头排列已连续维持；4H MACD 位于 Signal 上方；4H RSI 位于健康强势区间
2026-07-22,2026-08-11,Early,Nasdaq 200,NVDA,Nvidia,Information Technology,7,54,0.02565313,212.059998,217.500000,4H当日前50,4H MACD 零轴上方刚金叉；4H MACD 柱体连续扩张；4H RSI 位于健康强势区间
2026-07-22,2026-08-11,Early,Nasdaq 200,TMUS,T-Mobile US,Communication Services,8,161,-0.06468003,190.940002,178.589996,4H当日前50,4H RSI 位于健康强势区间
2026-07-22,2026-08-11,Early,Nasdaq 200,DPZ,Domino's,Consumer Discretionary,9,93,0.11728109,319.829987,357.339996,4H当日前50,4H MACD 位于 Signal 上方；4H RSI 位于健康强势区间
2026-07-22,2026-08-11,Early,Nasdaq 200,AMGN,Amgen,Health Care,10,96,0.13181260,366.049988,414.299988,4H当日前50,4H EMA 多头排列已连续维持；4H MACD 零轴上方刚金叉；4H RSI 位于健康强势区间
2026-07-22,2026-08-11,Early,Nasdaq 200,SNY,Sanofi - American Depositary Shares,,11,129,-0.00525234,43.790001,43.560001,4H当日前50,4H RSI 位于健康强势区间
2026-07-22,2026-08-11,Early,Nasdaq 200,JD,"JD.com, Inc. - American Depositary Shares",,12,156,0.05870647,30.150000,31.920000,4H当日前50,4H EMA 多头排列已连续维持；4H MACD 位于 Signal 上方；4H RSI 位于健康强势区间
2026-07-22,2026-08-11,Early,Nasdaq 200,ESLT,Elbit Systems Ltd. - Ordinary Shares,,13,164,-0.02095395,792.690002,776.080017,4H当日前50,4H EMA9/26 最近金叉且价格在 EMA50 上方；4H MACD 位于 Signal 上方；4H MACD 柱体连续扩张；4H RSI 位于健康强势区间
2026-07-22,2026-08-11,Early,Nasdaq 200,AVGO,Broadcom,Information Technology,14,51,0.04856226,396.809998,416.079987,4H当日前50,4H EMA9/26 最近金叉且价格在 EMA50 上方；4H MACD 刚金叉但仍需零轴确认；4H MACD 柱体连续扩张；4H RSI 位于健康强势区间
2026-07-22,2026-08-11,Early,Nasdaq 200,FANG,Diamondback Energy,Energy,15,10,-0.00645255,203.020004,201.710007,4H当日前50,4H EMA 多头排列已连续维持；4H MACD 位于 Signal 上方
2026-07-22,2026-08-11,Early,Nasdaq 200,HON,Honeywell Technologies,Industrials,16,159,-0.01231817,232.990005,230.119995,4H当日前50,4H EMA9 已站上 EMA26，等待 26/50 确认；4H MACD 位于 Signal 上方；4H MACD 柱体连续扩张；4H RSI 位于健康强势区间
2026-07-22,2026-08-11,Early,Nasdaq 200,AKAM,Akamai Technologies,Information Technology,17,152,-0.06138379,124.300003,116.669998,4H当日前50,4H EMA9 已站上 EMA26，等待 26/50 确认；4H MACD 位于 Signal 上方；4H RSI 位于健康强势区间
2026-07-22,2026-08-11,Early,Nasdaq 200,ODFL,Old Dominion,Industrials,18,189,-0.10034365,232.800003,209.440002,4H当日前50,4H MACD 位于 Signal 上方；4H RSI 位于健康强势区间
2026-07-22,2026-08-11,Early,Nasdaq 200,EVRG,Evergy,Utilities,19,185,-0.05233363,86.559998,82.029999,4H当日前50,4H MACD 刚金叉但仍需零轴确认；4H MACD 柱体连续扩张；4H RSI 位于健康强势区间
2026-07-22,2026-08-11,Early,Nasdaq 200,RPRX,Royalty Pharma plc - Class A Ordinary Shares,,20,112,-0.01583787,58.720001,57.790001,4H当日前50,4H EMA 多头排列已连续维持；4H MACD 位于 Signal 上方；4H MACD 柱体连续扩张；4H RSI 位于健康强势区间
2026-07-22,2026-08-11,Early,Nasdaq 200,NTAP,NetApp,Information Technology,21,107,0.19172577,166.539993,198.470001,4H当日前50,4H EMA 多头排列已连续维持；4H MACD 柱体连续扩张；4H RSI 位于健康强势区间
2026-07-22,2026-08-11,Early,Nasdaq 200,MDLZ,Mondelez International,Consumer Staples,22,144,0.01511663,60.860001,61.779999,4H当日前50,4H EMA9 已站上 EMA26，等待 26/50 确认；4H MACD 位于 Signal 上方；4H MACD 柱体连续扩张；4H RSI 位于健康强势区间
2026-07-22,2026-08-11,Early,Nasdaq 200,JBHT,J.B. Hunt,Industrials,23,184,-0.09191071,292.239990,265.380005,4H当日前50,4H EMA 多头排列已连续维持；4H MACD 位于 Signal 上方；4H RSI 位于健康强势区间
2026-07-22,2026-08-11,Early,Nasdaq 200,STLD,Steel Dynamics,Materials,24,55,0.10496984,238.639999,263.690002,4H当日前50,4H EMA9/26 最近金叉且价格在 EMA50 上方；4H MACD 位于 Signal 上方；4H MACD 柱体连续扩张；4H RSI 位于健康强势区间
2026-07-22,2026-08-11,Early,Nasdaq 200,LOGI,Logitech International S.A. - Registered Shares,,25,142,-0.00727824,104.419998,103.660004,4H当日前50,4H EMA9 已站上 EMA26，等待 26/50 确认；4H MACD 位于 Signal 上方；4H MACD 柱体连续扩张；4H RSI 位于健康强势区间
2026-07-22,2026-08-11,Early,Nasdaq 200,GILD,Gilead Sciences,Health Care,26,36,0.04166034,130.339996,135.770004,4H当日前50,
2026-07-22,2026-08-11,Early,Nasdaq 200,SSNC,"SS&C Technologies Holdings, Inc. - Common Stock",,27,105,0.19143542,67.019997,79.849998,4H当日前50,
2026-07-22,2026-08-11,Early,Nasdaq 200,LITE,Lumentum,Information Technology,28,30,-0.01097985,829.700012,820.590027,4H当日前50,4H EMA9/26 最近金叉且价格在 EMA50 上方；4H MACD 位于 Signal 上方；4H RSI 位于健康强势区间
2026-07-22,2026-08-11,Early,Nasdaq 200,PCAR,Paccar,Industrials,29,84,0.01083058,131.110001,132.529999,4H当日前50,4H EMA 多头排列已连续维持；4H MACD 零轴上方刚金叉；4H MACD 柱体连续扩张
2026-07-22,2026-08-11,Early,Nasdaq 200,EXE,Expand Energy,Energy,30,33,0.05441666,93.169998,98.239998,4H当日前50,4H EMA9/26 最近金叉且价格在 EMA50 上方；4H MACD 位于 Signal 上方；4H MACD 柱体连续扩张
2026-07-22,2026-08-11,Early,Nasdaq 200,AMZN,Amazon,Consumer Discretionary,31,85,0.11198686,244.850006,272.269989,4H当日前50,
2026-07-22,2026-08-11,Early,Nasdaq 200,KMB,Kimberly-Clark,Consumer Staples,32,150,-0.00284714,108.879997,108.570000,4H当日前50,4H MACD 柱体连续扩张；4H RSI 位于健康强势区间
2026-07-22,2026-08-11,Early,Nasdaq 200,ROIV,Roivant Sciences Ltd. - Common Shares,,33,46,0.00973933,34.910000,35.250000,4H当日前50,4H EMA 多头排列已连续维持；4H MACD 柱体连续扩张；4H RSI 位于健康强势区间
2026-07-22,2026-08-11,Early,Nasdaq 200,EA,Electronic Arts,Communication Services,34,,-0.02837996,208.949997,203.020004,4H当日前50,4H EMA 多头排列已连续维持；4H MACD 位于 Signal 上方
2026-07-22,2026-08-11,Early,Nasdaq 200,AAPL,Apple Inc.,Information Technology,35,175,-0.06437758,325.890015,304.910004,4H当日前50,4H RSI 位于健康强势区间
2026-07-22,2026-08-11,Early,Nasdaq 200,KHC,Kraft Heinz,Consumer Staples,36,149,-0.05046221,25.959999,24.650000,4H当日前50,4H EMA 多头排列已连续维持；4H RSI 位于健康强势区间
2026-07-22,2026-08-11,Early,Nasdaq 200,CHRW,C.H. Robinson,Industrials,37,198,-0.30021702,207.350006,145.100006,4H当日前50,4H EMA 多头排列已连续维持；4H MACD 位于 Signal 上方；4H RSI 位于健康强势区间
2026-07-22,2026-08-11,Early,Nasdaq 200,CSX,CSX Corporation,Industrials,38,157,0.00020026,49.930000,49.939999,4H当日前50,4H RSI 位于健康强势区间
2026-07-22,2026-08-11,Early,Nasdaq 200,TCOM,Trip.com Group Limited - American Depositary Shares,,39,34,0.08501641,42.580002,46.200001,4H当日前50,4H EMA9 已站上 EMA26，等待 26/50 确认；4H MACD 位于 Signal 上方
2026-07-22,2026-08-11,Early,Nasdaq 200,PLTR,Palantir Technologies,Information Technology,40,126,0.40435098,124.570000,174.940002,4H当日前50,
2026-07-22,2026-08-11,Early,Nasdaq 200,CTSH,Cognizant,Information Technology,41,139,0.35710973,43.180000,58.599998,4H当日前50,4H EMA9 已站上 EMA26，等待 26/50 确认
2026-07-22,2026-08-11,Early,Nasdaq 200,STX,Seagate Technology,Information Technology,42,180,-0.09644308,908.099976,820.520020,4H当日前50,4H EMA9/26 最近金叉且价格在 EMA50 上方；4H MACD 位于 Signal 上方；4H MACD 柱体连续扩张；4H RSI 位于健康强势区间
2026-07-22,2026-08-11,Early,Nasdaq 200,TSEM,Tower Semiconductor Ltd. - Ordinary Shares,,43,5,0.00020039,249.529999,249.580002,4H当日前50,4H EMA9/26 最近金叉且价格在 EMA50 上方；4H MACD 位于 Signal 上方；4H RSI 位于健康强势区间
2026-07-22,2026-08-11,Early,Nasdaq 200,MSFT,Microsoft,Information Technology,44,130,0.29069530,390.339996,503.809998,4H当日前50,4H RSI 位于健康强势区间
2026-07-22,2026-08-11,Early,Nasdaq 200,REGN,Regeneron Pharmaceuticals,Health Care,45,122,0.22393195,651.179993,797.000000,4H当日前50,
2026-07-22,2026-08-11,Early,Nasdaq 200,PDD,PDD Holdings Inc. - American Depositary Shares,,46,69,0.08266544,83.589996,90.500000,4H当日前50,
2026-07-22,2026-08-11,Early,Nasdaq 200,CTAS,Cintas,Industrials,47,35,0.01946761,201.360001,205.279999,4H当日前50,4H EMA 多头排列已连续维持；4H MACD 位于 Signal 上方；4H RSI 位于健康强势区间
2026-07-22,2026-08-11,Early,Nasdaq 200,ILMN,"Illumina, Inc. - Common Stock",,48,146,0.01032117,190.869995,192.839996,4H当日前50,4H EMA 多头排列已连续维持；4H MACD 柱体连续扩张；4H RSI 位于健康强势区间
2026-07-22,2026-08-11,Early,Nasdaq 200,BBIO,"BridgeBio Pharma, Inc. - Common Stock",,49,39,0.01258157,82.660004,83.699997,4H当日前50,4H EMA 多头排列已连续维持；4H MACD 柱体连续扩张；4H RSI 位于健康强势区间
2026-07-22,2026-08-11,Early,Nasdaq 200,MPWR,Monolithic Power Systems,Information Technology,50,2,0.00261721,1398.449951,1402.109985,4H当日前50,4H EMA9/26 最近金叉且价格在 EMA50 上方；4H MACD 位于 Signal 上方；4H MACD 柱体连续扩张；4H RSI 位于健康强势区间
2026-07-22,2026-08-11,Early,Nasdaq Liquid 500,COIN,Coinbase,Financials,1,414,-0.10558628,166.119995,148.580002,4H当日前50,4H EMA9 已站上 EMA26，等待 26/50 确认；4H MACD 位于 Signal 上方；4H RSI 位于健康强势区间
2026-07-22,2026-08-11,Early,Nasdaq Liquid 500,APA,APA Corporation,Energy,2,219,0.12271971,36.180000,40.619999,4H当日前50,4H EMA9 已站上 EMA26，等待 26/50 确认；4H MACD 位于 Signal 上方；4H MACD 柱体连续扩张；4H RSI 位于健康强势区间
2026-07-22,2026-08-11,Early,Nasdaq Liquid 500,CEG,Constellation Energy,Utilities,3,27,0.01258636,274.899994,278.359985,4H当日前50,4H EMA9 已站上 EMA26，等待 26/50 确认；4H MACD 位于 Signal 上方；4H MACD 柱体连续扩张
2026-07-22,2026-08-11,Early,Nasdaq Liquid 500,COCO,THE VITA COCO COMPANY INC,Consumer Staples,4,,-0.13418399,74.449997,64.459999,4H当日前50,4H EMA9 已站上 EMA26，等待 26/50 确认；4H MACD 位于 Signal 上方；4H RSI 位于健康强势区间
2026-07-22,2026-08-11,Early,Nasdaq Liquid 500,PTEN,PATTERSON UTI ENERGY INC,Energy,5,38,0.03171642,10.720000,11.060000,4H当日前50,4H EMA9 已站上 EMA26，等待 26/50 确认；4H MACD 位于 Signal 上方；4H MACD 柱体连续扩张
2026-07-22,2026-08-11,Early,Nasdaq Liquid 500,CZR,"Caesars Entertainment, Inc. - Common Stock",,6,393,-0.00668006,29.940001,29.740000,4H当日前50,4H EMA9/26 最近金叉且价格在 EMA50 上方；4H MACD 零轴上方刚金叉；4H RSI 位于健康强势区间
2026-07-22,2026-08-11,Early,Nasdaq Liquid 500,FOXA,Fox Corporation (Class A),Communication Services,8,97,0.10079713,56.450001,62.139999,4H当日前50,4H EMA9 已站上 EMA26，等待 26/50 确认；4H MACD 位于 Signal 上方；4H RSI 位于健康强势区间
2026-07-22,2026-08-11,Early,Nasdaq Liquid 500,BRKR,Bruker Corporation - Common Stock,,9,305,-0.04553066,59.740002,57.020000,4H当日前50,4H EMA9/26 最近金叉且价格在 EMA50 上方；4H MACD 零轴上方刚金叉；4H MACD 柱体连续扩张；4H RSI 位于健康强势区间
2026-07-22,2026-08-11,Early,Nasdaq Liquid 500,AMD,Advanced Micro Devices,Information Technology,11,470,-0.14123804,552.330017,474.320007,4H当日前50,4H EMA9/26 最近金叉且价格在 EMA50 上方；4H MACD 刚金叉但仍需零轴确认；4H MACD 柱体连续扩张；4H RSI 位于健康强势区间
2026-07-22,2026-08-11,Early,Nasdaq Liquid 500,ADSK,Autodesk,Information Technology,12,210,0.23631448,203.500000,251.589996,4H当日前50,4H EMA9 已站上 EMA26，等待 26/50 确认
2026-07-22,2026-08-11,Early,Nasdaq Liquid 500,FIVE,"Five Below, Inc. - Common Stock",,13,192,0.14333483,204.869995,234.235001,4H当日前50,4H EMA 多头排列已连续维持；4H MACD 位于 Signal 上方；4H RSI 位于健康强势区间
2026-07-22,2026-08-11,Early,Nasdaq Liquid 500,ULTA,Ulta Beauty,Consumer Discretionary,14,202,0.11960206,483.519989,541.349976,4H当日前50,4H MACD 位于 Signal 上方；4H RSI 位于健康强势区间
2026-07-22,2026-08-11,Early,Nasdaq Liquid 500,VSAT,VIASAT INC,Information Technology,15,111,0.13647968,74.370003,84.519997,4H当日前50,4H EMA9/26 最近金叉且价格在 EMA50 上方；4H MACD 刚金叉但仍需零轴确认；4H MACD 柱体连续扩张；4H RSI 位于健康强势区间
2026-07-22,2026-08-11,Early,Nasdaq Liquid 500,HAS,Hasbro,Consumer Discretionary,16,191,0.08984726,89.040001,97.040001,4H当日前50,4H EMA9 已站上 EMA26，等待 26/50 确认；4H MACD 位于 Signal 上方
2026-07-22,2026-08-11,Early,Nasdaq Liquid 500,ICHR,ICHOR HOLDINGS LTD,Information Technology,17,457,-0.29182838,95.330002,67.510002,4H当日前50,4H EMA9/26 最近金叉且价格在 EMA50 上方；4H MACD 刚金叉但仍需零轴确认；4H MACD 柱体连续扩张；4H RSI 位于健康强势区间
2026-07-22,2026-08-11,Early,Nasdaq Liquid 500,VNOM,"Viper Energy, Inc.  - Class A Common Stock",,18,298,-0.05279432,45.270000,42.880001,4H当日前50,4H MACD 位于 Signal 上方
2026-07-22,2026-08-11,Early,Nasdaq Liquid 500,MAT,"Mattel, Inc. - Common Stock",,19,,-0.01805556,14.400000,14.140000,4H当日前50,4H MACD 位于 Signal 上方；4H RSI 位于健康强势区间
2026-07-22,2026-08-11,Early,Nasdaq Liquid 500,CASY,Casey's,Consumer Staples,20,397,-0.03131641,856.739990,829.909973,4H当日前50,4H EMA 多头排列已连续维持；4H MACD 位于 Signal 上方；4H RSI 位于健康强势区间
2026-07-22,2026-08-11,Early,Nasdaq Liquid 500,TWST,TWIST BIOSCIENCE CORP,Health Care,21,248,0.30686768,94.209999,123.120003,4H当日前50,4H EMA 多头排列已连续维持；4H MACD 零轴上方刚金叉；4H MACD 柱体连续扩张；4H RSI 位于健康强势区间
2026-07-22,2026-08-11,Early,Nasdaq Liquid 500,NVDA,Nvidia,Information Technology,22,105,0.02565313,212.059998,217.500000,4H当日前50,4H MACD 零轴上方刚金叉；4H MACD 柱体连续扩张；4H RSI 位于健康强势区间
2026-07-22,2026-08-11,Early,Nasdaq Liquid 500,ENSG,"The Ensign Group, Inc. - Common Stock",,23,,0.07421207,169.110001,181.660004,4H当日前50,4H RSI 位于健康强势区间
2026-07-22,2026-08-11,Early,Nasdaq Liquid 500,TMUS,T-Mobile US,Communication Services,24,382,-0.06468003,190.940002,178.589996,4H当日前50,4H RSI 位于健康强势区间
2026-07-22,2026-08-11,Early,Nasdaq Liquid 500,HST,Host Hotels & Resorts,Real Estate,25,475,-0.09020404,24.500000,22.290001,4H当日前50,4H EMA 多头排列已连续维持；4H MACD 位于 Signal 上方；4H RSI 位于健康强势区间
2026-07-22,2026-08-11,Early,Nasdaq Liquid 500,DPZ,Domino's,Consumer Discretionary,26,194,0.11728109,319.829987,357.339996,4H当日前50,4H MACD 位于 Signal 上方；4H RSI 位于健康强势区间
2026-07-22,2026-08-11,Early,Nasdaq Liquid 500,LASR,NLIGHT INC,Information Technology,27,496,-0.32067922,72.440002,49.209999,4H当日前50,4H EMA 多头排列已连续维持；4H MACD 位于 Signal 上方；4H RSI 位于健康强势区间
2026-07-22,2026-08-11,Early,Nasdaq Liquid 500,AMGN,Amgen,Health Care,28,207,0.13181260,366.049988,414.299988,4H当日前50,4H EMA 多头排列已连续维持；4H MACD 零轴上方刚金叉；4H RSI 位于健康强势区间
2026-07-22,2026-08-11,Early,Nasdaq Liquid 500,JD,"JD.com, Inc. - American Depositary Shares",,29,357,0.05870647,30.150000,31.920000,4H当日前50,4H EMA 多头排列已连续维持；4H MACD 位于 Signal 上方；4H RSI 位于健康强势区间
2026-07-22,2026-08-11,Early,Nasdaq Liquid 500,SNY,Sanofi - American Depositary Shares,,30,303,-0.00525234,43.790001,43.560001,4H当日前50,4H RSI 位于健康强势区间
2026-07-22,2026-08-11,Early,Nasdaq Liquid 500,AVGO,Broadcom,Information Technology,31,102,0.04856226,396.809998,416.079987,4H当日前50,4H EMA9/26 最近金叉且价格在 EMA50 上方；4H MACD 刚金叉但仍需零轴确认；4H MACD 柱体连续扩张；4H RSI 位于健康强势区间
2026-07-22,2026-08-11,Early,Nasdaq Liquid 500,FANG,Diamondback Energy,Energy,32,20,-0.00645255,203.020004,201.710007,4H当日前50,4H EMA 多头排列已连续维持；4H MACD 位于 Signal 上方
2026-07-22,2026-08-11,Early,Nasdaq Liquid 500,LCID,LUCID GROUP INC,Consumer Discretionary,33,360,-0.01179941,6.780000,6.700000,4H当日前50,4H MACD 位于 Signal 上方；4H RSI 位于健康强势区间
2026-07-22,2026-08-11,Early,Nasdaq Liquid 500,REG,Regency Centers,Real Estate,34,480,-0.07783995,82.220001,75.820000,4H当日前50,4H EMA 多头排列已连续维持；4H MACD 位于 Signal 上方；4H RSI 位于健康强势区间
2026-07-22,2026-08-11,Early,Nasdaq Liquid 500,AUR,"Aurora Innovation, Inc.  - Class A Common Stock",,35,79,0.05143722,6.610000,6.950000,4H当日前50,4H EMA9/26 最近金叉且价格在 EMA50 上方；4H MACD 位于 Signal 上方；4H MACD 柱体连续扩张；4H RSI 位于健康强势区间
2026-07-22,2026-08-11,Early,Nasdaq Liquid 500,LGND,LIGAND PHARMACEUTICALS INC,Health Care,36,408,-0.05097617,304.260010,288.750000,4H当日前50,4H EMA9/26 最近金叉且价格在 EMA50 上方；4H MACD 柱体连续扩张；4H RSI 位于健康强势区间
2026-07-22,2026-08-11,Early,Nasdaq Liquid 500,COKE,"Coca-Cola Consolidated, Inc. - Common Stock",,37,381,-0.01437402,184.360001,181.710007,4H当日前50,4H EMA9/26 最近金叉且价格在 EMA50 上方；4H MACD 位于 Signal 上方；4H MACD 柱体连续扩张；4H RSI 位于健康强势区间
2026-07-22,2026-08-11,Early,Nasdaq Liquid 500,URBN,URBAN OUTFITTERS INC,Consumer Discretionary,38,,0.07760143,73.709999,79.430000,4H当日前50,4H MACD 位于 Signal 上方；4H RSI 位于健康强势区间
2026-07-22,2026-08-11,Early,Nasdaq Liquid 500,FSLY,FASTLY INC CLASS A,Information Technology,39,272,0.40664723,20.459999,28.780001,4H当日前50,4H RSI 位于健康强势区间
2026-07-22,2026-08-11,Early,Nasdaq Liquid 500,HON,Honeywell Technologies,Industrials,40,383,-0.01231817,232.990005,230.119995,4H当日前50,4H EMA9 已站上 EMA26，等待 26/50 确认；4H MACD 位于 Signal 上方；4H MACD 柱体连续扩张；4H RSI 位于健康强势区间
2026-07-22,2026-08-11,Early,Nasdaq Liquid 500,RPRX,Royalty Pharma plc - Class A Ordinary Shares,,41,264,-0.01583787,58.720001,57.790001,4H当日前50,4H EMA 多头排列已连续维持；4H MACD 位于 Signal 上方；4H MACD 柱体连续扩张；4H RSI 位于健康强势区间
2026-07-22,2026-08-11,Early,Nasdaq Liquid 500,JAZZ,Jazz Pharmaceuticals plc - Ordinary Shares,,42,377,-0.00970412,250.410004,247.979996,4H当日前50,4H EMA 多头排列已连续维持；4H MACD 位于 Signal 上方；4H RSI 位于健康强势区间
2026-07-22,2026-08-11,Early,Nasdaq Liquid 500,ODFL,Old Dominion,Industrials,43,453,-0.10034365,232.800003,209.440002,4H当日前50,4H MACD 位于 Signal 上方；4H RSI 位于健康强势区间
2026-07-22,2026-08-11,Early,Nasdaq Liquid 500,AVT,"Avnet, Inc. - Common Stock",,44,116,0.06468437,90.129997,95.959999,4H当日前50,4H MACD 位于 Signal 上方；4H MACD 柱体连续扩张；4H RSI 位于健康强势区间
2026-07-22,2026-08-11,Early,Nasdaq Liquid 500,AKAM,Akamai Technologies,Information Technology,45,362,-0.06138379,124.300003,116.669998,4H当日前50,4H EMA9 已站上 EMA26，等待 26/50 确认；4H MACD 位于 Signal 上方；4H RSI 位于健康强势区间
2026-07-22,2026-08-11,Early,Nasdaq Liquid 500,EVRG,Evergy,Utilities,46,448,-0.05233363,86.559998,82.029999,4H当日前50,4H MACD 刚金叉但仍需零轴确认；4H MACD 柱体连续扩张；4H RSI 位于健康强势区间
2026-07-22,2026-08-11,Early,Nasdaq Liquid 500,JBHT,J.B. Hunt,Industrials,47,441,-0.09191071,292.239990,265.380005,4H当日前50,4H EMA 多头排列已连续维持；4H MACD 位于 Signal 上方；4H RSI 位于健康强势区间
2026-07-22,2026-08-11,Early,Nasdaq Liquid 500,STLD,Steel Dynamics,Materials,48,107,0.10496984,238.639999,263.690002,4H当日前50,4H EMA9/26 最近金叉且价格在 EMA50 上方；4H MACD 位于 Signal 上方；4H MACD 柱体连续扩张；4H RSI 位于健康强势区间
2026-07-22,2026-08-11,Early,Nasdaq Liquid 500,ORKA,ORUKA THERAPEUTICS INC,Health Care,49,190,0.13125477,92.529999,104.675003,4H当日前50,4H EMA 多头排列已连续维持；4H MACD 位于 Signal 上方；4H RSI 位于健康强势区间
2026-07-22,2026-08-11,Early,Nasdaq Liquid 500,IBKR,Interactive Brokers,Financials,50,297,-0.03978611,93.500000,89.779999,4H当日前50,4H EMA 多头排列已连续维持；4H MACD 柱体连续扩张；4H RSI 位于健康强势区间
2026-07-22,2026-08-11,Early,Russell,GWRS,GLOBAL WATER RESOURCES INC,Utilities,1,318,0.06284916,7.160000,7.610000,4H当日前50,4H EMA9/26 最近金叉且价格在 EMA50 上方；4H MACD 零轴上方刚金叉；4H MACD 柱体连续扩张；4H RSI 位于健康强势区间
2026-07-22,2026-08-11,Early,Russell,PHAT,PHATHOM PHARMACEUTICALS INC,Health Care,2,1713,-0.27264957,11.700000,8.510000,4H当日前50,4H EMA9/26 最近金叉且价格在 EMA50 上方；4H MACD 刚金叉但仍需零轴确认；4H MACD 柱体连续扩张；4H RSI 位于健康强势区间
2026-07-22,2026-08-11,Early,Russell,SPOK,SPOK HOLDINGS INC,Communication,3,299,0.07417840,10.650000,11.440000,4H当日前50,4H EMA9 已站上 EMA26，等待 26/50 确认；4H MACD 位于 Signal 上方；4H RSI 位于健康强势区间
2026-07-22,2026-08-11,Early,Russell,GNL,GLOBAL NET LEASE INC,Real Estate,4,23,-0.01037684,9.155000,9.060000,4H当日前50,4H EMA9 已站上 EMA26，等待 26/50 确认；4H MACD 位于 Signal 上方；4H RSI 位于健康强势区间
2026-07-22,2026-08-11,Early,Russell,MATV,MATIV HOLDINGS INC,Materials,5,1112,0.57636923,8.125000,12.808000,4H当日前50,4H EMA9 已站上 EMA26，等待 26/50 确认；4H MACD 位于 Signal 上方；4H RSI 位于健康强势区间
2026-07-22,2026-08-11,Early,Russell,SRI,STONERIDGE INC,Consumer Discretionary,6,1578,-0.08389716,7.390000,6.770000,4H当日前50,4H EMA9/26 最近金叉且价格在 EMA50 上方；4H MACD 位于 Signal 上方；4H MACD 柱体连续扩张；4H RSI 位于健康强势区间
2026-07-22,2026-08-11,Early,Russell,NLOP,NET LEASE OFFICE PROPERTIES,Real Estate,7,734,-0.00285888,11.543000,11.510000,4H当日前50,4H EMA9 已站上 EMA26，等待 26/50 确认；4H MACD 位于 Signal 上方；4H RSI 位于健康强势区间
2026-07-22,2026-08-11,Early,Russell,WHD,CACTUS INC CLASS A,Energy,8,1087,0.28642859,56.000000,72.040001,4H当日前50,4H EMA9 已站上 EMA26，等待 26/50 确认；4H MACD 位于 Signal 上方；4H MACD 柱体连续扩张；4H RSI 位于健康强势区间
2026-07-22,2026-08-11,Early,Russell,ECVT,ECOVYST INC,Materials,9,1796,-0.21930502,12.950000,10.110000,4H当日前50,4H EMA9 已站上 EMA26，等待 26/50 确认；4H MACD 位于 Signal 上方；4H MACD 柱体连续扩张；4H RSI 位于健康强势区间
2026-07-22,2026-08-11,Early,Russell,SGP,SPYGLASS PHARMA INC SHS,Health Care,10,410,0.20983441,20.540001,24.850000,4H当日前50,4H EMA9/26 最近金叉且价格在 EMA50 上方；4H MACD 柱体连续扩张；4H RSI 位于健康强势区间
2026-07-22,2026-08-11,Early,Russell,INR,INFINITY NATURAL RESOURCES INC CLA,Energy,11,71,0.02827763,13.615000,14.000000,4H当日前50,4H EMA9 已站上 EMA26，等待 26/50 确认；4H MACD 位于 Signal 上方；4H MACD 柱体连续扩张；4H RSI 位于健康强势区间
2026-07-22,2026-08-11,Early,Russell,CNR,CORE NATURAL RESOURCES INC,Energy,12,304,0.07112251,87.525002,93.750000,4H当日前50,4H EMA9 已站上 EMA26，等待 26/50 确认；4H MACD 位于 Signal 上方；4H MACD 柱体连续扩张；4H RSI 位于健康强势区间
2026-07-22,2026-08-11,Early,Russell,VVX,V2X INC,Industrials,13,1268,-0.00554215,81.014999,80.566002,4H当日前50,4H EMA9 已站上 EMA26，等待 26/50 确认；4H MACD 位于 Signal 上方；4H MACD 柱体连续扩张；4H RSI 位于健康强势区间
2026-07-22,2026-08-11,Early,Russell,PANL,PANGAEA LOGISTICS SOLUTIONS LTD,Industrials,14,1684,-0.07620321,7.480000,6.910000,4H当日前50,4H EMA9 已站上 EMA26，等待 26/50 确认；4H MACD 位于 Signal 上方；4H RSI 位于健康强势区间
2026-07-22,2026-08-11,Early,Russell,NTGR,NETGEAR INC,Information Technology,15,228,-0.03127543,24.620001,23.850000,4H当日前50,4H EMA9 已站上 EMA26，等待 26/50 确认；4H MACD 位于 Signal 上方；4H MACD 柱体连续扩张；4H RSI 位于健康强势区间
2026-07-22,2026-08-11,Early,Russell,CPS,COOPER STANDARD HOLDINGS INC,Consumer Discretionary,16,706,-0.05444518,29.020000,27.440001,4H当日前50,4H EMA9 已站上 EMA26，等待 26/50 确认；4H MACD 位于 Signal 上方；4H RSI 位于健康强势区间
2026-07-22,2026-08-11,Early,Russell,UVV,UNIVERSAL CORP,Consumer Staples,17,1701,-0.13972089,53.750000,46.240002,4H当日前50,4H EMA9 已站上 EMA26，等待 26/50 确认；4H MACD 位于 Signal 上方；4H RSI 位于健康强势区间
2026-07-22,2026-08-11,Early,Russell,RELL,RICHARDSON ELECTRONICS LTD,Information Technology,18,551,0.12159917,18.010000,20.200001,4H当日前50,4H EMA9/26 最近金叉且价格在 EMA50 上方；4H MACD 位于 Signal 上方；4H MACD 柱体连续扩张；4H RSI 位于健康强势区间
2026-07-22,2026-08-11,Early,Russell,HMH,HMH HOLDING INC CLASS A,Energy,19,1172,-0.05415672,21.049999,19.910000,4H当日前50,4H EMA9 已站上 EMA26，等待 26/50 确认；4H MACD 位于 Signal 上方；4H MACD 柱体连续扩张；4H RSI 位于健康强势区间
2026-07-22,2026-08-11,Early,Russell,RWT,REDWOOD TRUST REIT INC,Financials,20,1501,-0.07480315,5.080000,4.700000,4H当日前50,4H EMA9 已站上 EMA26，等待 26/50 确认；4H MACD 柱体连续扩张；4H RSI 位于健康强势区间
2026-07-22,2026-08-11,Early,Russell,EPSN,EPSILON ENERGY LTD,Energy,21,80,0.04416961,5.660000,5.910000,4H当日前50,4H EMA9 已站上 EMA26，等待 26/50 确认；4H MACD 位于 Signal 上方；4H MACD 柱体连续扩张；4H RSI 位于健康强势区间
2026-07-22,2026-08-11,Early,Russell,INVX,INNOVEX INTERNATIONAL INC,Energy,22,747,0.10724531,27.190001,30.106001,4H当日前50,4H EMA9 已站上 EMA26，等待 26/50 确认；4H MACD 位于 Signal 上方；4H MACD 柱体连续扩张
2026-07-22,2026-08-11,Early,Russell,AURA,AURA BIOSCIENCES INC,Health Care,23,370,0.14693295,7.010000,8.040000,4H当日前50,4H EMA9/26 最近金叉且价格在 EMA50 上方；4H MACD 刚金叉但仍需零轴确认；4H MACD 柱体连续扩张；4H RSI 位于健康强势区间
2026-07-22,2026-08-11,Early,Russell,RNGR,RANGER ENERGY SERVICES INC CLASS A,Energy,24,592,0.05156525,16.290001,17.129999,4H当日前50,4H EMA 多头排列已连续维持；4H MACD 零轴上方刚金叉；4H MACD 柱体连续扩张；4H RSI 位于健康强势区间
2026-07-22,2026-08-11,Early,Russell,PTEN,PATTERSON UTI ENERGY INC,Energy,25,128,0.03171642,10.720000,11.060000,4H当日前50,4H EMA9 已站上 EMA26，等待 26/50 确认；4H MACD 位于 Signal 上方；4H MACD 柱体连续扩张
2026-07-22,2026-08-11,Early,Russell,FLR,FLUOR CORP,Industrials,26,465,0.02694841,51.580002,52.970001,4H当日前50,4H EMA9/26 最近金叉且价格在 EMA50 上方；4H MACD 位于 Signal 上方；4H MACD 柱体连续扩张；4H RSI 位于健康强势区间
2026-07-22,2026-08-11,Early,Russell,GNE,GENIE ENERGY LTD CLASS B,Utilities,27,202,0.00068823,14.530000,14.540000,4H当日前50,4H EMA9/26 最近金叉且价格在 EMA50 上方；4H MACD 位于 Signal 上方；4H MACD 柱体连续扩张；4H RSI 位于健康强势区间
2026-07-22,2026-08-11,Early,Russell,PNRG,PRIMEENERGY RESOURCES CORP,Energy,28,77,0.00757515,193.395004,194.860001,4H当日前50,4H EMA9 已站上 EMA26，等待 26/50 确认；4H MACD 位于 Signal 上方；4H RSI 位于健康强势区间
2026-07-22,2026-08-11,Early,Russell,COCO,THE VITA COCO COMPANY INC,Consumer Staples,29,1496,-0.13418399,74.449997,64.459999,4H当日前50,4H EMA9 已站上 EMA26，等待 26/50 确认；4H MACD 位于 Signal 上方；4H RSI 位于健康强势区间
2026-07-22,2026-08-11,Early,Russell,GATX,GATX CORP,Industrials,30,1401,-0.01494486,180.330002,177.634995,4H当日前50,4H EMA 多头排列已连续维持；4H MACD 零轴上方刚金叉；4H MACD 柱体连续扩张；4H RSI 位于健康强势区间
2026-07-22,2026-08-11,Early,Russell,STNE,STONECO LTD CLASS A,Financials,31,1869,-0.12323944,11.360000,9.960000,4H当日前50,4H EMA 多头排列已连续维持；4H MACD 零轴上方刚金叉；4H RSI 位于健康强势区间
2026-07-22,2026-08-11,Early,Russell,PAHC,PHIBRO ANIMAL HEALTH CORP CLASS A,Health Care,32,698,0.00798583,33.810001,34.080002,4H当日前50,4H EMA9 已站上 EMA26，等待 26/50 确认；4H MACD 柱体连续扩张；4H RSI 位于健康强势区间
2026-07-22,2026-08-11,Early,Russell,GBX,GREENBRIER INC,Industrials,33,1710,-0.09649638,51.090000,46.160000,4H当日前50,4H EMA 多头排列已连续维持；4H MACD 位于 Signal 上方；4H MACD 柱体连续扩张；4H RSI 位于健康强势区间
2026-07-22,2026-08-11,Early,Russell,BRCB,BLACK ROCK COFFEE BAR INC CLASS A,Consumer Discretionary,34,1883,-0.13299875,7.970000,6.910000,4H当日前50,4H EMA9/26 最近金叉且价格在 EMA50 上方；4H MACD 柱体连续扩张；4H RSI 位于健康强势区间
2026-07-22,2026-08-11,Early,Russell,TWI,TITAN INTERNATIONAL INC,Industrials,35,1443,-0.10088050,7.950000,7.148000,4H当日前50,4H EMA 多头排列已连续维持；4H MACD 位于 Signal 上方；4H MACD 柱体连续扩张；4H RSI 位于健康强势区间
2026-07-22,2026-08-11,Early,Russell,CIX,COMPX INTERNATIONAL INC CLASS A,Industrials,36,669,0.20013375,26.184999,31.425501,4H当日前50,4H EMA9/26 最近金叉且价格在 EMA50 上方；4H MACD 刚金叉但仍需零轴确认；4H MACD 柱体连续扩张；4H RSI 位于健康强势区间
2026-07-22,2026-08-11,Early,Russell,JOUT,JOHNSON OUTDOORS INC CLASS A,Consumer Discretionary,37,1211,0.00899739,46.680000,47.099998,4H当日前50,4H EMA 多头排列已连续维持；4H MACD 位于 Signal 上方；4H RSI 位于健康强势区间
2026-07-22,2026-08-11,Early,Russell,ILPT,INDUSTRIAL LOGISTICS PROPERTIES TR,Real Estate,38,902,-0.03066813,9.130000,8.850000,4H当日前50,4H EMA9/26 最近金叉且价格在 EMA50 上方；4H MACD 零轴上方刚金叉；4H RSI 位于健康强势区间
2026-07-22,2026-08-11,Early,Russell,MRX,MAREX GROUP LTD,Financials,39,1716,-0.08990126,65.849998,59.930000,4H当日前50,4H EMA9/26 最近金叉且价格在 EMA50 上方；4H MACD 刚金叉但仍需零轴确认；4H MACD 柱体连续扩张；4H RSI 位于健康强势区间
2026-07-22,2026-08-11,Early,Russell,SFL,SFL LTD,Energy,40,1362,0.01940848,11.330100,11.550000,4H当日前50,4H EMA 多头排列已连续维持；4H MACD 位于 Signal 上方；4H RSI 位于健康强势区间
2026-07-22,2026-08-11,Early,Russell,VTOL,BRISTOW GROUP INC,Energy,41,275,0.02551016,45.080002,46.230000,4H当日前50,4H EMA 多头排列已连续维持；4H MACD 位于 Signal 上方；4H RSI 位于健康强势区间
2026-07-22,2026-08-11,Early,Russell,NUAI,NEW ERA ENERGY AND DIGITAL INC,Energy,42,469,-0.09982788,5.810000,5.230000,4H当日前50,4H EMA9 已站上 EMA26，等待 26/50 确认；4H MACD 位于 Signal 上方；4H RSI 位于健康强势区间
2026-07-22,2026-08-11,Early,Russell,MGEE,MGE ENERGY INC,Utilities,43,76,-0.02349677,82.989998,81.040001,4H当日前50,4H EMA9/26 最近金叉且价格在 EMA50 上方；4H MACD 零轴上方刚金叉；4H MACD 柱体连续扩张；4H RSI 位于健康强势区间
2026-07-22,2026-08-11,Early,Russell,NWN,NORTHWEST NATURAL HOLDING COMPANY,Utilities,44,916,-0.02377023,51.535000,50.310001,4H当日前50,4H MACD 零轴上方刚金叉；4H MACD 柱体连续扩张；4H RSI 位于健康强势区间
2026-07-22,2026-08-11,Early,Russell,ATMU,ATMUS FILTRATION TECHNOLOGIES INC,Industrials,45,1488,-0.05790478,52.500000,49.459999,4H当日前50,4H MACD 零轴上方刚金叉；4H MACD 柱体连续扩张；4H RSI 位于健康强势区间
2026-07-22,2026-08-11,Early,Russell,ARKO,ARKO,Consumer Discretionary,46,1898,-0.46088020,8.180000,4.410000,4H当日前50,4H EMA9/26 最近金叉且价格在 EMA50 上方；4H MACD 零轴上方刚金叉；4H MACD 柱体连续扩张；4H RSI 位于健康强势区间
2026-07-22,2026-08-11,Early,Russell,PGEN,PRECIGEN INC,Health Care,47,921,0.28947368,5.320000,6.860000,4H当日前50,4H EMA9/26 最近金叉且价格在 EMA50 上方；4H MACD 位于 Signal 上方；4H MACD 柱体连续扩张；4H RSI 位于健康强势区间
2026-07-22,2026-08-11,Early,Russell,OIS,OIL STATES INTERNATIONAL INC,Energy,48,65,0.01146789,8.720000,8.820000,4H当日前50,4H EMA 多头排列已连续维持；4H MACD 零轴上方刚金叉；4H MACD 柱体连续扩张；4H RSI 位于健康强势区间
2026-07-22,2026-08-11,Early,Russell,UNFI,UNITED NATURAL FOODS INC,Consumer Staples,49,1525,-0.05562213,50.070000,47.285000,4H当日前50,4H EMA9 已站上 EMA26，等待 26/50 确认；4H MACD 位于 Signal 上方；4H RSI 位于健康强势区间
2026-07-22,2026-08-11,Early,Russell,SMC,SUMMIT MIDSTREAM CORP,Energy,50,959,0.14507089,30.330000,34.730000,4H当日前50,4H EMA9/26 最近金叉且价格在 EMA50 上方；4H MACD 柱体连续扩张；4H RSI 位于健康强势区间
2026-07-22,2026-08-11,Prism,S&P 500,SWK,Stanley Black & Decker,Industrials,1,148,0.16500508,89.269997,104.000000,4H当日前50,4H EMA9/26 最近金叉且价格在 EMA50 上方；4H MACD 零轴上方刚金叉；4H MACD 柱体连续扩张；4H RSI 位于健康强势区间
2026-07-22,2026-08-11,Prism,S&P 500,CME,CME Group,Financials,2,323,0.04044295,249.240005,259.320007,4H当日前50,4H EMA9 已站上 EMA26，等待 26/50 确认；4H MACD 零轴上方刚金叉；4H MACD 柱体连续扩张；4H RSI 位于健康强势区间
2026-07-22,2026-08-11,Prism,S&P 500,AVGO,Broadcom,Information Technology,3,69,0.04856226,396.809998,416.079987,4H当日前50,4H EMA9/26 最近金叉且价格在 EMA50 上方；4H MACD 刚金叉但仍需零轴确认；4H MACD 柱体连续扩张；4H RSI 位于健康强势区间
2026-07-22,2026-08-11,Prism,S&P 500,DUK,Duke Energy,Utilities,4,347,-0.03697620,127.919998,123.190002,4H当日前50,4H EMA9/26 最近金叉且价格在 EMA50 上方；4H MACD 刚金叉但仍需零轴确认；4H MACD 柱体连续扩张；4H RSI 位于健康强势区间
2026-07-22,2026-08-11,Prism,S&P 500,DGX,Quest Diagnostics,Health Care,5,230,0.13067283,209.990005,237.429993,4H当日前50,4H EMA9/26 最近金叉且价格在 EMA50 上方；4H MACD 零轴上方刚金叉；4H MACD 柱体连续扩张；4H RSI 位于健康强势区间
2026-07-22,2026-08-11,Prism,S&P 500,DVN,Devon Energy,Energy,6,36,0.01203747,44.860001,45.400002,4H当日前50,4H EMA9 已站上 EMA26，等待 26/50 确认；4H MACD 位于 Signal 上方；4H MACD 柱体连续扩张；4H RSI 位于健康强势区间
2026-07-22,2026-08-11,Prism,S&P 500,CBOE,Cboe Global Markets,Financials,7,360,0.00283669,282.024994,282.825012,4H当日前50,4H EMA9 已站上 EMA26，等待 26/50 确认；4H MACD 零轴上方刚金叉；4H MACD 柱体连续扩张；4H RSI 位于健康强势区间
2026-07-22,2026-08-11,Prism,S&P 500,AKAM,Akamai Technologies,Information Technology,8,338,-0.06138379,124.300003,116.669998,4H当日前50,4H EMA9 已站上 EMA26，等待 26/50 确认；4H MACD 位于 Signal 上方；4H RSI 位于健康强势区间
2026-07-22,2026-08-11,Prism,S&P 500,MDLZ,Mondelez International,Consumer Staples,9,318,0.01511663,60.860001,61.779999,4H当日前50,4H EMA9 已站上 EMA26，等待 26/50 确认；4H MACD 位于 Signal 上方；4H MACD 柱体连续扩张；4H RSI 位于健康强势区间
2026-07-22,2026-08-11,Prism,S&P 500,COIN,Coinbase,Financials,10,423,-0.10558628,166.119995,148.580002,4H当日前50,4H EMA9 已站上 EMA26，等待 26/50 确认；4H MACD 位于 Signal 上方；4H RSI 位于健康强势区间
2026-07-22,2026-08-11,Prism,S&P 500,HPE,Hewlett Packard Enterprise,Information Technology,11,79,0.12928586,48.149899,54.375000,4H当日前50,4H EMA9/26 最近金叉且价格在 EMA50 上方；4H MACD 零轴上方刚金叉；4H MACD 柱体连续扩张；4H RSI 位于健康强势区间
2026-07-22,2026-08-11,Prism,S&P 500,GM,General Motors,Consumer Discretionary,12,276,0.08803122,82.129997,89.360001,4H当日前50,4H EMA9/26 最近金叉且价格在 EMA50 上方；4H MACD 位于 Signal 上方；4H MACD 柱体连续扩张；4H RSI 位于健康强势区间
2026-07-22,2026-08-11,Prism,S&P 500,APA,APA Corporation,Energy,13,187,0.12271971,36.180000,40.619999,4H当日前50,4H EMA9 已站上 EMA26，等待 26/50 确认；4H MACD 位于 Signal 上方；4H MACD 柱体连续扩张；4H RSI 位于健康强势区间
2026-07-22,2026-08-11,Prism,S&P 500,A,Agilent Technologies,Health Care,14,279,0.12006605,133.434097,149.455002,4H当日前50,4H EMA9/26 最近金叉且价格在 EMA50 上方；4H MACD 柱体连续扩张；4H RSI 位于健康强势区间
2026-07-22,2026-08-11,Prism,S&P 500,DELL,Dell Technologies,Information Technology,15,298,-0.00285759,441.799988,440.537506,4H当日前50,4H EMA9/26 最近金叉且价格在 EMA50 上方；4H MACD 刚金叉但仍需零轴确认；4H MACD 柱体连续扩张；4H RSI 位于健康强势区间
2026-07-22,2026-08-11,Prism,S&P 500,PFE,Pfizer,Health Care,16,98,0.07148611,24.830000,26.605000,4H当日前50,4H EMA9 已站上 EMA26，等待 26/50 确认；4H MACD 位于 Signal 上方；4H RSI 位于健康强势区间
2026-07-22,2026-08-11,Prism,S&P 500,TXT,Textron,Industrials,17,320,-0.03856017,91.675003,88.139999,4H当日前50,4H EMA9 已站上 EMA26，等待 26/50 确认；4H MACD 位于 Signal 上方；4H MACD 柱体连续扩张；4H RSI 位于健康强势区间
2026-07-22,2026-08-11,Prism,S&P 500,HON,Honeywell Technologies,Industrials,18,392,-0.01231817,232.990005,230.119995,4H当日前50,4H EMA9 已站上 EMA26，等待 26/50 确认；4H MACD 位于 Signal 上方；4H MACD 柱体连续扩张；4H RSI 位于健康强势区间
2026-07-22,2026-08-11,Prism,S&P 500,DOW,Dow Inc.,Materials,19,1,0.00096061,31.230000,31.260000,4H当日前50,4H EMA9 已站上 EMA26，等待 26/50 确认；4H MACD 位于 Signal 上方；4H MACD 柱体连续扩张；4H RSI 位于健康强势区间
2026-07-22,2026-08-11,Prism,S&P 500,FDX,FedEx,Industrials,20,72,0.00409683,320.980011,322.295013,4H当日前50,4H EMA9/26 最近金叉且价格在 EMA50 上方；4H MACD 刚金叉但仍需零轴确认；4H MACD 柱体连续扩张；4H RSI 位于健康强势区间
2026-07-22,2026-08-11,Prism,S&P 500,VICI,Vici Properties,Real Estate,21,399,-0.02183731,26.559999,25.980000,4H当日前50,4H EMA9 已站上 EMA26，等待 26/50 确认；4H MACD 位于 Signal 上方；4H RSI 位于健康强势区间
2026-07-22,2026-08-11,Prism,S&P 500,ED,Consolidated Edison,Utilities,22,418,-0.04103477,112.099998,107.500000,4H当日前50,4H EMA9/26 最近金叉且价格在 EMA50 上方；4H MACD 柱体连续扩张；4H RSI 位于健康强势区间
2026-07-22,2026-08-11,Prism,S&P 500,EQT,EQT Corporation,Energy,23,73,0.00629222,54.035000,54.375000,4H当日前50,4H EMA9/26 最近金叉且价格在 EMA50 上方；4H MACD 位于 Signal 上方；4H MACD 柱体连续扩张
2026-07-22,2026-08-11,Prism,S&P 500,CEG,Constellation Energy,Utilities,24,67,0.01258636,274.899994,278.359985,4H当日前50,4H EMA9 已站上 EMA26，等待 26/50 确认；4H MACD 位于 Signal 上方；4H MACD 柱体连续扩张
2026-07-22,2026-08-11,Prism,S&P 500,EXE,Expand Energy,Energy,25,105,0.05441666,93.169998,98.239998,4H当日前50,4H EMA9/26 最近金叉且价格在 EMA50 上方；4H MACD 位于 Signal 上方；4H MACD 柱体连续扩张
2026-07-22,2026-08-11,Prism,S&P 500,CTSH,Cognizant,Information Technology,26,352,0.35710973,43.180000,58.599998,4H当日前50,4H EMA9 已站上 EMA26，等待 26/50 确认
2026-07-22,2026-08-11,Prism,S&P 500,AMD,Advanced Micro Devices,Information Technology,27,469,-0.14123804,552.330017,474.320007,4H当日前50,4H EMA9/26 最近金叉且价格在 EMA50 上方；4H MACD 刚金叉但仍需零轴确认；4H MACD 柱体连续扩张；4H RSI 位于健康强势区间
2026-07-22,2026-08-11,Prism,S&P 500,STLD,Steel Dynamics,Materials,28,191,0.10496984,238.639999,263.690002,4H当日前50,4H EMA9/26 最近金叉且价格在 EMA50 上方；4H MACD 位于 Signal 上方；4H MACD 柱体连续扩张；4H RSI 位于健康强势区间
2026-07-22,2026-08-11,Prism,S&P 500,WY,Weyerhaeuser,Real Estate,29,284,0.05102902,23.809999,25.025000,4H当日前50,4H EMA9 已站上 EMA26，等待 26/50 确认；4H MACD 位于 Signal 上方；4H RSI 位于健康强势区间
2026-07-22,2026-08-11,Prism,S&P 500,VZ,Verizon,Communication Services,30,234,0.06775833,44.275002,47.275002,4H当日前50,4H EMA9 已站上 EMA26，等待 26/50 确认；4H MACD 位于 Signal 上方；4H RSI 位于健康强势区间
2026-07-22,2026-08-11,Prism,S&P 500,WAB,Wabtec,Industrials,31,252,0.02782943,289.980011,298.049988,4H当日前50,4H EMA9/26 最近金叉且价格在 EMA50 上方；4H MACD 位于 Signal 上方；4H MACD 柱体连续扩张
2026-07-22,2026-08-11,Prism,S&P 500,UNH,UnitedHealth Group,Health Care,32,430,-0.06749203,431.309998,402.200012,4H当日前50,4H EMA 多头排列已连续维持；4H MACD 零轴上方刚金叉；4H RSI 位于健康强势区间
2026-07-22,2026-08-11,Prism,S&P 500,AMGN,Amgen,Health Care,33,122,0.13181260,366.049988,414.299988,4H当日前50,4H EMA 多头排列已连续维持；4H MACD 零轴上方刚金叉；4H RSI 位于健康强势区间
2026-07-22,2026-08-11,Prism,S&P 500,DD,DuPont,Materials,34,290,0.03365565,139.649994,144.350006,4H当日前50,4H EMA9/26 最近金叉且价格在 EMA50 上方；4H MACD 位于 Signal 上方；4H MACD 柱体连续扩张；4H RSI 位于健康强势区间
2026-07-22,2026-08-11,Prism,S&P 500,TPR,"Tapestry, Inc.",Consumer Discretionary,35,309,0.11695792,143.667007,160.470001,4H当日前50,4H EMA9/26 最近金叉且价格在 EMA50 上方；4H MACD 位于 Signal 上方；4H MACD 柱体连续扩张；4H RSI 位于健康强势区间
2026-07-22,2026-08-11,Prism,S&P 500,BF-B,Brown–Forman,Consumer Staples,36,226,0.06210450,26.391001,28.030001,4H当日前50,4H EMA9/26 最近金叉且价格在 EMA50 上方；4H MACD 位于 Signal 上方；4H RSI 位于健康强势区间
2026-07-22,2026-08-11,Prism,S&P 500,LYB,LyondellBasell,Materials,37,88,0.02713555,62.279999,63.970001,4H当日前50,4H EMA9 已站上 EMA26，等待 26/50 确认；4H MACD 位于 Signal 上方
2026-07-22,2026-08-11,Prism,S&P 500,MRK,Merck & Co.,Health Care,38,38,0.02297679,127.519997,130.449997,4H当日前50,4H EMA 多头排列已连续维持；4H MACD 零轴上方刚金叉；4H MACD 柱体连续扩张；4H RSI 位于健康强势区间
2026-07-22,2026-08-11,Prism,S&P 500,FCX,Freeport-McMoRan,Materials,39,277,0.05970157,64.989998,68.870003,4H当日前50,4H EMA9/26 最近金叉且价格在 EMA50 上方；4H MACD 位于 Signal 上方；4H MACD 柱体连续扩张；4H RSI 位于健康强势区间
2026-07-22,2026-08-11,Prism,S&P 500,EL,Estée Lauder Companies (The),Consumer Staples,40,102,0.06105602,82.669998,87.717499,4H当日前50,4H EMA9 已站上 EMA26，等待 26/50 确认；4H MACD 位于 Signal 上方；4H RSI 位于健康强势区间
2026-07-22,2026-08-11,Prism,S&P 500,INTU,Intuit,Information Technology,41,59,0.18269062,284.470001,336.440002,4H当日前50,4H EMA9 已站上 EMA26，等待 26/50 确认；4H RSI 位于健康强势区间
2026-07-22,2026-08-11,Prism,S&P 500,AES,AES Corporation,Utilities,42,319,-0.00943396,14.840000,14.700000,4H当日前50,4H EMA 多头排列已连续维持；4H MACD 零轴上方刚金叉；4H RSI 位于健康强势区间
2026-07-22,2026-08-11,Prism,S&P 500,TAP,Molson Coors Beverage Company,Consumer Staples,43,257,0.02339759,41.029999,41.990002,4H当日前50,4H EMA 多头排列已连续维持；4H MACD 位于 Signal 上方；4H RSI 位于健康强势区间
2026-07-22,2026-08-11,Prism,S&P 500,PH,Parker Hannifin,Industrials,44,91,0.09321120,971.299011,1061.834961,4H当日前50,4H EMA 多头排列已连续维持；4H MACD 零轴上方刚金叉；4H MACD 柱体连续扩张；4H RSI 位于健康强势区间
2026-07-22,2026-08-11,Prism,S&P 500,IRM,Iron Mountain,Real Estate,45,316,-0.01726215,124.550003,122.400002,4H当日前50,4H EMA9 已站上 EMA26，等待 26/50 确认；4H MACD 位于 Signal 上方；4H RSI 位于健康强势区间
2026-07-22,2026-08-11,Prism,S&P 500,HPQ,HP Inc.,Information Technology,46,282,0.15753830,25.105000,29.059999,4H当日前50,4H EMA 多头排列已连续维持；4H MACD 位于 Signal 上方；4H MACD 柱体连续扩张；4H RSI 位于健康强势区间
2026-07-22,2026-08-11,Prism,S&P 500,NUE,Nucor,Materials,47,306,0.15286956,235.919998,271.984985,4H当日前50,4H EMA9 已站上 EMA26，等待 26/50 确认；4H MACD 位于 Signal 上方；4H MACD 柱体连续扩张；4H RSI 位于健康强势区间
2026-07-22,2026-08-11,Prism,S&P 500,TJX,TJX Companies,Consumer Discretionary,48,365,0.00205925,155.399994,155.720001,4H当日前50,4H EMA9 已站上 EMA26，等待 26/50 确认；4H MACD 位于 Signal 上方；4H RSI 位于健康强势区间
2026-07-22,2026-08-11,Prism,S&P 500,ACN,Accenture,Information Technology,49,217,0.28381763,140.089996,179.850006,4H当日前50,4H EMA9 已站上 EMA26，等待 26/50 确认；4H MACD 位于 Signal 上方；4H RSI 位于健康强势区间
2026-07-22,2026-08-11,Prism,S&P 500,FRT,Federal Realty Investment Trust,Real Estate,50,473,-0.06699716,125.080002,116.699997,4H当日前50,4H EMA 多头排列已连续维持；4H MACD 位于 Signal 上方；4H RSI 位于健康强势区间
2026-07-22,2026-08-11,Prism,Nasdaq 200,AVGO,Broadcom,Information Technology,1,32,0.04856226,396.809998,416.079987,4H当日前50,4H EMA9/26 最近金叉且价格在 EMA50 上方；4H MACD 刚金叉但仍需零轴确认；4H MACD 柱体连续扩张；4H RSI 位于健康强势区间
2026-07-22,2026-08-11,Prism,Nasdaq 200,AKAM,Akamai Technologies,Information Technology,2,136,-0.06138379,124.300003,116.669998,4H当日前50,4H EMA9 已站上 EMA26，等待 26/50 确认；4H MACD 位于 Signal 上方；4H RSI 位于健康强势区间
2026-07-22,2026-08-11,Prism,Nasdaq 200,MDLZ,Mondelez International,Consumer Staples,3,134,0.01511663,60.860001,61.779999,4H当日前50,4H EMA9 已站上 EMA26，等待 26/50 确认；4H MACD 位于 Signal 上方；4H MACD 柱体连续扩张；4H RSI 位于健康强势区间
2026-07-22,2026-08-11,Prism,Nasdaq 200,ESLT,Elbit Systems Ltd. - Ordinary Shares,,4,183,-0.02095395,792.690002,776.080017,4H当日前50,4H EMA9/26 最近金叉且价格在 EMA50 上方；4H MACD 位于 Signal 上方；4H MACD 柱体连续扩张；4H RSI 位于健康强势区间
2026-07-22,2026-08-11,Prism,Nasdaq 200,CEG,Constellation Energy,Utilities,5,35,0.01258636,274.899994,278.359985,4H当日前50,4H EMA9 已站上 EMA26，等待 26/50 确认；4H MACD 位于 Signal 上方；4H MACD 柱体连续扩张
2026-07-22,2026-08-11,Prism,Nasdaq 200,HON,Honeywell Technologies,Industrials,6,169,-0.01231817,232.990005,230.119995,4H当日前50,4H EMA9 已站上 EMA26，等待 26/50 确认；4H MACD 位于 Signal 上方；4H MACD 柱体连续扩张；4H RSI 位于健康强势区间
2026-07-22,2026-08-11,Prism,Nasdaq 200,AMD,Advanced Micro Devices,Information Technology,7,192,-0.14123804,552.330017,474.320007,4H当日前50,4H EMA9/26 最近金叉且价格在 EMA50 上方；4H MACD 刚金叉但仍需零轴确认；4H MACD 柱体连续扩张；4H RSI 位于健康强势区间
2026-07-22,2026-08-11,Prism,Nasdaq 200,STLD,Steel Dynamics,Materials,8,77,0.10496984,238.639999,263.690002,4H当日前50,4H EMA9/26 最近金叉且价格在 EMA50 上方；4H MACD 位于 Signal 上方；4H MACD 柱体连续扩张；4H RSI 位于健康强势区间
2026-07-22,2026-08-11,Prism,Nasdaq 200,LOGI,Logitech International S.A. - Registered Shares,,9,152,-0.00727824,104.419998,103.660004,4H当日前50,4H EMA9 已站上 EMA26，等待 26/50 确认；4H MACD 位于 Signal 上方；4H MACD 柱体连续扩张；4H RSI 位于健康强势区间
2026-07-22,2026-08-11,Prism,Nasdaq 200,EXE,Expand Energy,Energy,10,47,0.05441666,93.169998,98.239998,4H当日前50,4H EMA9/26 最近金叉且价格在 EMA50 上方；4H MACD 位于 Signal 上方；4H MACD 柱体连续扩张
2026-07-22,2026-08-11,Prism,Nasdaq 200,AMGN,Amgen,Health Care,11,67,0.13181260,366.049988,414.299988,4H当日前50,4H EMA 多头排列已连续维持；4H MACD 零轴上方刚金叉；4H RSI 位于健康强势区间
2026-07-22,2026-08-11,Prism,Nasdaq 200,NVDA,Nvidia,Information Technology,12,52,0.02565313,212.059998,217.500000,4H当日前50,4H MACD 零轴上方刚金叉；4H MACD 柱体连续扩张；4H RSI 位于健康强势区间
2026-07-22,2026-08-11,Prism,Nasdaq 200,INTU,Intuit,Information Technology,13,41,0.18269062,284.470001,336.440002,4H当日前50,4H EMA9 已站上 EMA26，等待 26/50 确认；4H RSI 位于健康强势区间
2026-07-22,2026-08-11,Prism,Nasdaq 200,TCOM,Trip.com Group Limited - American Depositary Shares,,14,123,0.08501641,42.580002,46.200001,4H当日前50,4H EMA9 已站上 EMA26，等待 26/50 确认；4H MACD 位于 Signal 上方
2026-07-22,2026-08-11,Prism,Nasdaq 200,CTSH,Cognizant,Information Technology,15,151,0.35710973,43.180000,58.599998,4H当日前50,4H EMA9 已站上 EMA26，等待 26/50 确认
2026-07-22,2026-08-11,Prism,Nasdaq 200,CASY,Casey's,Consumer Staples,16,166,-0.03131641,856.739990,829.909973,4H当日前50,4H EMA 多头排列已连续维持；4H MACD 位于 Signal 上方；4H RSI 位于健康强势区间
2026-07-22,2026-08-11,Prism,Nasdaq 200,ADSK,Autodesk,Information Technology,17,74,0.23631448,203.500000,251.589996,4H当日前50,4H EMA9 已站上 EMA26，等待 26/50 确认
2026-07-22,2026-08-11,Prism,Nasdaq 200,MPWR,Monolithic Power Systems,Information Technology,18,2,0.00261721,1398.449951,1402.109985,4H当日前50,4H EMA9/26 最近金叉且价格在 EMA50 上方；4H MACD 位于 Signal 上方；4H MACD 柱体连续扩张；4H RSI 位于健康强势区间
2026-07-22,2026-08-11,Prism,Nasdaq 200,CMCSA,Comcast,Communication Services,19,58,0.09056122,23.520000,25.650000,4H当日前50,4H EMA9 已站上 EMA26，等待 26/50 确认
2026-07-22,2026-08-11,Prism,Nasdaq 200,LITE,Lumentum,Information Technology,20,113,-0.01097985,829.700012,820.590027,4H当日前50,4H EMA9/26 最近金叉且价格在 EMA50 上方；4H MACD 位于 Signal 上方；4H RSI 位于健康强势区间
2026-07-22,2026-08-11,Prism,Nasdaq 200,FOXA,Fox Corporation (Class A),Communication Services,21,70,0.10079713,56.450001,62.139999,4H当日前50,4H EMA9 已站上 EMA26，等待 26/50 确认；4H MACD 位于 Signal 上方；4H RSI 位于健康强势区间
2026-07-22,2026-08-11,Prism,Nasdaq 200,STX,Seagate Technology,Information Technology,22,181,-0.09644308,908.099976,820.520020,4H当日前50,4H EMA9/26 最近金叉且价格在 EMA50 上方；4H MACD 位于 Signal 上方；4H MACD 柱体连续扩张；4H RSI 位于健康强势区间
2026-07-22,2026-08-11,Prism,Nasdaq 200,EXC,Exelon,Utilities,23,167,-0.03918634,46.700001,44.869999,4H当日前50,4H MACD 刚金叉但仍需零轴确认；4H MACD 柱体连续扩张；4H RSI 位于健康强势区间
2026-07-22,2026-08-11,Prism,Nasdaq 200,MSTR,Strategy Inc - Class A Common Stock,,24,24,-0.03919614,100.010002,96.089996,4H当日前50,4H EMA9 已站上 EMA26，等待 26/50 确认；4H MACD 位于 Signal 上方；4H RSI 位于健康强势区间
2026-07-22,2026-08-11,Prism,Nasdaq 200,TSEM,Tower Semiconductor Ltd. - Ordinary Shares,,25,13,0.00020039,249.529999,249.580002,4H当日前50,4H EMA9/26 最近金叉且价格在 EMA50 上方；4H MACD 位于 Signal 上方；4H RSI 位于健康强势区间
2026-07-22,2026-08-11,Prism,Nasdaq 200,EVRG,Evergy,Utilities,26,176,-0.05233363,86.559998,82.029999,4H当日前50,4H MACD 刚金叉但仍需零轴确认；4H MACD 柱体连续扩张；4H RSI 位于健康强势区间
2026-07-22,2026-08-11,Prism,Nasdaq 200,NTAP,NetApp,Information Technology,27,84,0.19172577,166.539993,198.470001,4H当日前50,4H EMA 多头排列已连续维持；4H MACD 柱体连续扩张；4H RSI 位于健康强势区间
2026-07-22,2026-08-11,Prism,Nasdaq 200,ORLY,O’Reilly Automotive,Consumer Discretionary,28,95,0.06980239,86.529999,92.570000,4H当日前50,4H MACD 位于 Signal 上方；4H RSI 位于健康强势区间
2026-07-22,2026-08-11,Prism,Nasdaq 200,PCAR,Paccar,Industrials,29,89,0.01083058,131.110001,132.529999,4H当日前50,4H EMA 多头排列已连续维持；4H MACD 零轴上方刚金叉；4H MACD 柱体连续扩张
2026-07-22,2026-08-11,Prism,Nasdaq 200,FOX,Fox Corporation (Class B),Communication Services,30,55,0.09302783,50.630001,55.340000,4H当日前50,4H EMA9 已站上 EMA26，等待 26/50 确认；4H RSI 位于健康强势区间
2026-07-22,2026-08-11,Prism,Nasdaq 200,XEL,Xcel Energy,Utilities,31,145,-0.03155004,80.190002,77.660004,4H当日前50,4H MACD 刚金叉但仍需零轴确认；4H MACD 柱体连续扩张；4H RSI 位于健康强势区间
2026-07-22,2026-08-11,Prism,Nasdaq 200,NDSN,Nordson Corporation,Industrials,32,29,0.06780064,291.589996,311.359985,4H当日前50,4H MACD 位于 Signal 上方；4H MACD 柱体连续扩张；4H RSI 位于健康强势区间
2026-07-22,2026-08-11,Prism,Nasdaq 200,ULTA,Ulta Beauty,Consumer Discretionary,33,122,0.11960206,483.519989,541.349976,4H当日前50,4H MACD 位于 Signal 上方；4H RSI 位于健康强势区间
2026-07-22,2026-08-11,Prism,Nasdaq 200,BKR,Baker Hughes,Energy,34,65,0.14505301,56.599998,64.809998,4H当日前50,4H MACD 刚金叉但仍需零轴确认；4H MACD 柱体连续扩张；4H RSI 位于健康强势区间
2026-07-22,2026-08-11,Prism,Nasdaq 200,CHRW,C.H. Robinson,Industrials,35,201,-0.30021702,207.350006,145.100006,4H当日前50,4H EMA 多头排列已连续维持；4H MACD 位于 Signal 上方；4H RSI 位于健康强势区间
2026-07-22,2026-08-11,Prism,Nasdaq 200,SMMT,Summit Therapeutics Inc.  - Common Stock,,36,21,0.02544098,14.740000,15.115000,4H当日前50,4H MACD 刚金叉但仍需零轴确认；4H MACD 柱体连续扩张；4H RSI 位于健康强势区间
2026-07-22,2026-08-11,Prism,Nasdaq 200,FANG,Diamondback Energy,Energy,37,3,-0.00645255,203.020004,201.710007,4H当日前50,4H EMA 多头排列已连续维持；4H MACD 位于 Signal 上方
2026-07-22,2026-08-11,Prism,Nasdaq 200,SYM,Symbotic Inc. - Class A Common Stock,,38,173,-0.01813472,42.459999,41.689999,4H当日前50,4H MACD 刚金叉但仍需零轴确认；4H MACD 柱体连续扩张；4H RSI 位于健康强势区间
2026-07-22,2026-08-11,Prism,Nasdaq 200,JBHT,J.B. Hunt,Industrials,39,182,-0.09191071,292.239990,265.380005,4H当日前50,4H EMA 多头排列已连续维持；4H MACD 位于 Signal 上方；4H RSI 位于健康强势区间
2026-07-22,2026-08-11,Prism,Nasdaq 200,JD,"JD.com, Inc. - American Depositary Shares",,40,160,0.05870647,30.150000,31.920000,4H当日前50,4H EMA 多头排列已连续维持；4H MACD 位于 Signal 上方；4H RSI 位于健康强势区间
2026-07-22,2026-08-11,Prism,Nasdaq 200,EA,Electronic Arts,Communication Services,41,,-0.02837996,208.949997,203.020004,4H当日前50,4H EMA 多头排列已连续维持；4H MACD 位于 Signal 上方
2026-07-22,2026-08-11,Prism,Nasdaq 200,ODFL,Old Dominion,Industrials,42,189,-0.10034365,232.800003,209.440002,4H当日前50,4H MACD 位于 Signal 上方；4H RSI 位于健康强势区间
2026-07-22,2026-08-11,Prism,Nasdaq 200,CTAS,Cintas,Industrials,43,23,0.01946761,201.360001,205.279999,4H当日前50,4H EMA 多头排列已连续维持；4H MACD 位于 Signal 上方；4H RSI 位于健康强势区间
2026-07-22,2026-08-11,Prism,Nasdaq 200,RPRX,Royalty Pharma plc - Class A Ordinary Shares,,44,130,-0.01583787,58.720001,57.790001,4H当日前50,4H EMA 多头排列已连续维持；4H MACD 位于 Signal 上方；4H MACD 柱体连续扩张；4H RSI 位于健康强势区间
2026-07-22,2026-08-11,Prism,Nasdaq 200,KMB,Kimberly-Clark,Consumer Staples,45,146,-0.00284714,108.879997,108.570000,4H当日前50,4H MACD 柱体连续扩张；4H RSI 位于健康强势区间
2026-07-22,2026-08-11,Prism,Nasdaq 200,AAPL,Apple Inc.,Information Technology,46,165,-0.06437758,325.890015,304.910004,4H当日前50,4H RSI 位于健康强势区间
2026-07-22,2026-08-11,Prism,Nasdaq 200,KHC,Kraft Heinz,Consumer Staples,47,144,-0.05046221,25.959999,24.650000,4H当日前50,4H EMA 多头排列已连续维持；4H RSI 位于健康强势区间
2026-07-22,2026-08-11,Prism,Nasdaq 200,DPZ,Domino's,Consumer Discretionary,48,115,0.11728109,319.829987,357.339996,4H当日前50,4H MACD 位于 Signal 上方；4H RSI 位于健康强势区间
2026-07-22,2026-08-11,Prism,Nasdaq 200,ZBRA,Zebra Technologies,Information Technology,49,138,0.45788772,262.750000,383.059998,4H当日前50,4H MACD 柱体连续扩张；4H RSI 位于健康强势区间
2026-07-22,2026-08-11,Prism,Nasdaq 200,RGLD,"Royal Gold, Inc. - Common Stock",,50,142,0.16024049,201.259995,233.509995,4H当日前50,4H MACD 位于 Signal 上方；4H MACD 柱体连续扩张；4H RSI 位于健康强势区间
2026-07-22,2026-08-11,Prism,Nasdaq Liquid 500,AVGO,Broadcom,Information Technology,1,93,0.04856226,396.809998,416.079987,4H当日前50,4H EMA9/26 最近金叉且价格在 EMA50 上方；4H MACD 刚金叉但仍需零轴确认；4H MACD 柱体连续扩张；4H RSI 位于健康强势区间
2026-07-22,2026-08-11,Prism,Nasdaq Liquid 500,CME,CME Group,Financials,2,338,0.04044295,249.240005,259.320007,4H当日前50,4H EMA9 已站上 EMA26，等待 26/50 确认；4H MACD 零轴上方刚金叉；4H MACD 柱体连续扩张；4H RSI 位于健康强势区间
2026-07-22,2026-08-11,Prism,Nasdaq Liquid 500,COIN,Coinbase,Financials,3,387,-0.10558628,166.119995,148.580002,4H当日前50,4H EMA9 已站上 EMA26，等待 26/50 确认；4H MACD 位于 Signal 上方；4H RSI 位于健康强势区间
2026-07-22,2026-08-11,Prism,Nasdaq Liquid 500,CZR,"Caesars Entertainment, Inc. - Common Stock",,4,421,-0.00668006,29.940001,29.740000,4H当日前50,4H EMA9/26 最近金叉且价格在 EMA50 上方；4H MACD 零轴上方刚金叉；4H RSI 位于健康强势区间
2026-07-22,2026-08-11,Prism,Nasdaq Liquid 500,BRKR,Bruker Corporation - Common Stock,,5,264,-0.04553066,59.740002,57.020000,4H当日前50,4H EMA9/26 最近金叉且价格在 EMA50 上方；4H MACD 零轴上方刚金叉；4H MACD 柱体连续扩张；4H RSI 位于健康强势区间
2026-07-22,2026-08-11,Prism,Nasdaq Liquid 500,COKE,"Coca-Cola Consolidated, Inc. - Common Stock",,6,394,-0.01437402,184.360001,181.710007,4H当日前50,4H EMA9/26 最近金叉且价格在 EMA50 上方；4H MACD 位于 Signal 上方；4H MACD 柱体连续扩张；4H RSI 位于健康强势区间
2026-07-22,2026-08-11,Prism,Nasdaq Liquid 500,HON,Honeywell Technologies,Industrials,7,381,-0.01231817,232.990005,230.119995,4H当日前50,4H EMA9 已站上 EMA26，等待 26/50 确认；4H MACD 位于 Signal 上方；4H MACD 柱体连续扩张；4H RSI 位于健康强势区间
2026-07-22,2026-08-11,Prism,Nasdaq Liquid 500,AKAM,Akamai Technologies,Information Technology,8,334,-0.06138379,124.300003,116.669998,4H当日前50,4H EMA9 已站上 EMA26，等待 26/50 确认；4H MACD 位于 Signal 上方；4H RSI 位于健康强势区间
2026-07-22,2026-08-11,Prism,Nasdaq Liquid 500,AUR,"Aurora Innovation, Inc.  - Class A Common Stock",,10,110,0.05143722,6.610000,6.950000,4H当日前50,4H EMA9/26 最近金叉且价格在 EMA50 上方；4H MACD 位于 Signal 上方；4H MACD 柱体连续扩张；4H RSI 位于健康强势区间
2026-07-22,2026-08-11,Prism,Nasdaq Liquid 500,MDLZ,Mondelez International,Consumer Staples,11,331,0.01511663,60.860001,61.779999,4H当日前50,4H EMA9 已站上 EMA26，等待 26/50 确认；4H MACD 位于 Signal 上方；4H MACD 柱体连续扩张；4H RSI 位于健康强势区间
2026-07-22,2026-08-11,Prism,Nasdaq Liquid 500,AMD,Advanced Micro Devices,Information Technology,12,467,-0.14123804,552.330017,474.320007,4H当日前50,4H EMA9/26 最近金叉且价格在 EMA50 上方；4H MACD 刚金叉但仍需零轴确认；4H MACD 柱体连续扩张；4H RSI 位于健康强势区间
2026-07-22,2026-08-11,Prism,Nasdaq Liquid 500,WFRD,Weatherford International plc - Ordinary shares,,13,174,0.08403167,87.110001,94.430000,4H当日前50,4H EMA9/26 最近金叉且价格在 EMA50 上方；4H MACD 位于 Signal 上方；4H MACD 柱体连续扩张；4H RSI 位于健康强势区间
2026-07-22,2026-08-11,Prism,Nasdaq Liquid 500,ARWR,"Arrowhead Pharmaceuticals, Inc. - Common Stock",,14,60,0.00608795,88.699997,89.239998,4H当日前50,4H EMA9/26 最近金叉且价格在 EMA50 上方；4H MACD 刚金叉但仍需零轴确认；4H MACD 柱体连续扩张；4H RSI 位于健康强势区间
2026-07-22,2026-08-11,Prism,Nasdaq Liquid 500,GLPI,"Gaming and Leisure Properties, Inc. - Common Stock",,15,436,-0.04629837,44.709999,42.639999,4H当日前50,4H EMA9 已站上 EMA26，等待 26/50 确认；4H MACD 位于 Signal 上方；4H RSI 位于健康强势区间
2026-07-22,2026-08-11,Prism,Nasdaq Liquid 500,APA,APA Corporation,Energy,16,138,0.12271971,36.180000,40.619999,4H当日前50,4H EMA9 已站上 EMA26，等待 26/50 确认；4H MACD 位于 Signal 上方；4H MACD 柱体连续扩张；4H RSI 位于健康强势区间
2026-07-22,2026-08-11,Prism,Nasdaq Liquid 500,SAIA,"Saia, Inc. - Common Stock",,17,449,-0.16263580,426.290009,356.959991,4H当日前50,4H EMA9 已站上 EMA26，等待 26/50 确认；4H MACD 位于 Signal 上方
2026-07-22,2026-08-11,Prism,Nasdaq Liquid 500,STLD,Steel Dynamics,Materials,18,157,0.10496984,238.639999,263.690002,4H当日前50,4H EMA9/26 最近金叉且价格在 EMA50 上方；4H MACD 位于 Signal 上方；4H MACD 柱体连续扩张；4H RSI 位于健康强势区间
2026-07-22,2026-08-11,Prism,Nasdaq Liquid 500,CEG,Constellation Energy,Utilities,19,69,0.01258636,274.899994,278.359985,4H当日前50,4H EMA9 已站上 EMA26，等待 26/50 确认；4H MACD 位于 Signal 上方；4H MACD 柱体连续扩张
2026-07-22,2026-08-11,Prism,Nasdaq Liquid 500,LOGI,Logitech International S.A. - Registered Shares,,20,362,-0.00727824,104.419998,103.660004,4H当日前50,4H EMA9 已站上 EMA26，等待 26/50 确认；4H MACD 位于 Signal 上方；4H MACD 柱体连续扩张；4H RSI 位于健康强势区间
2026-07-22,2026-08-11,Prism,Nasdaq Liquid 500,EXE,Expand Energy,Energy,21,87,0.05441666,93.169998,98.239998,4H当日前50,4H EMA9/26 最近金叉且价格在 EMA50 上方；4H MACD 位于 Signal 上方；4H MACD 柱体连续扩张
2026-07-22,2026-08-11,Prism,Nasdaq Liquid 500,VSAT,VIASAT INC,Information Technology,22,168,0.13647968,74.370003,84.519997,4H当日前50,4H EMA9/26 最近金叉且价格在 EMA50 上方；4H MACD 刚金叉但仍需零轴确认；4H MACD 柱体连续扩张；4H RSI 位于健康强势区间
2026-07-22,2026-08-11,Prism,Nasdaq Liquid 500,FUTU,Futu Holdings Limited - American Depositary Shares,,23,348,-0.00876607,106.089996,105.160004,4H当日前50,4H EMA9 已站上 EMA26，等待 26/50 确认；4H MACD 位于 Signal 上方；4H MACD 柱体连续扩张
2026-07-22,2026-08-11,Prism,Nasdaq Liquid 500,LGND,LIGAND PHARMACEUTICALS INC,Health Care,24,418,-0.05097617,304.260010,288.750000,4H当日前50,4H EMA9/26 最近金叉且价格在 EMA50 上方；4H MACD 柱体连续扩张；4H RSI 位于健康强势区间
2026-07-22,2026-08-11,Prism,Nasdaq Liquid 500,COCO,THE VITA COCO COMPANY INC,Consumer Staples,25,,-0.13418399,74.449997,64.459999,4H当日前50,4H EMA9 已站上 EMA26，等待 26/50 确认；4H MACD 位于 Signal 上方；4H RSI 位于健康强势区间
2026-07-22,2026-08-11,Prism,Nasdaq Liquid 500,ONDS,ONDAS INC,Information Technology,26,201,0.21750000,8.000000,9.740000,4H当日前50,4H EMA9/26 最近金叉且价格在 EMA50 上方；4H MACD 位于 Signal 上方；4H MACD 柱体连续扩张；4H RSI 位于健康强势区间
2026-07-22,2026-08-11,Prism,Nasdaq Liquid 500,MPWR,Monolithic Power Systems,Information Technology,27,9,0.00261721,1398.449951,1402.109985,4H当日前50,4H EMA9/26 最近金叉且价格在 EMA50 上方；4H MACD 位于 Signal 上方；4H MACD 柱体连续扩张；4H RSI 位于健康强势区间
2026-07-22,2026-08-11,Prism,Nasdaq Liquid 500,AMGN,Amgen,Health Care,28,124,0.13181260,366.049988,414.299988,4H当日前50,4H EMA 多头排列已连续维持；4H MACD 零轴上方刚金叉；4H RSI 位于健康强势区间
2026-07-22,2026-08-11,Prism,Nasdaq Liquid 500,ASO,ACADEMY SPORTS AND OUTDOORS INC,Consumer Discretionary,29,,0.01432665,48.860001,49.560001,4H当日前50,4H EMA9 已站上 EMA26，等待 26/50 确认；4H MACD 位于 Signal 上方；4H RSI 位于健康强势区间
2026-07-22,2026-08-11,Prism,Nasdaq Liquid 500,CTSH,Cognizant,Information Technology,30,349,0.35710973,43.180000,58.599998,4H当日前50,4H EMA9 已站上 EMA26，等待 26/50 确认
2026-07-22,2026-08-11,Prism,Nasdaq Liquid 500,INTU,Intuit,Information Technology,31,66,0.18269062,284.470001,336.440002,4H当日前50,4H EMA9 已站上 EMA26，等待 26/50 确认；4H RSI 位于健康强势区间
2026-07-22,2026-08-11,Prism,Nasdaq Liquid 500,TCOM,Trip.com Group Limited - American Depositary Shares,,32,238,0.08501641,42.580002,46.200001,4H当日前50,4H EMA9 已站上 EMA26，等待 26/50 确认；4H MACD 位于 Signal 上方
2026-07-22,2026-08-11,Prism,Nasdaq Liquid 500,PTEN,PATTERSON UTI ENERGY INC,Energy,33,164,0.03171642,10.720000,11.060000,4H当日前50,4H EMA9 已站上 EMA26，等待 26/50 确认；4H MACD 位于 Signal 上方；4H MACD 柱体连续扩张
2026-07-22,2026-08-11,Prism,Nasdaq Liquid 500,NVDA,Nvidia,Information Technology,34,98,0.02565313,212.059998,217.500000,4H当日前50,4H MACD 零轴上方刚金叉；4H MACD 柱体连续扩张；4H RSI 位于健康强势区间
2026-07-22,2026-08-11,Prism,Nasdaq Liquid 500,QRVO,"Qorvo, Inc. - Common Stock",,35,171,0.08046487,89.480003,96.680000,4H当日前50,4H EMA9/26 最近金叉且价格在 EMA50 上方；4H MACD 位于 Signal 上方；4H MACD 柱体连续扩张；4H RSI 位于健康强势区间
2026-07-22,2026-08-11,Prism,Nasdaq Liquid 500,CAR,"Avis Budget Group, Inc. - Common Stock",,36,437,-0.14419565,164.360001,140.660004,4H当日前50,4H EMA9/26 最近金叉且价格在 EMA50 上方；4H MACD 位于 Signal 上方；4H MACD 柱体连续扩张；4H RSI 位于健康强势区间
2026-07-22,2026-08-11,Prism,Nasdaq Liquid 500,BELFB,BEL FUSE INC CLASS B,Information Technology,37,103,0.02850460,282.059998,290.100006,4H当日前50,4H EMA9/26 最近金叉且价格在 EMA50 上方；4H MACD 位于 Signal 上方；4H MACD 柱体连续扩张；4H RSI 位于健康强势区间
2026-07-22,2026-08-11,Prism,Nasdaq Liquid 500,LITE,Lumentum,Information Technology,38,260,-0.01097985,829.700012,820.590027,4H当日前50,4H EMA9/26 最近金叉且价格在 EMA50 上方；4H MACD 位于 Signal 上方；4H RSI 位于健康强势区间
2026-07-22,2026-08-11,Prism,Nasdaq Liquid 500,ICHR,ICHOR HOLDINGS LTD,Information Technology,39,453,-0.29182838,95.330002,67.510002,4H当日前50,4H EMA9/26 最近金叉且价格在 EMA50 上方；4H MACD 刚金叉但仍需零轴确认；4H MACD 柱体连续扩张；4H RSI 位于健康强势区间
2026-07-22,2026-08-11,Prism,Nasdaq Liquid 500,TWST,TWIST BIOSCIENCE CORP,Health Care,40,195,0.30686768,94.209999,123.120003,4H当日前50,4H EMA 多头排列已连续维持；4H MACD 零轴上方刚金叉；4H MACD 柱体连续扩张；4H RSI 位于健康强势区间
2026-07-22,2026-08-11,Prism,Nasdaq Liquid 500,IESC,"IES Holdings, Inc. - Common Stock",,41,267,0.15692671,674.200012,780.000000,4H当日前50,4H EMA9/26 最近金叉且价格在 EMA50 上方；4H MACD 位于 Signal 上方；4H MACD 柱体连续扩张；4H RSI 位于健康强势区间
2026-07-22,2026-08-11,Prism,Nasdaq Liquid 500,STX,Seagate Technology,Information Technology,42,439,-0.09644308,908.099976,820.520020,4H当日前50,4H EMA9/26 最近金叉且价格在 EMA50 上方；4H MACD 位于 Signal 上方；4H MACD 柱体连续扩张；4H RSI 位于健康强势区间
2026-07-22,2026-08-11,Prism,Nasdaq Liquid 500,CASY,Casey's,Consumer Staples,43,403,-0.03131641,856.739990,829.909973,4H当日前50,4H EMA 多头排列已连续维持；4H MACD 位于 Signal 上方；4H RSI 位于健康强势区间
2026-07-22,2026-08-11,Prism,Nasdaq Liquid 500,CBRS,Cerebras Systems Inc. - Class A Common Stock,,44,119,0.11897041,209.800003,234.759995,4H当日前50,4H EMA9/26 最近金叉且价格在 EMA50 上方；4H MACD 位于 Signal 上方；4H MACD 柱体连续扩张；4H RSI 位于健康强势区间
2026-07-22,2026-08-11,Prism,Nasdaq Liquid 500,CMCSA,Comcast,Communication Services,45,85,0.09056122,23.520000,25.650000,4H当日前50,4H EMA9 已站上 EMA26，等待 26/50 确认
2026-07-22,2026-08-11,Prism,Nasdaq Liquid 500,FOXA,Fox Corporation (Class A),Communication Services,46,140,0.10079713,56.450001,62.139999,4H当日前50,4H EMA9 已站上 EMA26，等待 26/50 确认；4H MACD 位于 Signal 上方；4H RSI 位于健康强势区间
2026-07-22,2026-08-11,Prism,Nasdaq Liquid 500,MSTR,Strategy Inc - Class A Common Stock,,47,53,-0.03919614,100.010002,96.089996,4H当日前50,4H EMA9 已站上 EMA26，等待 26/50 确认；4H MACD 位于 Signal 上方；4H RSI 位于健康强势区间
2026-07-22,2026-08-11,Prism,Nasdaq Liquid 500,HUT,HUT CORP,Information Technology,48,466,-0.19188059,109.860001,88.779999,4H当日前50,4H EMA9/26 最近金叉且价格在 EMA50 上方；4H MACD 位于 Signal 上方；4H MACD 柱体连续扩张；4H RSI 位于健康强势区间
2026-07-22,2026-08-11,Prism,Nasdaq Liquid 500,CLSK,CLEANSPARK INC,Information Technology,49,488,-0.24828711,15.325000,11.520000,4H当日前50,4H EMA9 已站上 EMA26，等待 26/50 确认；4H MACD 位于 Signal 上方；4H RSI 位于健康强势区间
2026-07-22,2026-08-11,Prism,Nasdaq Liquid 500,CIFR,CIPHER DIGITAL INC,Information Technology,50,469,-0.29640230,24.459999,17.209999,4H当日前50,4H EMA9/26 最近金叉且价格在 EMA50 上方；4H MACD 位于 Signal 上方；4H MACD 柱体连续扩张；4H RSI 位于健康强势区间
2026-07-22,2026-08-11,Prism,Russell,PHAT,PHATHOM PHARMACEUTICALS INC,Health Care,1,1704,-0.27264957,11.700000,8.510000,4H当日前50,4H EMA9/26 最近金叉且价格在 EMA50 上方；4H MACD 刚金叉但仍需零轴确认；4H MACD 柱体连续扩张；4H RSI 位于健康强势区间
2026-07-22,2026-08-11,Prism,Russell,GWRS,GLOBAL WATER RESOURCES INC,Utilities,2,406,0.06284916,7.160000,7.610000,4H当日前50,4H EMA9/26 最近金叉且价格在 EMA50 上方；4H MACD 零轴上方刚金叉；4H MACD 柱体连续扩张；4H RSI 位于健康强势区间
2026-07-22,2026-08-11,Prism,Russell,IPI,INTREPID POTASH INC,Materials,3,263,0.06059736,34.820000,36.930000,4H当日前50,4H EMA9/26 最近金叉且价格在 EMA50 上方；4H MACD 零轴上方刚金叉；4H MACD 柱体连续扩张；4H RSI 位于健康强势区间
2026-07-22,2026-08-11,Prism,Russell,BKV,BKV CORP,Energy,4,57,-0.00150776,26.530001,26.490000,4H当日前50,4H EMA9/26 最近金叉且价格在 EMA50 上方；4H MACD 刚金叉但仍需零轴确认；4H MACD 柱体连续扩张；4H RSI 位于健康强势区间
2026-07-22,2026-08-11,Prism,Russell,CLB,CORE LABORATORIES INC,Energy,5,137,0.03462662,11.985000,12.400000,4H当日前50,4H EMA9/26 最近金叉且价格在 EMA50 上方；4H MACD 位于 Signal 上方；4H MACD 柱体连续扩张；4H RSI 位于健康强势区间
2026-07-22,2026-08-11,Prism,Russell,CMP,COMPASS MINERALS INTERNATIONAL INC,Materials,6,1568,-0.10376889,30.115000,26.990000,4H当日前50,4H EMA9/26 最近金叉且价格在 EMA50 上方；4H MACD 位于 Signal 上方；4H MACD 柱体连续扩张；4H RSI 位于健康强势区间
2026-07-22,2026-08-11,Prism,Russell,CIX,COMPX INTERNATIONAL INC CLASS A,Industrials,7,505,0.20013375,26.184999,31.425501,4H当日前50,4H EMA9/26 最近金叉且价格在 EMA50 上方；4H MACD 刚金叉但仍需零轴确认；4H MACD 柱体连续扩张；4H RSI 位于健康强势区间
2026-07-22,2026-08-11,Prism,Russell,GNL,GLOBAL NET LEASE INC,Real Estate,8,85,-0.01037684,9.155000,9.060000,4H当日前50,4H EMA9 已站上 EMA26，等待 26/50 确认；4H MACD 位于 Signal 上方；4H RSI 位于健康强势区间
2026-07-22,2026-08-11,Prism,Russell,MRX,MAREX GROUP LTD,Financials,9,1719,-0.08990126,65.849998,59.930000,4H当日前50,4H EMA9/26 最近金叉且价格在 EMA50 上方；4H MACD 刚金叉但仍需零轴确认；4H MACD 柱体连续扩张；4H RSI 位于健康强势区间
2026-07-22,2026-08-11,Prism,Russell,LAND,GLADSTONE LAND REIT CORP,Real Estate,10,1117,-0.05414747,8.680000,8.210000,4H当日前50,4H EMA9 已站上 EMA26，等待 26/50 确认；4H MACD 位于 Signal 上方；4H RSI 位于健康强势区间
2026-07-22,2026-08-11,Prism,Russell,CMRE,COSTAMARE INC,Industrials,11,1780,-0.08048620,15.220000,13.995000,4H当日前50,4H EMA9 已站上 EMA26，等待 26/50 确认；4H MACD 零轴上方刚金叉；4H RSI 位于健康强势区间
2026-07-22,2026-08-11,Prism,Russell,NE,NOBLE CORPORATION PLC,Energy,12,428,0.02653443,43.340000,44.490002,4H当日前50,4H EMA9 已站上 EMA26，等待 26/50 确认；4H MACD 位于 Signal 上方；4H MACD 柱体连续扩张；4H RSI 位于健康强势区间
2026-07-22,2026-08-11,Prism,Russell,GNE,GENIE ENERGY LTD CLASS B,Utilities,13,251,0.00068823,14.530000,14.540000,4H当日前50,4H EMA9/26 最近金叉且价格在 EMA50 上方；4H MACD 位于 Signal 上方；4H MACD 柱体连续扩张；4H RSI 位于健康强势区间
2026-07-22,2026-08-11,Prism,Russell,SPOK,SPOK HOLDINGS INC,Communication,14,382,0.07417840,10.650000,11.440000,4H当日前50,4H EMA9 已站上 EMA26，等待 26/50 确认；4H MACD 位于 Signal 上方；4H RSI 位于健康强势区间
2026-07-22,2026-08-11,Prism,Russell,ULH,UNIVERSAL LOGISTICS HOLDINGS INC,Industrials,15,431,0.18866757,16.059999,19.090000,4H当日前50,4H EMA9/26 最近金叉且价格在 EMA50 上方；4H MACD 位于 Signal 上方；4H MACD 柱体连续扩张；4H RSI 位于健康强势区间
2026-07-22,2026-08-11,Prism,Russell,MATV,MATIV HOLDINGS INC,Materials,16,1111,0.57636923,8.125000,12.808000,4H当日前50,4H EMA9 已站上 EMA26，等待 26/50 确认；4H MACD 位于 Signal 上方；4H RSI 位于健康强势区间
2026-07-22,2026-08-11,Prism,Russell,SRI,STONERIDGE INC,Consumer Discretionary,17,1554,-0.08389716,7.390000,6.770000,4H当日前50,4H EMA9/26 最近金叉且价格在 EMA50 上方；4H MACD 位于 Signal 上方；4H MACD 柱体连续扩张；4H RSI 位于健康强势区间
2026-07-22,2026-08-11,Prism,Russell,NUS,NU SKIN ENTERPRISES INC CLASS A,Consumer Staples,18,1858,-0.06889952,5.225000,4.865000,4H当日前50,4H EMA9 已站上 EMA26，等待 26/50 确认；4H MACD 位于 Signal 上方；4H RSI 位于健康强势区间
2026-07-22,2026-08-11,Prism,Russell,PATK,PATRICK INDUSTRIES INC,Consumer Discretionary,19,46,0.01157140,86.419998,87.419998,4H当日前50,4H EMA9 已站上 EMA26，等待 26/50 确认；4H MACD 位于 Signal 上方；4H RSI 位于健康强势区间
2026-07-22,2026-08-11,Prism,Russell,CNX,CNX RESOURCES CORP,Energy,20,294,0.04272517,34.639999,36.119999,4H当日前50,4H EMA9/26 最近金叉且价格在 EMA50 上方；4H MACD 位于 Signal 上方；4H MACD 柱体连续扩张；4H RSI 位于健康强势区间
2026-07-22,2026-08-11,Prism,Russell,MGEE,MGE ENERGY INC,Utilities,21,54,-0.02349677,82.989998,81.040001,4H当日前50,4H EMA9/26 最近金叉且价格在 EMA50 上方；4H MACD 零轴上方刚金叉；4H MACD 柱体连续扩张；4H RSI 位于健康强势区间
2026-07-22,2026-08-11,Prism,Russell,NLOP,NET LEASE OFFICE PROPERTIES,Real Estate,22,1269,-0.00285888,11.543000,11.510000,4H当日前50,4H EMA9 已站上 EMA26，等待 26/50 确认；4H MACD 位于 Signal 上方；4H RSI 位于健康强势区间
2026-07-22,2026-08-11,Prism,Russell,WHD,CACTUS INC CLASS A,Energy,23,1076,0.28642859,56.000000,72.040001,4H当日前50,4H EMA9 已站上 EMA26，等待 26/50 确认；4H MACD 位于 Signal 上方；4H MACD 柱体连续扩张；4H RSI 位于健康强势区间
2026-07-22,2026-08-11,Prism,Russell,ILPT,INDUSTRIAL LOGISTICS PROPERTIES TR,Real Estate,24,313,-0.03066813,9.130000,8.850000,4H当日前50,4H EMA9/26 最近金叉且价格在 EMA50 上方；4H MACD 零轴上方刚金叉；4H RSI 位于健康强势区间
2026-07-22,2026-08-11,Prism,Russell,ADNT,ADIENT PLC,Consumer Discretionary,25,1468,-0.07402037,20.670000,19.139999,4H当日前50,4H EMA9 已站上 EMA26，等待 26/50 确认；4H MACD 位于 Signal 上方；4H MACD 柱体连续扩张；4H RSI 位于健康强势区间
2026-07-22,2026-08-11,Prism,Russell,UVV,UNIVERSAL CORP,Consumer Staples,26,1702,-0.13972089,53.750000,46.240002,4H当日前50,4H EMA9 已站上 EMA26，等待 26/50 确认；4H MACD 位于 Signal 上方；4H RSI 位于健康强势区间
2026-07-22,2026-08-11,Prism,Russell,SD,SANDRIDGE ENERGY INC,Energy,27,87,0.02142857,14.000000,14.300000,4H当日前50,4H EMA9 已站上 EMA26，等待 26/50 确认；4H MACD 位于 Signal 上方；4H MACD 柱体连续扩张；4H RSI 位于健康强势区间
2026-07-22,2026-08-11,Prism,Russell,ECVT,ECOVYST INC,Materials,28,1805,-0.21930502,12.950000,10.110000,4H当日前50,4H EMA9 已站上 EMA26，等待 26/50 确认；4H MACD 位于 Signal 上方；4H MACD 柱体连续扩张；4H RSI 位于健康强势区间
2026-07-22,2026-08-11,Prism,Russell,MLAB,MESA LABORATORIES INC,Health Care,29,646,0.12843667,98.570000,111.230003,4H当日前50,4H EMA9/26 最近金叉且价格在 EMA50 上方；4H MACD 位于 Signal 上方；4H RSI 位于健康强势区间
2026-07-22,2026-08-11,Prism,Russell,CODI,COMPASS DIVERSIFIED,Financials,30,1164,0.19342360,10.340000,12.340000,4H当日前50,4H EMA9/26 最近金叉且价格在 EMA50 上方；4H MACD 位于 Signal 上方；4H MACD 柱体连续扩张；4H RSI 位于健康强势区间
2026-07-22,2026-08-11,Prism,Russell,ZUMZ,ZUMIEZ INC,Consumer Discretionary,31,1478,0.01059327,18.879999,19.080000,4H当日前50,4H EMA9 已站上 EMA26，等待 26/50 确认；4H MACD 位于 Signal 上方；4H RSI 位于健康强势区间
2026-07-22,2026-08-11,Prism,Russell,ARKO,ARKO,Consumer Discretionary,32,1953,-0.46088020,8.180000,4.410000,4H当日前50,4H EMA9/26 最近金叉且价格在 EMA50 上方；4H MACD 零轴上方刚金叉；4H MACD 柱体连续扩张；4H RSI 位于健康强势区间
2026-07-22,2026-08-11,Prism,Russell,PGEN,PRECIGEN INC,Health Care,33,1011,0.28947368,5.320000,6.860000,4H当日前50,4H EMA9/26 最近金叉且价格在 EMA50 上方；4H MACD 位于 Signal 上方；4H MACD 柱体连续扩张；4H RSI 位于健康强势区间
2026-07-22,2026-08-11,Prism,Russell,SMP,STANDARD MOTOR PRODUCTS INC,Consumer Discretionary,34,866,0.02790692,38.700001,39.779999,4H当日前50,4H EMA9 已站上 EMA26，等待 26/50 确认；4H MACD 位于 Signal 上方；4H RSI 位于健康强势区间
2026-07-22,2026-08-11,Prism,Russell,CAL,CALERES INC,Consumer Discretionary,35,974,0.12624452,12.555000,14.140000,4H当日前50,4H EMA9/26 最近金叉且价格在 EMA50 上方；4H MACD 位于 Signal 上方；4H MACD 柱体连续扩张；4H RSI 位于健康强势区间
2026-07-22,2026-08-11,Prism,Russell,CV,CAPSOVISION INC,Health Care,36,1404,-0.04486252,6.910000,6.600000,4H当日前50,4H EMA9 已站上 EMA26，等待 26/50 确认；4H MACD 位于 Signal 上方；4H RSI 位于健康强势区间
2026-07-22,2026-08-11,Prism,Russell,BTU,PEABODY ENERGY CORP,Energy,37,33,0.02283201,23.870001,24.415001,4H当日前50,4H EMA9/26 最近金叉且价格在 EMA50 上方；4H MACD 位于 Signal 上方；4H MACD 柱体连续扩张；4H RSI 位于健康强势区间
2026-07-22,2026-08-11,Prism,Russell,CRC,CALIFORNIA RESOURCES CORP,Energy,38,70,0.00557205,53.840000,54.139999,4H当日前50,4H EMA9/26 最近金叉且价格在 EMA50 上方；4H MACD 位于 Signal 上方；4H MACD 柱体连续扩张；4H RSI 位于健康强势区间
2026-07-22,2026-08-11,Prism,Russell,RIG,TRANSOCEAN LTD,Energy,39,624,0.09839167,5.285000,5.805000,4H当日前50,4H EMA9 已站上 EMA26，等待 26/50 确认；4H MACD 位于 Signal 上方；4H MACD 柱体连续扩张；4H RSI 位于健康强势区间
2026-07-22,2026-08-11,Prism,Russell,INR,INFINITY NATURAL RESOURCES INC CLA,Energy,40,275,0.02827763,13.615000,14.000000,4H当日前50,4H EMA9 已站上 EMA26，等待 26/50 确认；4H MACD 位于 Signal 上方；4H MACD 柱体连续扩张；4H RSI 位于健康强势区间
2026-07-22,2026-08-11,Prism,Russell,CNR,CORE NATURAL RESOURCES INC,Energy,41,689,0.07112251,87.525002,93.750000,4H当日前50,4H EMA9 已站上 EMA26，等待 26/50 确认；4H MACD 位于 Signal 上方；4H MACD 柱体连续扩张；4H RSI 位于健康强势区间
2026-07-22,2026-08-11,Prism,Russell,VVX,V2X INC,Industrials,42,1248,-0.00554215,81.014999,80.566002,4H当日前50,4H EMA9 已站上 EMA26，等待 26/50 确认；4H MACD 位于 Signal 上方；4H MACD 柱体连续扩张；4H RSI 位于健康强势区间
2026-07-22,2026-08-11,Prism,Russell,PPHC,PUBLIC POLICY HOLDING INC,Industrials,43,969,0.31517961,8.630000,11.350000,4H当日前50,4H EMA9 已站上 EMA26，等待 26/50 确认；4H MACD 位于 Signal 上方；4H RSI 位于健康强势区间
2026-07-22,2026-08-11,Prism,Russell,HP,HELMERICH & PAYNE INC,Energy,44,1185,0.20794894,35.224998,42.549999,4H当日前50,4H EMA9 已站上 EMA26，等待 26/50 确认；4H MACD 位于 Signal 上方；4H MACD 柱体连续扩张；4H RSI 位于健康强势区间
2026-07-22,2026-08-11,Prism,Russell,PANL,PANGAEA LOGISTICS SOLUTIONS LTD,Industrials,45,1681,-0.07620321,7.480000,6.910000,4H当日前50,4H EMA9 已站上 EMA26，等待 26/50 确认；4H MACD 位于 Signal 上方；4H RSI 位于健康强势区间
2026-07-22,2026-08-11,Prism,Russell,NTGR,NETGEAR INC,Information Technology,46,723,-0.03127543,24.620001,23.850000,4H当日前50,4H EMA9 已站上 EMA26，等待 26/50 确认；4H MACD 位于 Signal 上方；4H MACD 柱体连续扩张；4H RSI 位于健康强势区间
2026-07-22,2026-08-11,Prism,Russell,LXU,LSB INDUSTRIES INC,Materials,47,1385,-0.15654008,11.850000,9.995000,4H当日前50,4H EMA9 已站上 EMA26，等待 26/50 确认；4H MACD 位于 Signal 上方；4H MACD 柱体连续扩张；4H RSI 位于健康强势区间
2026-07-22,2026-08-11,Prism,Russell,VTS,VITESSE ENERGY INC,Energy,48,58,0.03146627,15.890000,16.389999,4H当日前50,4H EMA9 已站上 EMA26，等待 26/50 确认；4H MACD 位于 Signal 上方；4H RSI 位于健康强势区间
2026-07-22,2026-08-11,Prism,Russell,VAL,VALARIS LTD,Energy,49,865,0.10364532,78.730003,86.889999,4H当日前50,4H EMA9 已站上 EMA26，等待 26/50 确认；4H MACD 位于 Signal 上方；4H MACD 柱体连续扩张；4H RSI 位于健康强势区间
2026-07-22,2026-08-11,Prism,Russell,KMT,KENNAMETAL INC,Industrials,50,1790,-0.12885117,34.730000,30.254999,4H当日前50,4H EMA9/26 最近金叉且价格在 EMA50 上方；4H MACD 位于 Signal 上方；4H MACD 柱体连续扩张；4H RSI 位于健康强势区间
2026-07-22,2026-08-11,Aster Call,Aster,ILPT,INDUSTRIAL LOGISTICS PROPERTIES TR,Real Estate,1,,-0.03066813,9.130000,8.850000,Aster当日前50,4H EMA 刚转强；4H MACD 新金叉
2026-07-22,2026-08-11,Aster Call,Aster,RCUS,ARCUS BIOSCIENCES INC,Health Care,2,,-0.04102735,29.980000,28.750000,Aster当日前50,4H EMA 刚转强；4H MACD 新金叉
2026-07-22,2026-08-11,Aster Call,Aster,CBOE,Cboe Global Markets,Financials,3,,0.00283669,282.024994,282.825012,Aster当日前50,4H EMA 刚转强；4H MACD 新金叉
2026-07-22,2026-08-11,Aster Call,Aster,CME,CME Group,Financials,4,,0.04044295,249.240005,259.320007,Aster当日前50,4H EMA 刚转强；4H MACD 新金叉
2026-07-22,2026-08-11,Aster Call,Aster,GWRS,GLOBAL WATER RESOURCES INC,Utilities,5,,0.06284916,7.160000,7.610000,Aster当日前50,4H EMA 刚转强；4H MACD 新金叉
2026-07-22,2026-08-11,Aster Call,Aster,MGEE,MGE ENERGY INC,Utilities,6,,-0.02349677,82.989998,81.040001,Aster当日前50,4H EMA 刚转强；4H MACD 新金叉
2026-07-22,2026-08-11,Aster Call,Aster,DUK,Duke Energy,Utilities,7,,-0.03697620,127.919998,123.190002,Aster当日前50,4H EMA 刚转强；4H MACD 新金叉
2026-07-22,2026-08-11,Aster Call,Aster,DGX,Quest Diagnostics,Health Care,8,,0.13067283,209.990005,237.429993,Aster当日前50,4H EMA 刚转强；4H MACD 新金叉
2026-07-22,2026-08-11,Aster Call,Aster,GLIBA,LIBERTY CAPITAL CORP SERIES A,Communication,9,,0.08318891,23.080000,25.000000,Aster当日前50,4H EMA 刚转强；4H MACD 新金叉
2026-07-22,2026-08-11,Aster Call,Aster,GM,General Motors,Consumer Discretionary,10,,0.08803122,82.129997,89.360001,Aster当日前50,4H EMA 刚转强；4H MACD 多头
2026-07-22,2026-08-11,Aster Call,Aster,SWK,Stanley Black & Decker,Industrials,11,,0.16500508,89.269997,104.000000,Aster当日前50,4H EMA 刚转强；4H MACD 新金叉
2026-07-22,2026-08-11,Aster Call,Aster,NTGR,NETGEAR INC,Information Technology,12,,-0.03127543,24.620001,23.850000,Aster当日前50,4H EMA 刚转强；4H MACD 多头
2026-07-22,2026-08-11,Aster Call,Aster,CNR,CORE NATURAL RESOURCES INC,Energy,13,,0.07112251,87.525002,93.750000,Aster当日前50,4H EMA 刚转强；4H MACD 多头
2026-07-22,2026-08-11,Aster Call,Aster,FDX,FedEx,Industrials,14,,0.00409683,320.980011,322.295013,Aster当日前50,4H EMA 刚转强；4H MACD 新金叉
2026-07-22,2026-08-11,Aster Call,Aster,PHAT,PHATHOM PHARMACEUTICALS INC,Health Care,15,,-0.27264957,11.700000,8.510000,Aster当日前50,4H EMA 刚转强；4H MACD 新金叉
2026-07-22,2026-08-11,Aster Call,Aster,PNRG,PRIMEENERGY RESOURCES CORP,Energy,16,,-0.03182605,193.395004,187.240005,Aster当日前50,4H EMA 刚转强；4H MACD 多头
2026-07-22,2026-08-11,Aster Call,Aster,DVN,Devon Energy,Energy,17,,0.01203747,44.860001,45.400002,Aster当日前50,4H EMA 刚转强；4H MACD 多头
2026-07-22,2026-08-11,Aster Call,Aster,TXT,Textron,Industrials,18,,-0.03856017,91.675003,88.139999,Aster当日前50,4H EMA 刚转强；4H MACD 多头
2026-07-22,2026-08-11,Aster Call,Aster,ALLE,Allegion,Industrials,19,,0.20299887,140.050003,168.479996,Aster当日前50,4H MACD 新金叉
2026-07-22,2026-08-11,Aster Call,Aster,BRKR,Bruker Corporation - Common Stock,,20,,-0.04553066,59.740002,57.020000,Aster当日前50,4H EMA 刚转强；4H MACD 新金叉
2026-07-22,2026-08-11,Aster Call,Aster,VVX,V2X INC,Industrials,21,,-0.00554215,81.014999,80.566002,Aster当日前50,4H EMA 刚转强；4H MACD 多头
2026-07-22,2026-08-11,Aster Call,Aster,GLIBK,LIBERTY CAPITAL CORP SERIES C,Communication,22,45,0.09126728,22.844999,24.930000,Aster当日前50,4H EMA 刚转强；4H MACD 新金叉
2026-07-22,2026-08-11,Aster Call,Aster,ARKO,ARKO,Consumer Discretionary,23,,-0.46088020,8.180000,4.410000,Aster当日前50,4H EMA 刚转强；4H MACD 新金叉
2026-07-22,2026-08-11,Aster Call,Aster,BKV,BKV CORP,Energy,24,49,-0.00150776,26.530001,26.490000,Aster当日前50,4H EMA 刚转强；4H MACD 新金叉
2026-07-22,2026-08-11,Aster Call,Aster,GATX,GATX CORP,Industrials,25,,-0.01494486,180.330002,177.634995,Aster当日前50,4H EMA 多头趋势；4H MACD 新金叉
2026-07-22,2026-08-11,Aster Call,Aster,ARWR,"Arrowhead Pharmaceuticals, Inc. - Common Stock",,26,,0.00608795,88.699997,89.239998,Aster当日前50,4H EMA 刚转强；4H MACD 新金叉
2026-07-22,2026-08-11,Aster Call,Aster,VSAT,VIASAT INC,Information Technology,27,,0.13647968,74.370003,84.519997,Aster当日前50,4H EMA 刚转强；4H MACD 新金叉
2026-07-22,2026-08-11,Aster Call,Aster,ICE,Intercontinental Exchange,Financials,28,,0.06107272,142.535004,151.240005,Aster当日前50,4H MACD 新金叉
2026-07-22,2026-08-11,Aster Call,Aster,CSTL,CASTLE BIOSCIENCES INC,Health Care,29,,0.29947615,24.809999,32.240002,Aster当日前50,4H EMA 多头趋势；4H MACD 新金叉
2026-07-22,2026-08-11,Aster Call,Aster,ECVT,ECOVYST INC,Materials,30,,-0.21930502,12.950000,10.110000,Aster当日前50,4H EMA 刚转强；4H MACD 多头
2026-07-22,2026-08-11,Aster Call,Aster,CIX,COMPX INTERNATIONAL INC CLASS A,Industrials,32,,0.20013375,26.184999,31.425501,Aster当日前50,4H EMA 刚转强；4H MACD 新金叉
2026-07-22,2026-08-11,Aster Call,Aster,CDRE,CADRE HOLDINGS INC,Industrials,33,,0.13798867,29.930000,34.060001,Aster当日前50,4H MACD 新金叉
2026-07-22,2026-08-11,Aster Call,Aster,FLR,FLUOR CORP,Industrials,34,,0.02694841,51.580002,52.970001,Aster当日前50,4H EMA 刚转强；4H MACD 多头
2026-07-22,2026-08-11,Aster Call,Aster,AVGO,Broadcom,Information Technology,35,,0.04856226,396.809998,416.079987,Aster当日前50,4H EMA 刚转强；4H MACD 新金叉
2026-07-22,2026-08-11,Aster Call,Aster,TPL,Texas Pacific Land Corporation,Energy,36,,-0.15776595,433.299988,364.940002,Aster当日前50,4H EMA 多头趋势；4H MACD 新金叉
2026-07-22,2026-08-11,Aster Call,Aster,TFIN,TRIUMPH FINANCIAL INC,Financials,37,,-0.06469011,81.620003,76.339996,Aster当日前50,4H EMA 多头趋势；4H MACD 新金叉
2026-07-22,2026-08-11,Aster Call,Aster,TWIN,TWIN DISC INC,Industrials,38,,0.03690992,23.299999,24.160000,Aster当日前50,4H EMA 多头趋势；4H MACD 新金叉
2026-07-22,2026-08-11,Aster Call,Aster,TWST,TWIST BIOSCIENCE CORP,Health Care,39,,0.30686768,94.209999,123.120003,Aster当日前50,4H EMA 多头趋势；4H MACD 新金叉
2026-07-22,2026-08-11,Aster Call,Aster,INVX,INNOVEX INTERNATIONAL INC,Energy,40,,0.10724531,27.190001,30.106001,Aster当日前50,4H EMA 刚转强；4H MACD 多头
2026-07-22,2026-08-11,Aster Call,Aster,CMP,COMPASS MINERALS INTERNATIONAL INC,Materials,41,,-0.10376889,30.115000,26.990000,Aster当日前50,4H EMA 刚转强；4H MACD 多头
2026-07-22,2026-08-11,Aster Call,Aster,CNX,CNX RESOURCES CORP,Energy,42,32,0.04272517,34.639999,36.119999,Aster当日前50,4H EMA 刚转强；4H MACD 多头
2026-07-22,2026-08-11,Aster Call,Aster,APA,APA Corporation,Energy,43,,0.12271971,36.180000,40.619999,Aster当日前50,4H EMA 刚转强；4H MACD 多头
2026-07-22,2026-08-11,Aster Call,Aster,EXE,Expand Energy,Energy,44,,0.05441666,93.169998,98.239998,Aster当日前50,4H EMA 刚转强；4H MACD 多头
2026-07-22,2026-08-11,Aster Call,Aster,HMH,HMH HOLDING INC CLASS A,Energy,45,,-0.05415672,21.049999,19.910000,Aster当日前50,4H EMA 刚转强；4H MACD 多头
2026-07-22,2026-08-11,Aster Call,Aster,CZR,"Caesars Entertainment, Inc. - Common Stock",,46,,-0.00668006,29.940001,29.740000,Aster当日前50,4H EMA 刚转强；4H MACD 新金叉
2026-07-22,2026-08-11,Aster Call,Aster,HPE,Hewlett Packard Enterprise,Information Technology,47,,0.12928586,48.149899,54.375000,Aster当日前50,4H EMA 刚转强；4H MACD 新金叉
2026-07-22,2026-08-11,Aster Call,Aster,UVV,UNIVERSAL CORP,Consumer Staples,48,,-0.13972089,53.750000,46.240002,Aster当日前50,4H EMA 刚转强；4H MACD 多头
2026-07-22,2026-08-11,Aster Call,Aster,ONC,BeOne Medicines Ltd. - American Depositary Shares,,49,,0.12296439,319.929993,359.269989,Aster当日前50,4H EMA 多头趋势；4H MACD 新金叉
2026-07-22,2026-08-11,Aster Call,Aster,RNGR,RANGER ENERGY SERVICES INC CLASS A,Energy,50,,0.05156525,16.290001,17.129999,Aster当日前50,4H EMA 多头趋势；4H MACD 新金叉
